<?xml version = '1.0' encoding = 'UTF-8'?>
<FKIndexAssociation class="oracle.dbtools.crest.model.design.relational.FKIndexAssociation" directorySegmentName="seg_0" id="06BAF8BD-ABE8-8A14-CD2B-1B976EDE963C" containerWithKeyObject="E3581CCB-DD7F-F060-239E-710A212BC3C8" localFKIndex="BB783BFA-6AF7-653D-7DA2-34A492A22AE5" name="FK_BORDERS_COUNTRY_2">
<sourceConnName>csora</sourceConnName>
<sourceObjSchema>RCHADDHA</sourceObjSchema>
<sourceObjName>FK_BORDERS_COUNTRY_2</sourceObjName>
<createdBy>risha</createdBy>
<createdTime>2021-12-03 03:28:46 UTC</createdTime>
<ownerDesignName>Project2SchemaDesign</ownerDesignName>
<referredTableLongName>RCHADDHA.COUNTRY</referredTableLongName>
<deleteRule>NO ACTION</deleteRule>
<referredTableID>FE393543-2673-B7DD-C87F-67DD08C466D9</referredTableID>
<keyObject>CC8C99A1-6F51-82DA-BDE5-CAAA85C522BC</keyObject>
<referredKeyID>CC8C99A1-6F51-82DA-BDE5-CAAA85C522BC</referredKeyID>
<mandatory>true</mandatory>
<refColNames>CODE</refColNames>
<transferable>true</transferable>
<rely>false</rely>
<columnDependencyConstraintGenerateInDDL>true</columnDependencyConstraintGenerateInDDL>
</FKIndexAssociation>