<?xml version = '1.0' encoding = 'UTF-8'?>
<FKIndexAssociation class="oracle.dbtools.crest.model.design.relational.FKIndexAssociation" directorySegmentName="seg_0" id="0C165B55-6029-1A98-57E9-3B82D40D7E06" containerWithKeyObject="35D783AA-5C61-33B3-CC81-ACE2C0997A6B" localFKIndex="0C98D4C8-69C0-BAB1-80F7-877472D259CB" name="FK_ORGANIZATION_CITY">
<sourceConnName>csora</sourceConnName>
<sourceObjSchema>RCHADDHA</sourceObjSchema>
<sourceObjName>FK_ORGANIZATION_CITY</sourceObjName>
<createdBy>risha</createdBy>
<createdTime>2021-12-03 03:28:46 UTC</createdTime>
<ownerDesignName>Project2SchemaDesign</ownerDesignName>
<referredTableLongName>RCHADDHA.CITY</referredTableLongName>
<deleteRule>NO ACTION</deleteRule>
<referredTableID>53119477-C080-3BE8-4DEA-470B41185EAB</referredTableID>
<keyObject>DA9E1C01-92B0-8FE0-2C23-8D965E1CCF65</keyObject>
<referredKeyID>DA9E1C01-92B0-8FE0-2C23-8D965E1CCF65</referredKeyID>
<mandatory>false</mandatory>
<refColNames>NAME,PROVINCE_NAME,COUNTRY_CODE</refColNames>
<transferable>true</transferable>
<rely>false</rely>
<columnDependencyConstraintGenerateInDDL>true</columnDependencyConstraintGenerateInDDL>
</FKIndexAssociation>