<?xml version = '1.0' encoding = 'UTF-8'?>
<FKIndexAssociation class="oracle.dbtools.crest.model.design.relational.FKIndexAssociation" directorySegmentName="seg_0" id="1080B35A-7BA6-2D72-ED6F-3C75E0A315D5" containerWithKeyObject="2BE7E9A9-2E07-F95A-7CBD-A95C1A1342F2" localFKIndex="F6008BFC-31B5-C721-DA07-87857C01F67C" name="FK_PROVINCE_LOCAL_NAME_PROVINCE">
<sourceConnName>csora</sourceConnName>
<sourceObjSchema>RCHADDHA</sourceObjSchema>
<sourceObjName>FK_PROVINCE_LOCAL_NAME_PROVINCE</sourceObjName>
<createdBy>risha</createdBy>
<createdTime>2021-12-03 03:28:46 UTC</createdTime>
<ownerDesignName>Project2SchemaDesign</ownerDesignName>
<referredTableLongName>RCHADDHA.PROVINCE</referredTableLongName>
<deleteRule>NO ACTION</deleteRule>
<referredTableID>2FC9F962-3A01-410B-7AE6-9B2F8575A549</referredTableID>
<keyObject>2973BE1A-F6A6-E0C6-C66A-3266B22FF7D8</keyObject>
<referredKeyID>2973BE1A-F6A6-E0C6-C66A-3266B22FF7D8</referredKeyID>
<mandatory>true</mandatory>
<refColNames>NAME,COUNTRY_CODE</refColNames>
<transferable>true</transferable>
<rely>false</rely>
<columnDependencyConstraintGenerateInDDL>true</columnDependencyConstraintGenerateInDDL>
</FKIndexAssociation>