<?xml version = '1.0' encoding = 'UTF-8'?>
<FKIndexAssociation class="oracle.dbtools.crest.model.design.relational.FKIndexAssociation" directorySegmentName="seg_0" id="292DBA28-61C2-9226-6BE5-A8077E6890C9" containerWithKeyObject="2FC9F962-3A01-410B-7AE6-9B2F8575A549" localFKIndex="3D0C7B91-1A6E-C53E-CA39-29372F60CB96" name="FK_PROVINCE_COUNTRY">
<sourceConnName>csora</sourceConnName>
<sourceObjSchema>RCHADDHA</sourceObjSchema>
<sourceObjName>FK_PROVINCE_COUNTRY</sourceObjName>
<createdBy>risha</createdBy>
<createdTime>2021-12-03 03:28:46 UTC</createdTime>
<ownerDesignName>Project2SchemaDesign</ownerDesignName>
<referredTableLongName>RCHADDHA.COUNTRY</referredTableLongName>
<deleteRule>NO ACTION</deleteRule>
<referredTableID>FE393543-2673-B7DD-C87F-67DD08C466D9</referredTableID>
<keyObject>CC8C99A1-6F51-82DA-BDE5-CAAA85C522BC</keyObject>
<referredKeyID>CC8C99A1-6F51-82DA-BDE5-CAAA85C522BC</referredKeyID>
<mandatory>true</mandatory>
<refColNames>CODE</refColNames>
<transferable>true</transferable>
<rely>false</rely>
<columnDependencyConstraintGenerateInDDL>true</columnDependencyConstraintGenerateInDDL>
</FKIndexAssociation>