<?xml version = '1.0' encoding = 'UTF-8'?>
<FKIndexAssociation class="oracle.dbtools.crest.model.design.relational.FKIndexAssociation" directorySegmentName="seg_0" id="32385AFA-4DDE-1B3B-9CBA-091D234D68C7" containerWithKeyObject="E6E84077-6CBB-31B0-449F-A44C5192E88F" localFKIndex="24F22979-F410-5654-CFF4-A998FD1AEBFB" name="FK_CITY_LOCAL_NAME_CITY">
<sourceConnName>csora</sourceConnName>
<sourceObjSchema>RCHADDHA</sourceObjSchema>
<sourceObjName>FK_CITY_LOCAL_NAME_CITY</sourceObjName>
<createdBy>risha</createdBy>
<createdTime>2021-12-03 03:28:46 UTC</createdTime>
<ownerDesignName>Project2SchemaDesign</ownerDesignName>
<referredTableLongName>RCHADDHA.CITY</referredTableLongName>
<deleteRule>NO ACTION</deleteRule>
<referredTableID>53119477-C080-3BE8-4DEA-470B41185EAB</referredTableID>
<keyObject>DA9E1C01-92B0-8FE0-2C23-8D965E1CCF65</keyObject>
<referredKeyID>DA9E1C01-92B0-8FE0-2C23-8D965E1CCF65</referredKeyID>
<mandatory>true</mandatory>
<refColNames>NAME,PROVINCE_NAME,COUNTRY_CODE</refColNames>
<transferable>true</transferable>
<rely>false</rely>
<columnDependencyConstraintGenerateInDDL>true</columnDependencyConstraintGenerateInDDL>
</FKIndexAssociation>