<?xml version = '1.0' encoding = 'UTF-8'?>
<FKIndexAssociation class="oracle.dbtools.crest.model.design.relational.FKIndexAssociation" directorySegmentName="seg_0" id="337D795E-6A8E-3EA8-749C-ECF3EA926D65" containerWithKeyObject="17E6FD3B-3336-5209-60DE-D5446201DEF5" localFKIndex="D0526D2F-CE30-D056-1728-EA1FBAED4FB0" name="FK_PROVINCE_CAPITAL_PROVINCE">
<sourceConnName>csora</sourceConnName>
<sourceObjSchema>RCHADDHA</sourceObjSchema>
<sourceObjName>FK_PROVINCE_CAPITAL_PROVINCE</sourceObjName>
<createdBy>risha</createdBy>
<createdTime>2021-12-03 03:28:46 UTC</createdTime>
<ownerDesignName>Project2SchemaDesign</ownerDesignName>
<referredTableLongName>RCHADDHA.PROVINCE</referredTableLongName>
<deleteRule>NO ACTION</deleteRule>
<referredTableID>2FC9F962-3A01-410B-7AE6-9B2F8575A549</referredTableID>
<keyObject>2973BE1A-F6A6-E0C6-C66A-3266B22FF7D8</keyObject>
<referredKeyID>2973BE1A-F6A6-E0C6-C66A-3266B22FF7D8</referredKeyID>
<mandatory>true</mandatory>
<refColNames>NAME,COUNTRY_CODE</refColNames>
<transferable>true</transferable>
<rely>false</rely>
<columnDependencyConstraintGenerateInDDL>true</columnDependencyConstraintGenerateInDDL>
</FKIndexAssociation>