<?xml version = '1.0' encoding = 'UTF-8'?>
<FKIndexAssociation class="oracle.dbtools.crest.model.design.relational.FKIndexAssociation" directorySegmentName="seg_0" id="343A770D-C4A4-BF54-8F12-FE663B3F6C1C" containerWithKeyObject="131C5299-7E9C-642E-475F-423CFFA3AE08" localFKIndex="FAC96A13-1386-6014-F18C-FE3DAD4ADE8E" name="FK_IS_MEMBER_COUNTRY">
<sourceConnName>csora</sourceConnName>
<sourceObjSchema>RCHADDHA</sourceObjSchema>
<sourceObjName>FK_IS_MEMBER_COUNTRY</sourceObjName>
<createdBy>risha</createdBy>
<createdTime>2021-12-03 03:28:46 UTC</createdTime>
<ownerDesignName>Project2SchemaDesign</ownerDesignName>
<referredTableLongName>RCHADDHA.COUNTRY</referredTableLongName>
<deleteRule>NO ACTION</deleteRule>
<referredTableID>FE393543-2673-B7DD-C87F-67DD08C466D9</referredTableID>
<keyObject>CC8C99A1-6F51-82DA-BDE5-CAAA85C522BC</keyObject>
<referredKeyID>CC8C99A1-6F51-82DA-BDE5-CAAA85C522BC</referredKeyID>
<mandatory>true</mandatory>
<refColNames>CODE</refColNames>
<transferable>true</transferable>
<rely>false</rely>
<columnDependencyConstraintGenerateInDDL>true</columnDependencyConstraintGenerateInDDL>
</FKIndexAssociation>