<?xml version = '1.0' encoding = 'UTF-8'?>
<FKIndexAssociation class="oracle.dbtools.crest.model.design.relational.FKIndexAssociation" directorySegmentName="seg_0" id="36AC2CB2-EB88-BAF6-88BA-B8E21D405C18" containerWithKeyObject="DD10470E-17A8-FA18-3B97-0DF1ECADF9FA" localFKIndex="811C3D70-07AA-A96E-C817-49F47C0B8C61" name="FK_POLITICS_COUNTRY">
<sourceConnName>csora</sourceConnName>
<sourceObjSchema>RCHADDHA</sourceObjSchema>
<sourceObjName>FK_POLITICS_COUNTRY</sourceObjName>
<createdBy>risha</createdBy>
<createdTime>2021-12-03 03:28:46 UTC</createdTime>
<ownerDesignName>Project2SchemaDesign</ownerDesignName>
<referredTableLongName>RCHADDHA.COUNTRY</referredTableLongName>
<deleteRule>NO ACTION</deleteRule>
<referredTableID>FE393543-2673-B7DD-C87F-67DD08C466D9</referredTableID>
<keyObject>CC8C99A1-6F51-82DA-BDE5-CAAA85C522BC</keyObject>
<referredKeyID>CC8C99A1-6F51-82DA-BDE5-CAAA85C522BC</referredKeyID>
<mandatory>true</mandatory>
<refColNames>CODE</refColNames>
<transferable>true</transferable>
<rely>false</rely>
<columnDependencyConstraintGenerateInDDL>true</columnDependencyConstraintGenerateInDDL>
</FKIndexAssociation>