<?xml version = '1.0' encoding = 'UTF-8'?>
<FKIndexAssociation class="oracle.dbtools.crest.model.design.relational.FKIndexAssociation" directorySegmentName="seg_0" id="4954BE4A-DF29-D470-6F40-BC4233D16784" containerWithKeyObject="92F9F9B6-2DC7-6AF4-E65D-E05BF93934D2" localFKIndex="7B149A4A-F3BF-E012-557F-C0E25E97CFE1" name="FN_AIRPORT_ISLAND">
<sourceConnName>csora</sourceConnName>
<sourceObjSchema>RCHADDHA</sourceObjSchema>
<sourceObjName>FN_AIRPORT_ISLAND</sourceObjName>
<createdBy>risha</createdBy>
<createdTime>2021-12-03 03:28:46 UTC</createdTime>
<ownerDesignName>Project2SchemaDesign</ownerDesignName>
<referredTableLongName>RCHADDHA.LOCATED_ON</referredTableLongName>
<deleteRule>NO ACTION</deleteRule>
<referredTableID>FE791BB6-C33B-AC9A-D34B-A5CCDB92B095</referredTableID>
<keyObject>D77272C6-21A8-F3E0-B2EB-FD289C0F9586</keyObject>
<referredKeyID>D77272C6-21A8-F3E0-B2EB-FD289C0F9586</referredKeyID>
<mandatory>false</mandatory>
<refColNames>CITY_NAME,PROVINCE_NAME,COUNTRY_CODE,ISLAND</refColNames>
<transferable>true</transferable>
<rely>false</rely>
<columnDependencyConstraintGenerateInDDL>true</columnDependencyConstraintGenerateInDDL>
</FKIndexAssociation>