<?xml version = '1.0' encoding = 'UTF-8'?>
<FKIndexAssociation class="oracle.dbtools.crest.model.design.relational.FKIndexAssociation" directorySegmentName="seg_0" id="8CE66CD2-078E-0DE7-0C9A-584907DD0726" containerWithKeyObject="9604D163-6F96-D72D-30C2-E90ECCBF0508" localFKIndex="771392C3-8794-EDA4-8385-413B0ECC4894" name="FK_COUNTRY_CONTINENT_CONTINENT">
<sourceConnName>csora</sourceConnName>
<sourceObjSchema>RCHADDHA</sourceObjSchema>
<sourceObjName>FK_COUNTRY_CONTINENT_CONTINENT</sourceObjName>
<createdBy>risha</createdBy>
<createdTime>2021-12-03 03:28:46 UTC</createdTime>
<ownerDesignName>Project2SchemaDesign</ownerDesignName>
<referredTableLongName>RCHADDHA.CONTINENT</referredTableLongName>
<deleteRule>NO ACTION</deleteRule>
<referredTableID>603E10C0-08D3-123E-CA1A-62B2CE201409</referredTableID>
<keyObject>298A13B5-BD64-0AA5-7E42-AE11E9342EE3</keyObject>
<referredKeyID>298A13B5-BD64-0AA5-7E42-AE11E9342EE3</referredKeyID>
<mandatory>true</mandatory>
<refColNames>NAME</refColNames>
<transferable>true</transferable>
<rely>false</rely>
<columnDependencyConstraintGenerateInDDL>true</columnDependencyConstraintGenerateInDDL>
</FKIndexAssociation>