<?xml version = '1.0' encoding = 'UTF-8'?>
<FKIndexAssociation class="oracle.dbtools.crest.model.design.relational.FKIndexAssociation" directorySegmentName="seg_0" id="8F8AA9B1-D851-7EF9-36C0-285C6B31F6A8" containerWithKeyObject="E3581CCB-DD7F-F060-239E-710A212BC3C8" localFKIndex="B49C79A9-BD6D-5C5B-F3CB-A478F0405B65" name="FK_BORDERS_COUNTRY_1">
<sourceConnName>csora</sourceConnName>
<sourceObjSchema>RCHADDHA</sourceObjSchema>
<sourceObjName>FK_BORDERS_COUNTRY_1</sourceObjName>
<createdBy>risha</createdBy>
<createdTime>2021-12-03 03:28:46 UTC</createdTime>
<ownerDesignName>Project2SchemaDesign</ownerDesignName>
<referredTableLongName>RCHADDHA.COUNTRY</referredTableLongName>
<deleteRule>NO ACTION</deleteRule>
<referredTableID>FE393543-2673-B7DD-C87F-67DD08C466D9</referredTableID>
<keyObject>CC8C99A1-6F51-82DA-BDE5-CAAA85C522BC</keyObject>
<referredKeyID>CC8C99A1-6F51-82DA-BDE5-CAAA85C522BC</referredKeyID>
<mandatory>true</mandatory>
<refColNames>CODE</refColNames>
<transferable>true</transferable>
<rely>false</rely>
<columnDependencyConstraintGenerateInDDL>true</columnDependencyConstraintGenerateInDDL>
</FKIndexAssociation>