<?xml version = '1.0' encoding = 'UTF-8'?>
<FKIndexAssociation class="oracle.dbtools.crest.model.design.relational.FKIndexAssociation" directorySegmentName="seg_0" id="B71DDD5B-7F0C-7940-1464-32CFF464A2AE" containerWithKeyObject="3004AE91-47AF-7757-BFBB-EB5F9DE3D257" localFKIndex="B65C3853-0394-C82C-51D4-ACE46F784E0A" name="FK_CITY_POPULATIONS_CITY">
<sourceConnName>csora</sourceConnName>
<sourceObjSchema>RCHADDHA</sourceObjSchema>
<sourceObjName>FK_CITY_POPULATIONS_CITY</sourceObjName>
<createdBy>risha</createdBy>
<createdTime>2021-12-03 03:28:46 UTC</createdTime>
<ownerDesignName>Project2SchemaDesign</ownerDesignName>
<referredTableLongName>RCHADDHA.CITY</referredTableLongName>
<deleteRule>NO ACTION</deleteRule>
<referredTableID>53119477-C080-3BE8-4DEA-470B41185EAB</referredTableID>
<keyObject>DA9E1C01-92B0-8FE0-2C23-8D965E1CCF65</keyObject>
<referredKeyID>DA9E1C01-92B0-8FE0-2C23-8D965E1CCF65</referredKeyID>
<mandatory>true</mandatory>
<refColNames>NAME,PROVINCE_NAME,COUNTRY_CODE</refColNames>
<transferable>true</transferable>
<rely>false</rely>
<columnDependencyConstraintGenerateInDDL>true</columnDependencyConstraintGenerateInDDL>
</FKIndexAssociation>