<?xml version = '1.0' encoding = 'UTF-8'?>
<FKIndexAssociation class="oracle.dbtools.crest.model.design.relational.FKIndexAssociation" directorySegmentName="seg_0" id="C9929122-FD41-2004-3C5F-6C8650A4482A" containerWithKeyObject="B36AF580-F995-2CAE-2474-8B71C64ED978" localFKIndex="06FF81FA-E828-5F76-8EAE-D0DFDB17A39F" name="FK_CITY_OTHER_NAME_CITY">
<sourceConnName>csora</sourceConnName>
<sourceObjSchema>RCHADDHA</sourceObjSchema>
<sourceObjName>FK_CITY_OTHER_NAME_CITY</sourceObjName>
<createdBy>risha</createdBy>
<createdTime>2021-12-03 03:28:46 UTC</createdTime>
<ownerDesignName>Project2SchemaDesign</ownerDesignName>
<referredTableLongName>RCHADDHA.CITY</referredTableLongName>
<deleteRule>NO ACTION</deleteRule>
<referredTableID>53119477-C080-3BE8-4DEA-470B41185EAB</referredTableID>
<keyObject>DA9E1C01-92B0-8FE0-2C23-8D965E1CCF65</keyObject>
<referredKeyID>DA9E1C01-92B0-8FE0-2C23-8D965E1CCF65</referredKeyID>
<mandatory>true</mandatory>
<refColNames>NAME,PROVINCE_NAME,COUNTRY_CODE</refColNames>
<transferable>true</transferable>
<rely>false</rely>
<columnDependencyConstraintGenerateInDDL>true</columnDependencyConstraintGenerateInDDL>
</FKIndexAssociation>