<?xml version = '1.0' encoding = 'UTF-8'?>
<FKIndexAssociation class="oracle.dbtools.crest.model.design.relational.FKIndexAssociation" directorySegmentName="seg_0" id="CB78FB92-DC6B-74F3-67E3-2E0C57350AED" containerWithKeyObject="442B458F-C5FD-BD23-2BC9-B4472F678186" localFKIndex="3B0B0D1F-9E25-48D5-7602-63C7365C1E90" name="FK_PROVINCE_OTHER_NAME_PROVINCE">
<sourceConnName>csora</sourceConnName>
<sourceObjSchema>RCHADDHA</sourceObjSchema>
<sourceObjName>FK_PROVINCE_OTHER_NAME_PROVINCE</sourceObjName>
<createdBy>risha</createdBy>
<createdTime>2021-12-03 03:28:46 UTC</createdTime>
<ownerDesignName>Project2SchemaDesign</ownerDesignName>
<referredTableLongName>RCHADDHA.PROVINCE</referredTableLongName>
<deleteRule>NO ACTION</deleteRule>
<referredTableID>2FC9F962-3A01-410B-7AE6-9B2F8575A549</referredTableID>
<keyObject>2973BE1A-F6A6-E0C6-C66A-3266B22FF7D8</keyObject>
<referredKeyID>2973BE1A-F6A6-E0C6-C66A-3266B22FF7D8</referredKeyID>
<mandatory>true</mandatory>
<refColNames>NAME,COUNTRY_CODE</refColNames>
<transferable>true</transferable>
<rely>false</rely>
<columnDependencyConstraintGenerateInDDL>true</columnDependencyConstraintGenerateInDDL>
</FKIndexAssociation>