<?xml version = '1.0' encoding = 'UTF-8'?>
<FKIndexAssociation class="oracle.dbtools.crest.model.design.relational.FKIndexAssociation" directorySegmentName="seg_0" id="DBC2F85F-2DD1-2D83-92F6-82BE48CBB0B2" containerWithKeyObject="FE791BB6-C33B-AC9A-D34B-A5CCDB92B095" localFKIndex="FF749465-6AD6-884F-C6F5-7EEA62200B31" name="FK_LOCATED_ON_CITY">
<sourceConnName>csora</sourceConnName>
<sourceObjSchema>RCHADDHA</sourceObjSchema>
<sourceObjName>FK_LOCATED_ON_CITY</sourceObjName>
<createdBy>risha</createdBy>
<createdTime>2021-12-03 03:28:46 UTC</createdTime>
<ownerDesignName>Project2SchemaDesign</ownerDesignName>
<referredTableLongName>RCHADDHA.CITY</referredTableLongName>
<deleteRule>NO ACTION</deleteRule>
<referredTableID>53119477-C080-3BE8-4DEA-470B41185EAB</referredTableID>
<keyObject>DA9E1C01-92B0-8FE0-2C23-8D965E1CCF65</keyObject>
<referredKeyID>DA9E1C01-92B0-8FE0-2C23-8D965E1CCF65</referredKeyID>
<mandatory>true</mandatory>
<refColNames>NAME,PROVINCE_NAME,COUNTRY_CODE</refColNames>
<transferable>true</transferable>
<rely>false</rely>
<columnDependencyConstraintGenerateInDDL>true</columnDependencyConstraintGenerateInDDL>
</FKIndexAssociation>