<?xml version = '1.0' encoding = 'UTF-8'?>
<FKIndexAssociation class="oracle.dbtools.crest.model.design.relational.FKIndexAssociation" directorySegmentName="seg_0" id="DE2EC88C-D40F-236B-E91B-D1EE6CFBFC67" containerWithKeyObject="131C5299-7E9C-642E-475F-423CFFA3AE08" localFKIndex="68FF561B-2BE2-66A0-792C-67C7D05811E4" name="FK_IS_MEMBER_ORGANIZATION">
<sourceConnName>csora</sourceConnName>
<sourceObjSchema>RCHADDHA</sourceObjSchema>
<sourceObjName>FK_IS_MEMBER_ORGANIZATION</sourceObjName>
<createdBy>risha</createdBy>
<createdTime>2021-12-03 03:28:46 UTC</createdTime>
<ownerDesignName>Project2SchemaDesign</ownerDesignName>
<referredTableLongName>RCHADDHA.ORGANIZATION</referredTableLongName>
<deleteRule>NO ACTION</deleteRule>
<referredTableID>35D783AA-5C61-33B3-CC81-ACE2C0997A6B</referredTableID>
<keyObject>997B81BA-25B2-5CA0-0290-6A50107C068C</keyObject>
<referredKeyID>997B81BA-25B2-5CA0-0290-6A50107C068C</referredKeyID>
<mandatory>true</mandatory>
<refColNames>ABBREVIATION</refColNames>
<transferable>true</transferable>
<rely>false</rely>
<columnDependencyConstraintGenerateInDDL>true</columnDependencyConstraintGenerateInDDL>
</FKIndexAssociation>