<?xml version = '1.0' encoding = 'UTF-8'?>
<FKIndexAssociation class="oracle.dbtools.crest.model.design.relational.FKIndexAssociation" directorySegmentName="seg_0" id="E566F17E-51D0-A5BA-068C-113DB36B446C" containerWithKeyObject="53119477-C080-3BE8-4DEA-470B41185EAB" localFKIndex="D363E871-ED76-A96D-7607-6C740A1C9612" name="FK_CITY_PROVINCE">
<sourceConnName>csora</sourceConnName>
<sourceObjSchema>RCHADDHA</sourceObjSchema>
<sourceObjName>FK_CITY_PROVINCE</sourceObjName>
<createdBy>risha</createdBy>
<createdTime>2021-12-03 03:28:46 UTC</createdTime>
<ownerDesignName>Project2SchemaDesign</ownerDesignName>
<referredTableLongName>RCHADDHA.PROVINCE</referredTableLongName>
<deleteRule>NO ACTION</deleteRule>
<referredTableID>2FC9F962-3A01-410B-7AE6-9B2F8575A549</referredTableID>
<keyObject>2973BE1A-F6A6-E0C6-C66A-3266B22FF7D8</keyObject>
<referredKeyID>2973BE1A-F6A6-E0C6-C66A-3266B22FF7D8</referredKeyID>
<mandatory>true</mandatory>
<refColNames>NAME,COUNTRY_CODE</refColNames>
<transferable>true</transferable>
<rely>false</rely>
<columnDependencyConstraintGenerateInDDL>true</columnDependencyConstraintGenerateInDDL>
</FKIndexAssociation>