<?xml version = '1.0' encoding = 'UTF-8'?>
<UserOraclev10g class="oracle.dbtools.crest.model.design.storage.oracle.v10g.UserOraclev10g" name="RCHADDHA" directorySegmentName="seg_0" id="032D1EB0-A2D4-BC80-FA56-107A53D20F6A">
<sourceConnName>csora</sourceConnName>
<sourceObjName>RCHADDHA</sourceObjName>
<createdBy>risha</createdBy>
<createdTime>2021-12-03 03:28:35 UTC</createdTime>
<ownerDesignName>Project2SchemaDesign</ownerDesignName>
<schemaObject>42B4711F-9896-BD1E-55F5-EAB2ACED0F80</schemaObject>
</UserOraclev10g>