{
  "results" : [
    {
      "columns" : [
        {
          "name" : "NAME",
          "type" : "VARCHAR2"
        },
        {
          "name" : "CODE",
          "type" : "VARCHAR2"
        },
        {
          "name" : "CAPITAL",
          "type" : "VARCHAR2"
        },
        {
          "name" : "PROVINCE",
          "type" : "VARCHAR2"
        },
        {
          "name" : "AREA",
          "type" : "NUMBER"
        },
        {
          "name" : "POPULATION",
          "type" : "NUMBER"
        },
        {
          "name" : "ENCOMPASSES_CONTINENT",
          "type" : "VARCHAR2"
        },
        {
          "name" : "ENCOMPASS_PERCENTAGE",
          "type" : "NUMBER"
        },
        {
          "name" : "CONTINENT_AREA",
          "type" : "NUMBER"
        }
      ],
      "items" : [
        {
          "name" : "Albania",
          "code" : "AL",
          "capital" : "Tirana",
          "province" : "Albania",
          "area" : 28750,
          "population" : 2821977,
          "encompasses_continent" : "Europe",
          "encompass_percentage" : 100,
          "continent_area" : 10523000
        },
        {
          "name" : "Greece",
          "code" : "GR",
          "capital" : "Athina",
          "province" : "Attikis",
          "area" : 131940,
          "population" : 10816286,
          "encompasses_continent" : "Europe",
          "encompass_percentage" : 100,
          "continent_area" : 10523000
        },
        {
          "name" : "Cyprus",
          "code" : "CY",
          "capital" : "Lefkosia",
          "province" : "Cyprus",
          "area" : 9251,
          "population" : 1133803,
          "encompasses_continent" : "Europe",
          "encompass_percentage" : 100,
          "continent_area" : 10523000
        },
        {
          "name" : "North Macedonia",
          "code" : "MK",
          "capital" : "Skopje",
          "province" : "North Macedonia",
          "area" : 25333,
          "population" : 2059794,
          "encompasses_continent" : "Europe",
          "encompass_percentage" : 100,
          "continent_area" : 10523000
        },
        {
          "name" : "Serbia",
          "code" : "SRB",
          "capital" : "Beograd",
          "province" : "Serbia",
          "area" : 77474,
          "population" : 7120666,
          "encompasses_continent" : "Europe",
          "encompass_percentage" : 100,
          "continent_area" : 10523000
        },
        {
          "name" : "Montenegro",
          "code" : "MNE",
          "capital" : "Podgorica",
          "province" : "Montenegro",
          "area" : 14026,
          "population" : 620029,
          "encompasses_continent" : "Europe",
          "encompass_percentage" : 100,
          "continent_area" : 10523000
        },
        {
          "name" : "Kosovo",
          "code" : "KOS",
          "capital" : "Prishtine",
          "province" : "Kosovo",
          "area" : 10887,
          "population" : 1733872,
          "encompasses_continent" : "Europe",
          "encompass_percentage" : 100,
          "continent_area" : 10523000
        },
        {
          "name" : "Andorra",
          "code" : "AND",
          "capital" : "Andorra la Vella",
          "province" : "Andorra",
          "area" : 450,
          "population" : 78115,
          "encompasses_continent" : "Europe",
          "encompass_percentage" : 100,
          "continent_area" : 10523000
        },
        {
          "name" : "France",
          "code" : "F",
          "capital" : "Paris",
          "province" : "Île-de-France",
          "area" : 547030,
          "population" : 64300821,
          "encompasses_continent" : "Europe",
          "encompass_percentage" : 100,
          "continent_area" : 10523000
        },
        {
          "name" : "Spain",
          "code" : "E",
          "capital" : "Madrid",
          "province" : "Madrid",
          "area" : 504750,
          "population" : 46815916,
          "encompasses_continent" : "Europe",
          "encompass_percentage" : 100,
          "continent_area" : 10523000
        },
        {
          "name" : "Czech Republic",
          "code" : "CZ",
          "capital" : "Praha",
          "province" : "Praha",
          "area" : 78703,
          "population" : 10562214,
          "encompasses_continent" : "Europe",
          "encompass_percentage" : 100,
          "continent_area" : 10523000
        },
        {
          "name" : "Slovakia",
          "code" : "SK",
          "capital" : "Bratislava",
          "province" : "Bratislavský",
          "area" : 48845,
          "population" : 5397036,
          "encompasses_continent" : "Europe",
          "encompass_percentage" : 100,
          "continent_area" : 10523000
        },
        {
          "name" : "Germany",
          "code" : "D",
          "capital" : "Berlin",
          "province" : "Berlin",
          "area" : 356910,
          "population" : 82521653,
          "encompasses_continent" : "Europe",
          "encompass_percentage" : 100,
          "continent_area" : 10523000
        },
        {
          "name" : "Hungary",
          "code" : "H",
          "capital" : "Budapest",
          "province" : "Budapest",
          "area" : 93030,
          "population" : 9937628,
          "encompasses_continent" : "Europe",
          "encompass_percentage" : 100,
          "continent_area" : 10523000
        },
        {
          "name" : "Italy",
          "code" : "I",
          "capital" : "Roma",
          "province" : "Lazio",
          "area" : 301230,
          "population" : 59433744,
          "encompasses_continent" : "Europe",
          "encompass_percentage" : 100,
          "continent_area" : 10523000
        },
        {
          "name" : "Switzerland",
          "code" : "CH",
          "capital" : "Bern",
          "province" : "Bern",
          "area" : 41290,
          "population" : 8139631,
          "encompasses_continent" : "Europe",
          "encompass_percentage" : 100,
          "continent_area" : 10523000
        },
        {
          "name" : "Liechtenstein",
          "code" : "FL",
          "capital" : "Vaduz",
          "province" : "Liechtenstein",
          "area" : 160,
          "population" : 36149,
          "encompasses_continent" : "Europe",
          "encompass_percentage" : 100,
          "continent_area" : 10523000
        },
        {
          "name" : "Austria",
          "code" : "A",
          "capital" : "Wien",
          "province" : "Wien",
          "area" : 83850,
          "population" : 8499759,
          "encompasses_continent" : "Europe",
          "encompass_percentage" : 100,
          "continent_area" : 10523000
        },
        {
          "name" : "Estonia",
          "code" : "EST",
          "capital" : "Tallinn",
          "province" : "Estonia",
          "area" : 45100,
          "population" : 1294455,
          "encompasses_continent" : "Europe",
          "encompass_percentage" : 100,
          "continent_area" : 10523000
        },
        {
          "name" : "Latvia",
          "code" : "LV",
          "capital" : "Rīga",
          "province" : "Latvia",
          "area" : 64100,
          "population" : 2201196,
          "encompasses_continent" : "Europe",
          "encompass_percentage" : 100,
          "continent_area" : 10523000
        },
        {
          "name" : "Lithuania",
          "code" : "LT",
          "capital" : "Vilnius",
          "province" : "Lithuania",
          "area" : 65200,
          "population" : 2979310,
          "encompasses_continent" : "Europe",
          "encompass_percentage" : 100,
          "continent_area" : 10523000
        },
        {
          "name" : "Belarus",
          "code" : "BY",
          "capital" : "Minsk",
          "province" : "Minsk City",
          "area" : 207600,
          "population" : 9460692,
          "encompasses_continent" : "Europe",
          "encompass_percentage" : 100,
          "continent_area" : 10523000
        },
        {
          "name" : "Poland",
          "code" : "PL",
          "capital" : "Warszawa",
          "province" : "Mazowieckie",
          "area" : 312683,
          "population" : 38533789,
          "encompasses_continent" : "Europe",
          "encompass_percentage" : 100,
          "continent_area" : 10523000
        },
        {
          "name" : "Ukraine",
          "code" : "UA",
          "capital" : "Kyïv",
          "province" : "Kyïv",
          "area" : 603700,
          "population" : 45633637,
          "encompasses_continent" : "Europe",
          "encompass_percentage" : 100,
          "continent_area" : 10523000
        },
        {
          "name" : "Russia",
          "code" : "R",
          "capital" : "Moskva",
          "province" : "Moscow",
          "area" : 17075200,
          "population" : 143666931,
          "encompasses_continent" : "Europe",
          "encompass_percentage" : 23.15,
          "continent_area" : 10523000
        },
        {
          "name" : "Russia",
          "code" : "R",
          "capital" : "Moskva",
          "province" : "Moscow",
          "area" : 17075200,
          "population" : 143666931,
          "encompasses_continent" : "Asia",
          "encompass_percentage" : 76.85,
          "continent_area" : 44614500
        },
        {
          "name" : "Belgium",
          "code" : "B",
          "capital" : "Bruxelles",
          "province" : "Bruxelles",
          "area" : 30510,
          "population" : 11099554,
          "encompasses_continent" : "Europe",
          "encompass_percentage" : 100,
          "continent_area" : 10523000
        },
        {
          "name" : "Luxembourg",
          "code" : "L",
          "capital" : "Luxembourg",
          "province" : "Luxembourg",
          "area" : 2586,
          "population" : 524853,
          "encompasses_continent" : "Europe",
          "encompass_percentage" : 100,
          "continent_area" : 10523000
        },
        {
          "name" : "Netherlands",
          "code" : "NL",
          "capital" : "Amsterdam",
          "province" : "Noord-Holland",
          "area" : 37330,
          "population" : 16843181,
          "encompasses_continent" : "Europe",
          "encompass_percentage" : 100,
          "continent_area" : 10523000
        },
        {
          "name" : "Slovenia",
          "code" : "SLO",
          "capital" : "Ljubljana",
          "province" : "Slovenia",
          "area" : 20256,
          "population" : 2058821,
          "encompasses_continent" : "Europe",
          "encompass_percentage" : 100,
          "continent_area" : 10523000
        },
        {
          "name" : "Croatia",
          "code" : "HR",
          "capital" : "Zagreb",
          "province" : "Croatia",
          "area" : 56538,
          "population" : 4290612,
          "encompasses_continent" : "Europe",
          "encompass_percentage" : 100,
          "continent_area" : 10523000
        },
        {
          "name" : "Bosnia and Herzegovina",
          "code" : "BIH",
          "capital" : "Sarajevo",
          "province" : "Federacija Bosne i Hercegovine",
          "area" : 51233,
          "population" : 3791622,
          "encompasses_continent" : "Europe",
          "encompass_percentage" : 100,
          "continent_area" : 10523000
        },
        {
          "name" : "Bulgaria",
          "code" : "BG",
          "capital" : "Sofia",
          "province" : "Bulgaria",
          "area" : 110910,
          "population" : 7351234,
          "encompasses_continent" : "Europe",
          "encompass_percentage" : 100,
          "continent_area" : 10523000
        },
        {
          "name" : "Romania",
          "code" : "RO",
          "capital" : "Bucureşti",
          "province" : "Bucureşti",
          "area" : 237500,
          "population" : 20121641,
          "encompasses_continent" : "Europe",
          "encompass_percentage" : 100,
          "continent_area" : 10523000
        },
        {
          "name" : "Denmark",
          "code" : "DK",
          "capital" : "Copenhagen",
          "province" : "Hovedstaden",
          "area" : 43070,
          "population" : 5678348,
          "encompasses_continent" : "Europe",
          "encompass_percentage" : 100,
          "continent_area" : 10523000
        },
        {
          "name" : "Iceland",
          "code" : "IS",
          "capital" : "Reykjavik",
          "province" : "Iceland",
          "area" : 103000,
          "population" : 332529,
          "encompasses_continent" : "Europe",
          "encompass_percentage" : 100,
          "continent_area" : 10523000
        },
        {
          "name" : "Faroe Islands",
          "code" : "FO",
          "capital" : "Tórshavn",
          "province" : "Faroe Islands",
          "area" : 1400,
          "population" : 48346,
          "encompasses_continent" : "Europe",
          "encompass_percentage" : 100,
          "continent_area" : 10523000
        },
        {
          "name" : "Ireland",
          "code" : "IRL",
          "capital" : "Dublin",
          "province" : "Ireland",
          "area" : 70280,
          "population" : 4588252,
          "encompasses_continent" : "Europe",
          "encompass_percentage" : 100,
          "continent_area" : 10523000
        },
        {
          "name" : "Finland",
          "code" : "SF",
          "capital" : "Helsinki",
          "province" : "Uusimaa",
          "area" : 337030,
          "population" : 5513130,
          "encompasses_continent" : "Europe",
          "encompass_percentage" : 100,
          "continent_area" : 10523000
        },
        {
          "name" : "Norway",
          "code" : "N",
          "capital" : "Oslo",
          "province" : "Oslo",
          "area" : 324220,
          "population" : 5051275,
          "encompasses_continent" : "Europe",
          "encompass_percentage" : 100,
          "continent_area" : 10523000
        },
        {
          "name" : "Sweden",
          "code" : "S",
          "capital" : "Stockholm",
          "province" : "Stockholm",
          "area" : 449964,
          "population" : 9555893,
          "encompasses_continent" : "Europe",
          "encompass_percentage" : 100,
          "continent_area" : 10523000
        },
        {
          "name" : "Monaco",
          "code" : "MC",
          "capital" : "Monaco",
          "province" : "Monaco",
          "area" : 1.9,
          "population" : 36845,
          "encompasses_continent" : "Europe",
          "encompass_percentage" : 100,
          "continent_area" : 10523000
        },
        {
          "name" : "Vatican City",
          "code" : "V",
          "capital" : "Vatican City",
          "province" : "Vatican City",
          "area" : 0.44,
          "population" : 826,
          "encompasses_continent" : "Europe",
          "encompass_percentage" : 100,
          "continent_area" : 10523000
        },
        {
          "name" : "Ceuta",
          "code" : "CEU",
          "capital" : "Ceuta",
          "province" : "Ceuta",
          "area" : 18,
          "population" : 82376,
          "encompasses_continent" : "Africa",
          "encompass_percentage" : 100,
          "continent_area" : 30221500
        },
        {
          "name" : "Melilla",
          "code" : "MEL",
          "capital" : "Melilla",
          "province" : "Melilla",
          "area" : 12,
          "population" : 78476,
          "encompasses_continent" : "Africa",
          "encompass_percentage" : 100,
          "continent_area" : 30221500
        },
        {
          "name" : "San Marino",
          "code" : "RSM",
          "capital" : "San Marino",
          "province" : "San Marino",
          "area" : 60,
          "population" : 32440,
          "encompasses_continent" : "Europe",
          "encompass_percentage" : 100,
          "continent_area" : 10523000
        },
        {
          "name" : "Malta",
          "code" : "M",
          "capital" : "Valletta",
          "province" : "Malta",
          "area" : 316,
          "population" : 475800,
          "encompasses_continent" : "Europe",
          "encompass_percentage" : 100,
          "continent_area" : 10523000
        },
        {
          "name" : "Isle of Man",
          "code" : "GBM",
          "capital" : "Douglas",
          "province" : "Isle of Man",
          "area" : 588,
          "population" : 84497,
          "encompasses_continent" : "Europe",
          "encompass_percentage" : 100,
          "continent_area" : 10523000
        },
        {
          "name" : "Moldova",
          "code" : "MD",
          "capital" : "Chişinău",
          "province" : "Moldova",
          "area" : 33700,
          "population" : 3473900,
          "encompasses_continent" : "Europe",
          "encompass_percentage" : 100,
          "continent_area" : 10523000
        },
        {
          "name" : "Portugal",
          "code" : "P",
          "capital" : "Lisboa",
          "province" : "Lisboa",
          "area" : 92080,
          "population" : 10561614,
          "encompasses_continent" : "Europe",
          "encompass_percentage" : 100,
          "continent_area" : 10523000
        },
        {
          "name" : "Svalbard",
          "code" : "SVA",
          "capital" : "Longyearbyen",
          "province" : "Svalbard",
          "area" : 62049,
          "population" : 2667,
          "encompasses_continent" : "Europe",
          "encompass_percentage" : 100,
          "continent_area" : 10523000
        },
        {
          "name" : "United Kingdom",
          "code" : "GB",
          "capital" : "London",
          "province" : "London",
          "area" : 244820,
          "population" : 64105654,
          "encompasses_continent" : "Europe",
          "encompass_percentage" : 100,
          "continent_area" : 10523000
        },
        {
          "name" : "Gibraltar",
          "code" : "GBZ",
          "capital" : "Gibraltar",
          "province" : "Gibraltar",
          "area" : 6.5,
          "population" : 32577,
          "encompasses_continent" : "Europe",
          "encompass_percentage" : 100,
          "continent_area" : 10523000
        },
        {
          "name" : "Guernsey",
          "code" : "GBG",
          "capital" : "Saint Peter Port",
          "province" : "Guernsey",
          "area" : 194,
          "population" : 64540,
          "encompasses_continent" : "Europe",
          "encompass_percentage" : 100,
          "continent_area" : 10523000
        },
        {
          "name" : "Jersey",
          "code" : "GBJ",
          "capital" : "Saint Helier",
          "province" : "Jersey",
          "area" : 117,
          "population" : 97857,
          "encompasses_continent" : "Europe",
          "encompass_percentage" : 100,
          "continent_area" : 10523000
        },
        {
          "name" : "Armenia",
          "code" : "ARM",
          "capital" : "Yerevan",
          "province" : "Armenia",
          "area" : 29800,
          "population" : 3026879,
          "encompasses_continent" : "Asia",
          "encompass_percentage" : 100,
          "continent_area" : 44614500
        },
        {
          "name" : "Georgia",
          "code" : "GE",
          "capital" : "Tbilisi",
          "province" : "Georgia",
          "area" : 69700,
          "population" : 4010000,
          "encompasses_continent" : "Asia",
          "encompass_percentage" : 100,
          "continent_area" : 44614500
        },
        {
          "name" : "Azerbaijan",
          "code" : "AZ",
          "capital" : "Baku",
          "province" : "Azerbaijan",
          "area" : 86600,
          "population" : 9356500,
          "encompasses_continent" : "Asia",
          "encompass_percentage" : 100,
          "continent_area" : 44614500
        },
        {
          "name" : "Turkey",
          "code" : "TR",
          "capital" : "Ankara",
          "province" : "Ankara",
          "area" : 780580,
          "population" : 75627384,
          "encompasses_continent" : "Europe",
          "encompass_percentage" : 3,
          "continent_area" : 10523000
        },
        {
          "name" : "Turkey",
          "code" : "TR",
          "capital" : "Ankara",
          "province" : "Ankara",
          "area" : 780580,
          "population" : 75627384,
          "encompasses_continent" : "Asia",
          "encompass_percentage" : 97,
          "continent_area" : 44614500
        },
        {
          "name" : "Lebanon",
          "code" : "RL",
          "capital" : "Bayrūt",
          "province" : "Lebanon",
          "area" : 10400,
          "population" : 4341092,
          "encompasses_continent" : "Asia",
          "encompass_percentage" : 100,
          "continent_area" : 44614500
        },
        {
          "name" : "West Bank",
          "code" : "WB",
          "capital" : "Ramallah",
          "province" : "West Bank",
          "area" : 5655,
          "population" : 2881687,
          "encompasses_continent" : "Asia",
          "encompass_percentage" : 100,
          "continent_area" : 44614500
        },
        {
          "name" : "Gaza Strip",
          "code" : "GAZA",
          "capital" : "",
          "province" : "",
          "area" : 365,
          "population" : 1899291,
          "encompasses_continent" : "Asia",
          "encompass_percentage" : 100,
          "continent_area" : 44614500
        },
        {
          "name" : "Israel",
          "code" : "IL",
          "capital" : "Yerushalayim",
          "province" : "Yerushalayim",
          "area" : 22072,
          "population" : 7420368,
          "encompasses_continent" : "Asia",
          "encompass_percentage" : 100,
          "continent_area" : 44614500
        },
        {
          "name" : "Syria",
          "code" : "SYR",
          "capital" : "Dimashq",
          "province" : "Dimashq",
          "area" : 185180,
          "population" : 17070135,
          "encompasses_continent" : "Asia",
          "encompass_percentage" : 100,
          "continent_area" : 44614500
        },
        {
          "name" : "Jordan",
          "code" : "JOR",
          "capital" : "Amman",
          "province" : "Jordan",
          "area" : 89213,
          "population" : 9131712,
          "encompasses_continent" : "Asia",
          "encompass_percentage" : 100,
          "continent_area" : 44614500
        },
        {
          "name" : "Saudi Arabia",
          "code" : "SA",
          "capital" : "Riyadh",
          "province" : "Al-Riyadh",
          "area" : 1960582,
          "population" : 27136977,
          "encompasses_continent" : "Asia",
          "encompass_percentage" : 100,
          "continent_area" : 44614500
        },
        {
          "name" : "Bahrain",
          "code" : "BRN",
          "capital" : "Al Manāmah",
          "province" : "Bahrain",
          "area" : 620,
          "population" : 1234571,
          "encompasses_continent" : "Asia",
          "encompass_percentage" : 100,
          "continent_area" : 44614500
        },
        {
          "name" : "Qatar",
          "code" : "Q",
          "capital" : "Doha",
          "province" : "Qatar",
          "area" : 11000,
          "population" : 2404776,
          "encompasses_continent" : "Asia",
          "encompass_percentage" : 100,
          "continent_area" : 44614500
        },
        {
          "name" : "United Arab Emirates",
          "code" : "UAE",
          "capital" : "Abu Dhabi",
          "province" : "United Arab Emirates",
          "area" : 75581,
          "population" : 9121167,
          "encompasses_continent" : "Asia",
          "encompass_percentage" : 100,
          "continent_area" : 44614500
        },
        {
          "name" : "Oman",
          "code" : "OM",
          "capital" : "Muscat",
          "province" : "Oman",
          "area" : 212460,
          "population" : 4992364,
          "encompasses_continent" : "Asia",
          "encompass_percentage" : 100,
          "continent_area" : 44614500
        },
        {
          "name" : "Yemen",
          "code" : "YE",
          "capital" : "Sanaa",
          "province" : "Yemen",
          "area" : 527970,
          "population" : 24527000,
          "encompasses_continent" : "Asia",
          "encompass_percentage" : 100,
          "continent_area" : 44614500
        },
        {
          "name" : "Kuwait",
          "code" : "KWT",
          "capital" : "Al Kuwayt",
          "province" : "Kuwait",
          "area" : 17820,
          "population" : 2991580,
          "encompasses_continent" : "Asia",
          "encompass_percentage" : 100,
          "continent_area" : 44614500
        },
        {
          "name" : "Iraq",
          "code" : "IRQ",
          "capital" : "Baghdad",
          "province" : "Baghdad",
          "area" : 437072,
          "population" : 33330512,
          "encompasses_continent" : "Asia",
          "encompass_percentage" : 100,
          "continent_area" : 44614500
        },
        {
          "name" : "Iran",
          "code" : "IR",
          "capital" : "Tehran",
          "province" : "Tehran",
          "area" : 1648000,
          "population" : 79926270,
          "encompasses_continent" : "Asia",
          "encompass_percentage" : 100,
          "continent_area" : 44614500
        },
        {
          "name" : "Afghanistan",
          "code" : "AFG",
          "capital" : "Kabul",
          "province" : "Afghanistan",
          "area" : 647500,
          "population" : 26023100,
          "encompasses_continent" : "Asia",
          "encompass_percentage" : 100,
          "continent_area" : 44614500
        },
        {
          "name" : "Turkmenistan",
          "code" : "TM",
          "capital" : "Ashgabat",
          "province" : "Ashgabat",
          "area" : 488100,
          "population" : 6550000,
          "encompasses_continent" : "Asia",
          "encompass_percentage" : 100,
          "continent_area" : 44614500
        },
        {
          "name" : "Uzbekistan",
          "code" : "UZ",
          "capital" : "Toshkent",
          "province" : "Toshkent City",
          "area" : 447400,
          "population" : 32120500,
          "encompasses_continent" : "Asia",
          "encompass_percentage" : 100,
          "continent_area" : 44614500
        },
        {
          "name" : "Tajikistan",
          "code" : "TJ",
          "capital" : "Dushanbe",
          "province" : "Dushanbe",
          "area" : 143100,
          "population" : 8161100,
          "encompasses_continent" : "Asia",
          "encompass_percentage" : 100,
          "continent_area" : 44614500
        },
        {
          "name" : "Kyrgyzstan",
          "code" : "KG",
          "capital" : "Bishkek",
          "province" : "Kyrgyzstan",
          "area" : 198500,
          "population" : 6256700,
          "encompasses_continent" : "Asia",
          "encompass_percentage" : 100,
          "continent_area" : 44614500
        },
        {
          "name" : "Kazakhstan",
          "code" : "KZ",
          "capital" : "Nur-Sultan",
          "province" : "Astana",
          "area" : 2717300,
          "population" : 17165239,
          "encompasses_continent" : "Europe",
          "encompass_percentage" : 5.4,
          "continent_area" : 10523000
        },
        {
          "name" : "Kazakhstan",
          "code" : "KZ",
          "capital" : "Nur-Sultan",
          "province" : "Astana",
          "area" : 2717300,
          "population" : 17165239,
          "encompasses_continent" : "Asia",
          "encompass_percentage" : 94.6,
          "continent_area" : 44614500
        },
        {
          "name" : "Mongolia",
          "code" : "MNG",
          "capital" : "Ulaanbaatar",
          "province" : "Mongolia",
          "area" : 1565000,
          "population" : 2754685,
          "encompasses_continent" : "Asia",
          "encompass_percentage" : 100,
          "continent_area" : 44614500
        },
        {
          "name" : "Maldives",
          "code" : "MV",
          "capital" : "Male",
          "province" : "Maldives",
          "area" : 300,
          "population" : 402071,
          "encompasses_continent" : "Asia",
          "encompass_percentage" : 100,
          "continent_area" : 44614500
        },
        {
          "name" : "Pakistan",
          "code" : "PK",
          "capital" : "Islamabad",
          "province" : "FCT Islamabad",
          "area" : 803940,
          "population" : 207776954,
          "encompasses_continent" : "Asia",
          "encompass_percentage" : 100,
          "continent_area" : 44614500
        },
        {
          "name" : "India",
          "code" : "IND",
          "capital" : "Delhi",
          "province" : "Delhi",
          "area" : 3287590,
          "population" : 1210854977,
          "encompasses_continent" : "Asia",
          "encompass_percentage" : 100,
          "continent_area" : 44614500
        },
        {
          "name" : "Nepal",
          "code" : "NEP",
          "capital" : "Kathmandu",
          "province" : "Nepal",
          "area" : 140800,
          "population" : 26494504,
          "encompasses_continent" : "Asia",
          "encompass_percentage" : 100,
          "continent_area" : 44614500
        },
        {
          "name" : "Bhutan",
          "code" : "BHT",
          "capital" : "Thimphu",
          "province" : "Bhutan",
          "area" : 47000,
          "population" : 727145,
          "encompasses_continent" : "Asia",
          "encompass_percentage" : 100,
          "continent_area" : 44614500
        },
        {
          "name" : "Bangladesh",
          "code" : "BD",
          "capital" : "Dhaka",
          "province" : "Dhaka",
          "area" : 144000,
          "population" : 149772364,
          "encompasses_continent" : "Asia",
          "encompass_percentage" : 100,
          "continent_area" : 44614500
        },
        {
          "name" : "Myanmar",
          "code" : "MYA",
          "capital" : "Nay Pyi Taw",
          "province" : "Nay Pyi Taw",
          "area" : 678500,
          "population" : 51419420,
          "encompasses_continent" : "Asia",
          "encompass_percentage" : 100,
          "continent_area" : 44614500
        },
        {
          "name" : "Sri Lanka",
          "code" : "CL",
          "capital" : "Sri Jayawardhanapura",
          "province" : "Sri Lanka",
          "area" : 65610,
          "population" : 20263723,
          "encompasses_continent" : "Asia",
          "encompass_percentage" : 100,
          "continent_area" : 44614500
        },
        {
          "name" : "China",
          "code" : "CN",
          "capital" : "Beijing",
          "province" : "Beijing",
          "area" : 9596960,
          "population" : 1427647786,
          "encompasses_continent" : "Asia",
          "encompass_percentage" : 100,
          "continent_area" : 44614500
        },
        {
          "name" : "Taiwan",
          "code" : "RC",
          "capital" : "Taipei",
          "province" : "Taiwan",
          "area" : 36179,
          "population" : 23571227,
          "encompasses_continent" : "Asia",
          "encompass_percentage" : 100,
          "continent_area" : 44614500
        },
        {
          "name" : "Hong Kong",
          "code" : "HK",
          "capital" : "Hong Kong",
          "province" : "Hong Kong",
          "area" : 1092,
          "population" : 7336585,
          "encompasses_continent" : "Asia",
          "encompass_percentage" : 100,
          "continent_area" : 44614500
        },
        {
          "name" : "Macao",
          "code" : "MACX",
          "capital" : "Macao",
          "province" : "Macao",
          "area" : 16,
          "population" : 650834,
          "encompasses_continent" : "Asia",
          "encompass_percentage" : 100,
          "continent_area" : 44614500
        },
        {
          "name" : "North Korea",
          "code" : "KP",
          "capital" : "Pyongyang",
          "province" : "North Korea",
          "area" : 120540,
          "population" : 24500520,
          "encompasses_continent" : "Asia",
          "encompass_percentage" : 100,
          "continent_area" : 44614500
        },
        {
          "name" : "South Korea",
          "code" : "ROK",
          "capital" : "Seoul",
          "province" : "South Korea",
          "area" : 98480,
          "population" : 51269554,
          "encompasses_continent" : "Asia",
          "encompass_percentage" : 100,
          "continent_area" : 44614500
        },
        {
          "name" : "Japan",
          "code" : "J",
          "capital" : "Tokyo",
          "province" : "Tokyo",
          "area" : 377835,
          "population" : 127094745,
          "encompasses_continent" : "Asia",
          "encompass_percentage" : 100,
          "continent_area" : 44614500
        },
        {
          "name" : "Philippines",
          "code" : "RP",
          "capital" : "Manila",
          "province" : "Metro Manila",
          "area" : 299764,
          "population" : 100981437,
          "encompasses_continent" : "Asia",
          "encompass_percentage" : 100,
          "continent_area" : 44614500
        },
        {
          "name" : "Vietnam",
          "code" : "VN",
          "capital" : "Hanoi",
          "province" : "Red River Delta",
          "area" : 329560,
          "population" : 88772900,
          "encompasses_continent" : "Asia",
          "encompass_percentage" : 100,
          "continent_area" : 44614500
        },
        {
          "name" : "Cambodia",
          "code" : "K",
          "capital" : "Phnom Penh",
          "province" : "Cambodia",
          "area" : 181040,
          "population" : 15288489,
          "encompasses_continent" : "Asia",
          "encompass_percentage" : 100,
          "continent_area" : 44614500
        },
        {
          "name" : "Laos",
          "code" : "LAO",
          "capital" : "Vientiane",
          "province" : "Laos",
          "area" : 236800,
          "population" : 6514432,
          "encompasses_continent" : "Asia",
          "encompass_percentage" : 100,
          "continent_area" : 44614500
        },
        {
          "name" : "Thailand",
          "code" : "THA",
          "capital" : "Bangkok",
          "province" : "Thailand",
          "area" : 514000,
          "population" : 65981659,
          "encompasses_continent" : "Asia",
          "encompass_percentage" : 100,
          "continent_area" : 44614500
        },
        {
          "name" : "Malaysia",
          "code" : "MAL",
          "capital" : "Kuala Lumpur",
          "province" : "Kuala Lumpur",
          "area" : 329750,
          "population" : 27565821,
          "encompasses_continent" : "Asia",
          "encompass_percentage" : 100,
          "continent_area" : 44614500
        },
        {
          "name" : "Brunei",
          "code" : "BRU",
          "capital" : "Bandar Seri Begawan",
          "province" : "Brunei",
          "area" : 5770,
          "population" : 393372,
          "encompasses_continent" : "Asia",
          "encompass_percentage" : 100,
          "continent_area" : 44614500
        },
        {
          "name" : "Singapore",
          "code" : "SGP",
          "capital" : "Singapore",
          "province" : "Singapore",
          "area" : 632.6,
          "population" : 5076700,
          "encompasses_continent" : "Asia",
          "encompass_percentage" : 100,
          "continent_area" : 44614500
        },
        {
          "name" : "Indonesia",
          "code" : "RI",
          "capital" : "Jakarta",
          "province" : "DKI Jakarta",
          "area" : 1919440,
          "population" : 252124458,
          "encompasses_continent" : "Asia",
          "encompass_percentage" : 78,
          "continent_area" : 44614500
        },
        {
          "name" : "Indonesia",
          "code" : "RI",
          "capital" : "Jakarta",
          "province" : "DKI Jakarta",
          "area" : 1919440,
          "population" : 252124458,
          "encompasses_continent" : "Australia/Oceania",
          "encompass_percentage" : 22,
          "continent_area" : 9000000
        },
        {
          "name" : "Timor-Leste",
          "code" : "TL",
          "capital" : "Dili",
          "province" : "Timor-Leste",
          "area" : 15007,
          "population" : 1066582,
          "encompasses_continent" : "Asia",
          "encompass_percentage" : 100,
          "continent_area" : 44614500
        },
        {
          "name" : "Papua New Guinea",
          "code" : "PNG",
          "capital" : "Port Moresby",
          "province" : "South",
          "area" : 461690,
          "population" : 7275324,
          "encompasses_continent" : "Australia/Oceania",
          "encompass_percentage" : 100,
          "continent_area" : 9000000
        },
        {
          "name" : "Solomon Islands",
          "code" : "SOL",
          "capital" : "Honiara",
          "province" : "Solomon Islands",
          "area" : 28450,
          "population" : 515870,
          "encompasses_continent" : "Australia/Oceania",
          "encompass_percentage" : 100,
          "continent_area" : 9000000
        },
        {
          "name" : "Vanuatu",
          "code" : "VU",
          "capital" : "Port Vila",
          "province" : "Vanuatu",
          "area" : 14760,
          "population" : 236299,
          "encompasses_continent" : "Australia/Oceania",
          "encompass_percentage" : 100,
          "continent_area" : 9000000
        },
        {
          "name" : "New Caledonia",
          "code" : "NCL",
          "capital" : "Noumea",
          "province" : "New Caledonia",
          "area" : 19060,
          "population" : 271407,
          "encompasses_continent" : "Australia/Oceania",
          "encompass_percentage" : 100,
          "continent_area" : 9000000
        },
        {
          "name" : "Australia",
          "code" : "AUS",
          "capital" : "Canberra",
          "province" : "Australia Capital Territory",
          "area" : 7692024,
          "population" : 23135281,
          "encompasses_continent" : "Australia/Oceania",
          "encompass_percentage" : 100,
          "continent_area" : 9000000
        },
        {
          "name" : "Christmas Island",
          "code" : "XMAS",
          "capital" : "Flying Fish Cove",
          "province" : "Christmas Island",
          "area" : 135,
          "population" : 1843,
          "encompasses_continent" : "Australia/Oceania",
          "encompass_percentage" : 100,
          "continent_area" : 9000000
        },
        {
          "name" : "Cocos Islands",
          "code" : "COCO",
          "capital" : "West Island",
          "province" : "Cocos Islands",
          "area" : 14,
          "population" : 544,
          "encompasses_continent" : "Australia/Oceania",
          "encompass_percentage" : 100,
          "continent_area" : 9000000
        },
        {
          "name" : "Norfolk Island",
          "code" : "NORF",
          "capital" : "Kingston",
          "province" : "Norfolk Island",
          "area" : 34.6,
          "population" : 1748,
          "encompasses_continent" : "Australia/Oceania",
          "encompass_percentage" : 100,
          "continent_area" : 9000000
        },
        {
          "name" : "New Zealand",
          "code" : "NZ",
          "capital" : "Wellington",
          "province" : "New Zealand",
          "area" : 268680,
          "population" : 4242048,
          "encompasses_continent" : "Australia/Oceania",
          "encompass_percentage" : 100,
          "continent_area" : 9000000
        },
        {
          "name" : "Palau",
          "code" : "PAL",
          "capital" : "Ngerulmud",
          "province" : "Palau",
          "area" : 458,
          "population" : 17501,
          "encompasses_continent" : "Australia/Oceania",
          "encompass_percentage" : 100,
          "continent_area" : 9000000
        },
        {
          "name" : "Northern Mariana Islands",
          "code" : "NMIS",
          "capital" : "Saipan",
          "province" : "Northern Mariana Islands",
          "area" : 477,
          "population" : 53883,
          "encompasses_continent" : "Australia/Oceania",
          "encompass_percentage" : 100,
          "continent_area" : 9000000
        },
        {
          "name" : "Guam",
          "code" : "GUAM",
          "capital" : "Hagåtña",
          "province" : "Guam",
          "area" : 545,
          "population" : 159358,
          "encompasses_continent" : "Australia/Oceania",
          "encompass_percentage" : 100,
          "continent_area" : 9000000
        },
        {
          "name" : "Micronesia",
          "code" : "FSM",
          "capital" : "Palikir",
          "province" : "Micronesia",
          "area" : 702,
          "population" : 102843,
          "encompasses_continent" : "Australia/Oceania",
          "encompass_percentage" : 100,
          "continent_area" : 9000000
        },
        {
          "name" : "Marshall Islands",
          "code" : "MH",
          "capital" : "Majuro",
          "province" : "Marshall Islands",
          "area" : 181.3,
          "population" : 53158,
          "encompasses_continent" : "Australia/Oceania",
          "encompass_percentage" : 100,
          "continent_area" : 9000000
        },
        {
          "name" : "Nauru",
          "code" : "NAU",
          "capital" : "Yaren",
          "province" : "Nauru",
          "area" : 21,
          "population" : 10025,
          "encompasses_continent" : "Australia/Oceania",
          "encompass_percentage" : 100,
          "continent_area" : 9000000
        },
        {
          "name" : "Kiribati",
          "code" : "KIR",
          "capital" : "Tarawa",
          "province" : "Kiribati",
          "area" : 717,
          "population" : 110136,
          "encompasses_continent" : "Australia/Oceania",
          "encompass_percentage" : 100,
          "continent_area" : 9000000
        },
        {
          "name" : "Tuvalu",
          "code" : "TUV",
          "capital" : "Funafuti",
          "province" : "Tuvalu",
          "area" : 26,
          "population" : 11192,
          "encompasses_continent" : "Australia/Oceania",
          "encompass_percentage" : 100,
          "continent_area" : 9000000
        },
        {
          "name" : "Tokelau",
          "code" : "TOK",
          "capital" : "Fakaofo",
          "province" : "Tokelau",
          "area" : 12,
          "population" : 1499,
          "encompasses_continent" : "Australia/Oceania",
          "encompass_percentage" : 100,
          "continent_area" : 9000000
        },
        {
          "name" : "Samoa",
          "code" : "WS",
          "capital" : "Apia",
          "province" : "Samoa",
          "area" : 2860,
          "population" : 194320,
          "encompasses_continent" : "Australia/Oceania",
          "encompass_percentage" : 100,
          "continent_area" : 9000000
        },
        {
          "name" : "American Samoa",
          "code" : "AMSA",
          "capital" : "Pago Pago",
          "province" : "American Samoa",
          "area" : 199,
          "population" : 55519,
          "encompasses_continent" : "Australia/Oceania",
          "encompass_percentage" : 100,
          "continent_area" : 9000000
        },
        {
          "name" : "Wallis and Futuna",
          "code" : "WF",
          "capital" : "Mata-Utu",
          "province" : "Wallis and Futuna",
          "area" : 274,
          "population" : 11558,
          "encompasses_continent" : "Australia/Oceania",
          "encompass_percentage" : 100,
          "continent_area" : 9000000
        },
        {
          "name" : "Fiji",
          "code" : "FJI",
          "capital" : "Suva",
          "province" : "Fiji",
          "area" : 18270,
          "population" : 884887,
          "encompasses_continent" : "Australia/Oceania",
          "encompass_percentage" : 100,
          "continent_area" : 9000000
        },
        {
          "name" : "Tonga",
          "code" : "TO",
          "capital" : "Nukualofa",
          "province" : "Tonga",
          "area" : 748,
          "population" : 100651,
          "encompasses_continent" : "Australia/Oceania",
          "encompass_percentage" : 100,
          "continent_area" : 9000000
        },
        {
          "name" : "Niue",
          "code" : "NIUE",
          "capital" : "Alofi",
          "province" : "Niue",
          "area" : 260,
          "population" : 1611,
          "encompasses_continent" : "Australia/Oceania",
          "encompass_percentage" : 100,
          "continent_area" : 9000000
        },
        {
          "name" : "Cook Islands",
          "code" : "COOK",
          "capital" : "Avarua",
          "province" : "Cook Islands",
          "area" : 240,
          "population" : 17459,
          "encompasses_continent" : "Australia/Oceania",
          "encompass_percentage" : 100,
          "continent_area" : 9000000
        },
        {
          "name" : "French Polynesia",
          "code" : "FPOL",
          "capital" : "Papeete",
          "province" : "French Polynesia",
          "area" : 4167,
          "population" : 275918,
          "encompasses_continent" : "Australia/Oceania",
          "encompass_percentage" : 100,
          "continent_area" : 9000000
        },
        {
          "name" : "Pitcairn",
          "code" : "PITC",
          "capital" : "Adamstown",
          "province" : "Pitcairn",
          "area" : 47,
          "population" : 50,
          "encompasses_continent" : "Australia/Oceania",
          "encompass_percentage" : 100,
          "continent_area" : 9000000
        },
        {
          "name" : "Egypt",
          "code" : "ET",
          "capital" : "Al Qahirah",
          "province" : "Egypt",
          "area" : 1001450,
          "population" : 94798827,
          "encompasses_continent" : "Asia",
          "encompass_percentage" : 7.3,
          "continent_area" : 44614500
        },
        {
          "name" : "Egypt",
          "code" : "ET",
          "capital" : "Al Qahirah",
          "province" : "Egypt",
          "area" : 1001450,
          "population" : 94798827,
          "encompasses_continent" : "Africa",
          "encompass_percentage" : 92.7,
          "continent_area" : 30221500
        },
        {
          "name" : "Libya",
          "code" : "LAR",
          "capital" : "Tripoli",
          "province" : "Libya",
          "area" : 1759540,
          "population" : 6040612,
          "encompasses_continent" : "Africa",
          "encompass_percentage" : 100,
          "continent_area" : 30221500
        },
        {
          "name" : "Tunisia",
          "code" : "TN",
          "capital" : "Tunis",
          "province" : "Tunisia",
          "area" : 163610,
          "population" : 10982754,
          "encompasses_continent" : "Africa",
          "encompass_percentage" : 100,
          "continent_area" : 30221500
        },
        {
          "name" : "Algeria",
          "code" : "DZ",
          "capital" : "Algiers",
          "province" : "Algeria",
          "area" : 2381740,
          "population" : 37062820,
          "encompasses_continent" : "Africa",
          "encompass_percentage" : 100,
          "continent_area" : 30221500
        },
        {
          "name" : "Morocco",
          "code" : "MA",
          "capital" : "Rabat",
          "province" : "Rabat Sale Zemmour Zaer",
          "area" : 446550,
          "population" : 33337529,
          "encompasses_continent" : "Africa",
          "encompass_percentage" : 100,
          "continent_area" : 30221500
        },
        {
          "name" : "Western Sahara",
          "code" : "WSA",
          "capital" : "El Aaiun",
          "province" : "Western Sahara",
          "area" : 266000,
          "population" : 554795,
          "encompasses_continent" : "Africa",
          "encompass_percentage" : 100,
          "continent_area" : 30221500
        },
        {
          "name" : "Mali",
          "code" : "RMM",
          "capital" : "Bamako",
          "province" : "Bamako",
          "area" : 1240000,
          "population" : 14528622,
          "encompasses_continent" : "Africa",
          "encompass_percentage" : 100,
          "continent_area" : 30221500
        },
        {
          "name" : "Mauritania",
          "code" : "RIM",
          "capital" : "Nouakchott",
          "province" : "Nouakchott",
          "area" : 1030700,
          "population" : 3537368,
          "encompasses_continent" : "Africa",
          "encompass_percentage" : 100,
          "continent_area" : 30221500
        },
        {
          "name" : "Senegal",
          "code" : "SN",
          "capital" : "Dakar",
          "province" : "Dakar",
          "area" : 196190,
          "population" : 13508715,
          "encompasses_continent" : "Africa",
          "encompass_percentage" : 100,
          "continent_area" : 30221500
        },
        {
          "name" : "Gambia",
          "code" : "WAG",
          "capital" : "Banjul",
          "province" : "Gambia",
          "area" : 11300,
          "population" : 1882450,
          "encompasses_continent" : "Africa",
          "encompass_percentage" : 100,
          "continent_area" : 30221500
        },
        {
          "name" : "Guinea-Bissau",
          "code" : "GUB",
          "capital" : "Bissau",
          "province" : "Guinea-Bissau",
          "area" : 36120,
          "population" : 1586624,
          "encompasses_continent" : "Africa",
          "encompass_percentage" : 100,
          "continent_area" : 30221500
        },
        {
          "name" : "Guinea",
          "code" : "RG",
          "capital" : "Conakry",
          "province" : "Guinea",
          "area" : 245860,
          "population" : 10628972,
          "encompasses_continent" : "Africa",
          "encompass_percentage" : 100,
          "continent_area" : 30221500
        },
        {
          "name" : "Sierra Leone",
          "code" : "SLE",
          "capital" : "Freetown",
          "province" : "Sierra Leone",
          "area" : 71740,
          "population" : 5743725,
          "encompasses_continent" : "Africa",
          "encompass_percentage" : 100,
          "continent_area" : 30221500
        },
        {
          "name" : "Liberia",
          "code" : "LB",
          "capital" : "Monrovia",
          "province" : "Liberia",
          "area" : 111370,
          "population" : 3957990,
          "encompasses_continent" : "Africa",
          "encompass_percentage" : 100,
          "continent_area" : 30221500
        },
        {
          "name" : "Burkina Faso",
          "code" : "BF",
          "capital" : "Ouagadougou",
          "province" : "Burkina Faso",
          "area" : 274200,
          "population" : 17322796,
          "encompasses_continent" : "Africa",
          "encompass_percentage" : 100,
          "continent_area" : 30221500
        },
        {
          "name" : "Cote d'Ivoire",
          "code" : "CI",
          "capital" : "Yamoussoukro",
          "province" : "Yamoussoukro",
          "area" : 322460,
          "population" : 22671331,
          "encompasses_continent" : "Africa",
          "encompass_percentage" : 100,
          "continent_area" : 30221500
        },
        {
          "name" : "Ghana",
          "code" : "GH",
          "capital" : "Accra",
          "province" : "Greater Accra",
          "area" : 238540,
          "population" : 24658823,
          "encompasses_continent" : "Africa",
          "encompass_percentage" : 100,
          "continent_area" : 30221500
        },
        {
          "name" : "Togo",
          "code" : "RT",
          "capital" : "Lomé",
          "province" : "Togo",
          "area" : 56790,
          "population" : 6191155,
          "encompasses_continent" : "Africa",
          "encompass_percentage" : 100,
          "continent_area" : 30221500
        },
        {
          "name" : "Benin",
          "code" : "BEN",
          "capital" : "Porto-Novo",
          "province" : "Benin",
          "area" : 112620,
          "population" : 9983884,
          "encompasses_continent" : "Africa",
          "encompass_percentage" : 100,
          "continent_area" : 30221500
        },
        {
          "name" : "Nigeria",
          "code" : "NGR",
          "capital" : "Abuja",
          "province" : "Abuja",
          "area" : 923770,
          "population" : 193392500,
          "encompasses_continent" : "Africa",
          "encompass_percentage" : 100,
          "continent_area" : 30221500
        },
        {
          "name" : "Niger",
          "code" : "RN",
          "capital" : "Niamey",
          "province" : "Niamey",
          "area" : 1267000,
          "population" : 17138707,
          "encompasses_continent" : "Africa",
          "encompass_percentage" : 100,
          "continent_area" : 30221500
        },
        {
          "name" : "Chad",
          "code" : "TCH",
          "capital" : "N'Djamena",
          "province" : "Chad",
          "area" : 1284000,
          "population" : 11720781,
          "encompasses_continent" : "Africa",
          "encompass_percentage" : 100,
          "continent_area" : 30221500
        },
        {
          "name" : "Sudan",
          "code" : "SUD",
          "capital" : "Khartoum",
          "province" : "Al-Kharṭūm",
          "area" : 1840687,
          "population" : 40782700,
          "encompasses_continent" : "Africa",
          "encompass_percentage" : 100,
          "continent_area" : 30221500
        },
        {
          "name" : "South Sudan",
          "code" : "SSD",
          "capital" : "Juba",
          "province" : "South Sudan",
          "area" : 644329,
          "population" : 8260490,
          "encompasses_continent" : "Africa",
          "encompass_percentage" : 100,
          "continent_area" : 30221500
        },
        {
          "name" : "Central African Republic",
          "code" : "RCA",
          "capital" : "Bangui",
          "province" : "Central African Republic",
          "area" : 622980,
          "population" : 4349921,
          "encompasses_continent" : "Africa",
          "encompass_percentage" : 100,
          "continent_area" : 30221500
        },
        {
          "name" : "Cameroon",
          "code" : "CAM",
          "capital" : "Yaoundé",
          "province" : "Centre",
          "area" : 475440,
          "population" : 19406100,
          "encompasses_continent" : "Africa",
          "encompass_percentage" : 100,
          "continent_area" : 30221500
        },
        {
          "name" : "Equatorial Guinea",
          "code" : "GQ",
          "capital" : "Malabo",
          "province" : "Insular",
          "area" : 28050,
          "population" : 1222442,
          "encompasses_continent" : "Africa",
          "encompass_percentage" : 100,
          "continent_area" : 30221500
        },
        {
          "name" : "Gabon",
          "code" : "G",
          "capital" : "Libreville",
          "province" : "Gabon",
          "area" : 267670,
          "population" : 1811079,
          "encompasses_continent" : "Africa",
          "encompass_percentage" : 100,
          "continent_area" : 30221500
        },
        {
          "name" : "Congo",
          "code" : "RCB",
          "capital" : "Brazzaville",
          "province" : "Brazzaville",
          "area" : 342000,
          "population" : 4001831,
          "encompasses_continent" : "Africa",
          "encompass_percentage" : 100,
          "continent_area" : 30221500
        },
        {
          "name" : "Congo, Dem.Rep.",
          "code" : "CGO",
          "capital" : "Kinshasa",
          "province" : "Kinshasa",
          "area" : 2345410,
          "population" : 86026000,
          "encompasses_continent" : "Africa",
          "encompass_percentage" : 100,
          "continent_area" : 30221500
        },
        {
          "name" : "Angola",
          "code" : "ANG",
          "capital" : "Luanda",
          "province" : "Luanda",
          "area" : 1246700,
          "population" : 25789024,
          "encompasses_continent" : "Africa",
          "encompass_percentage" : 100,
          "continent_area" : 30221500
        },
        {
          "name" : "Namibia",
          "code" : "NAM",
          "capital" : "Windhoek",
          "province" : "Namibia",
          "area" : 825418,
          "population" : 2113077,
          "encompasses_continent" : "Africa",
          "encompass_percentage" : 100,
          "continent_area" : 30221500
        },
        {
          "name" : "Botswana",
          "code" : "RB",
          "capital" : "Gaborone",
          "province" : "Botswana",
          "area" : 600370,
          "population" : 2038228,
          "encompasses_continent" : "Africa",
          "encompass_percentage" : 100,
          "continent_area" : 30221500
        },
        {
          "name" : "South Africa",
          "code" : "RSA",
          "capital" : "Tshwane",
          "province" : "Gauteng",
          "area" : 1219912,
          "population" : 51770560,
          "encompasses_continent" : "Africa",
          "encompass_percentage" : 100,
          "continent_area" : 30221500
        },
        {
          "name" : "Lesotho",
          "code" : "LS",
          "capital" : "Maseru",
          "province" : "Lesotho",
          "area" : 30350,
          "population" : 2007201,
          "encompasses_continent" : "Africa",
          "encompass_percentage" : 100,
          "continent_area" : 30221500
        },
        {
          "name" : "Eswatini",
          "code" : "SD",
          "capital" : "Mbabane",
          "province" : "Eswatini",
          "area" : 17360,
          "population" : 1193148,
          "encompasses_continent" : "Africa",
          "encompass_percentage" : 100,
          "continent_area" : 30221500
        },
        {
          "name" : "Mozambique",
          "code" : "MOC",
          "capital" : "Maputo",
          "province" : "Cidade de Maputo",
          "area" : 801590,
          "population" : 23700715,
          "encompasses_continent" : "Africa",
          "encompass_percentage" : 100,
          "continent_area" : 30221500
        },
        {
          "name" : "Zimbabwe",
          "code" : "ZW",
          "capital" : "Harare",
          "province" : "Zimbabwe",
          "area" : 390580,
          "population" : 13061239,
          "encompasses_continent" : "Africa",
          "encompass_percentage" : 100,
          "continent_area" : 30221500
        },
        {
          "name" : "Zambia",
          "code" : "Z",
          "capital" : "Lusaka",
          "province" : "Lusaka",
          "area" : 752610,
          "population" : 13092666,
          "encompasses_continent" : "Africa",
          "encompass_percentage" : 100,
          "continent_area" : 30221500
        },
        {
          "name" : "Malawi",
          "code" : "MW",
          "capital" : "Lilongwe",
          "province" : "Malawi",
          "area" : 118480,
          "population" : 17563749,
          "encompasses_continent" : "Africa",
          "encompass_percentage" : 100,
          "continent_area" : 30221500
        },
        {
          "name" : "Tanzania",
          "code" : "EAT",
          "capital" : "Dodoma",
          "province" : "Dodoma",
          "area" : 945090,
          "population" : 44928923,
          "encompasses_continent" : "Africa",
          "encompass_percentage" : 100,
          "continent_area" : 30221500
        },
        {
          "name" : "Burundi",
          "code" : "BI",
          "capital" : "Gitega",
          "province" : "Burundi",
          "area" : 27830,
          "population" : 8444784,
          "encompasses_continent" : "Africa",
          "encompass_percentage" : 100,
          "continent_area" : 30221500
        },
        {
          "name" : "Rwanda",
          "code" : "RWA",
          "capital" : "Kigali",
          "province" : "Rwanda",
          "area" : 26340,
          "population" : 10515973,
          "encompasses_continent" : "Africa",
          "encompass_percentage" : 100,
          "continent_area" : 30221500
        },
        {
          "name" : "Uganda",
          "code" : "EAU",
          "capital" : "Kampala",
          "province" : "Central",
          "area" : 236040,
          "population" : 34634650,
          "encompasses_continent" : "Africa",
          "encompass_percentage" : 100,
          "continent_area" : 30221500
        },
        {
          "name" : "Kenya",
          "code" : "EAK",
          "capital" : "Nairobi",
          "province" : "Kenya",
          "area" : 582650,
          "population" : 40909194,
          "encompasses_continent" : "Africa",
          "encompass_percentage" : 100,
          "continent_area" : 30221500
        },
        {
          "name" : "Somalia",
          "code" : "SO",
          "capital" : "Mogadishu",
          "province" : "Somalia",
          "area" : 637660,
          "population" : 11000000,
          "encompasses_continent" : "Africa",
          "encompass_percentage" : 100,
          "continent_area" : 30221500
        },
        {
          "name" : "Djibouti",
          "code" : "DJI",
          "capital" : "Djibouti",
          "province" : "Djibouti",
          "area" : 22000,
          "population" : 834036,
          "encompasses_continent" : "Africa",
          "encompass_percentage" : 100,
          "continent_area" : 30221500
        },
        {
          "name" : "Ethiopia",
          "code" : "ETH",
          "capital" : "Addis Ababa",
          "province" : "Addis Ababa",
          "area" : 1127127,
          "population" : 84320987,
          "encompasses_continent" : "Africa",
          "encompass_percentage" : 100,
          "continent_area" : 30221500
        },
        {
          "name" : "Eritrea",
          "code" : "ER",
          "capital" : "Asmara",
          "province" : "Eritrea",
          "area" : 121320,
          "population" : 5741159,
          "encompasses_continent" : "Africa",
          "encompass_percentage" : 100,
          "continent_area" : 30221500
        },
        {
          "name" : "Cape Verde",
          "code" : "CV",
          "capital" : "Praia",
          "province" : "Cape Verde",
          "area" : 4033,
          "population" : 491875,
          "encompasses_continent" : "Africa",
          "encompass_percentage" : 100,
          "continent_area" : 30221500
        },
        {
          "name" : "Sao Tome and Principe",
          "code" : "STP",
          "capital" : "São Tomé",
          "province" : "Sao Tome and Principe",
          "area" : 1001,
          "population" : 187356,
          "encompasses_continent" : "Africa",
          "encompass_percentage" : 100,
          "continent_area" : 30221500
        },
        {
          "name" : "Seychelles",
          "code" : "SY",
          "capital" : "Victoria",
          "province" : "Seychelles",
          "area" : 455,
          "population" : 90945,
          "encompasses_continent" : "Africa",
          "encompass_percentage" : 100,
          "continent_area" : 30221500
        },
        {
          "name" : "Comoros",
          "code" : "COM",
          "capital" : "Moroni",
          "province" : "Comoros",
          "area" : 2170,
          "population" : 683081,
          "encompasses_continent" : "Africa",
          "encompass_percentage" : 100,
          "continent_area" : 30221500
        },
        {
          "name" : "Mayotte",
          "code" : "MAYO",
          "capital" : "Mamoutzou",
          "province" : "Mayotte",
          "area" : 374,
          "population" : 256518,
          "encompasses_continent" : "Africa",
          "encompass_percentage" : 100,
          "continent_area" : 30221500
        },
        {
          "name" : "Madagascar",
          "code" : "RM",
          "capital" : "Antananarivo",
          "province" : "Madagascar",
          "area" : 587041,
          "population" : 21842167,
          "encompasses_continent" : "Africa",
          "encompass_percentage" : 100,
          "continent_area" : 30221500
        },
        {
          "name" : "Mauritius",
          "code" : "MS",
          "capital" : "Port Louis",
          "province" : "Mauritius",
          "area" : 2040,
          "population" : 1237091,
          "encompasses_continent" : "Africa",
          "encompass_percentage" : 100,
          "continent_area" : 30221500
        },
        {
          "name" : "Reunion",
          "code" : "REUN",
          "capital" : "Saint-Denis",
          "province" : "Reunion",
          "area" : 2510,
          "population" : 828581,
          "encompasses_continent" : "Africa",
          "encompass_percentage" : 100,
          "continent_area" : 30221500
        },
        {
          "name" : "Saint Helena",
          "code" : "HELX",
          "capital" : "Jamestown",
          "province" : "Saint Helena",
          "area" : 391,
          "population" : 4577,
          "encompasses_continent" : "Africa",
          "encompass_percentage" : 100,
          "continent_area" : 30221500
        },
        {
          "name" : "Greenland",
          "code" : "GL",
          "capital" : "Nuuk",
          "province" : "Greenland",
          "area" : 2175600,
          "population" : 56370,
          "encompasses_continent" : "North America",
          "encompass_percentage" : 100,
          "continent_area" : 24709000
        },
        {
          "name" : "Saint Pierre and Miquelon",
          "code" : "SPMI",
          "capital" : "Saint-Pierre",
          "province" : "Saint Pierre and Miquelon",
          "area" : 242,
          "population" : 6008,
          "encompasses_continent" : "North America",
          "encompass_percentage" : 100,
          "continent_area" : 24709000
        },
        {
          "name" : "Bermuda",
          "code" : "BERM",
          "capital" : "Hamilton",
          "province" : "Bermuda",
          "area" : 53.3,
          "population" : 61178,
          "encompasses_continent" : "North America",
          "encompass_percentage" : 100,
          "continent_area" : 24709000
        },
        {
          "name" : "Canada",
          "code" : "CDN",
          "capital" : "Ottawa",
          "province" : "Ontario",
          "area" : 9976140,
          "population" : 35151728,
          "encompasses_continent" : "North America",
          "encompass_percentage" : 100,
          "continent_area" : 24709000
        },
        {
          "name" : "United States",
          "code" : "USA",
          "capital" : "Washington",
          "province" : "District of Columbia",
          "area" : 9372610,
          "population" : 318857056,
          "encompasses_continent" : "North America",
          "encompass_percentage" : 100,
          "continent_area" : 24709000
        },
        {
          "name" : "Mexico",
          "code" : "MEX",
          "capital" : "Ciudad de México",
          "province" : "Distrito Federal",
          "area" : 1972550,
          "population" : 112336538,
          "encompasses_continent" : "North America",
          "encompass_percentage" : 100,
          "continent_area" : 24709000
        },
        {
          "name" : "Belize",
          "code" : "BZ",
          "capital" : "Belmopan",
          "province" : "Belize",
          "area" : 22960,
          "population" : 312971,
          "encompasses_continent" : "North America",
          "encompass_percentage" : 100,
          "continent_area" : 24709000
        },
        {
          "name" : "Guatemala",
          "code" : "GCA",
          "capital" : "Ciudad de Guatemala",
          "province" : "Guatemala",
          "area" : 108890,
          "population" : 15073375,
          "encompasses_continent" : "North America",
          "encompass_percentage" : 100,
          "continent_area" : 24709000
        },
        {
          "name" : "El Salvador",
          "code" : "ES",
          "capital" : "San Salvador",
          "province" : "El Salvador",
          "area" : 21040,
          "population" : 6290420,
          "encompasses_continent" : "North America",
          "encompass_percentage" : 100,
          "continent_area" : 24709000
        },
        {
          "name" : "Honduras",
          "code" : "HN",
          "capital" : "Tegucigalpa",
          "province" : "Francisco Morazán",
          "area" : 112090,
          "population" : 8045990,
          "encompasses_continent" : "North America",
          "encompass_percentage" : 100,
          "continent_area" : 24709000
        },
        {
          "name" : "Nicaragua",
          "code" : "NIC",
          "capital" : "Managua",
          "province" : "Nicaragua",
          "area" : 129494,
          "population" : 6327927,
          "encompasses_continent" : "North America",
          "encompass_percentage" : 100,
          "continent_area" : 24709000
        },
        {
          "name" : "Costa Rica",
          "code" : "CR",
          "capital" : "San José",
          "province" : "San José",
          "area" : 51100,
          "population" : 4773119,
          "encompasses_continent" : "North America",
          "encompass_percentage" : 100,
          "continent_area" : 24709000
        },
        {
          "name" : "Panama",
          "code" : "PA",
          "capital" : "Panamá City",
          "province" : "Panamá",
          "area" : 78200,
          "population" : 3405813,
          "encompasses_continent" : "North America",
          "encompass_percentage" : 100,
          "continent_area" : 24709000
        },
        {
          "name" : "Bahamas",
          "code" : "BS",
          "capital" : "Nassau",
          "province" : "Bahamas",
          "area" : 13940,
          "population" : 353658,
          "encompasses_continent" : "North America",
          "encompass_percentage" : 100,
          "continent_area" : 24709000
        },
        {
          "name" : "Turks and Caicos Islands",
          "code" : "TUCA",
          "capital" : "Grand Turk",
          "province" : "Turks and Caicos Islands",
          "area" : 430,
          "population" : 53700,
          "encompasses_continent" : "North America",
          "encompass_percentage" : 100,
          "continent_area" : 24709000
        },
        {
          "name" : "Cayman Islands",
          "code" : "CAYM",
          "capital" : "George Town",
          "province" : "Cayman Islands",
          "area" : 262,
          "population" : 61944,
          "encompasses_continent" : "North America",
          "encompass_percentage" : 100,
          "continent_area" : 24709000
        },
        {
          "name" : "Cuba",
          "code" : "C",
          "capital" : "La Habana",
          "province" : "La Habana",
          "area" : 110860,
          "population" : 11167325,
          "encompasses_continent" : "North America",
          "encompass_percentage" : 100,
          "continent_area" : 24709000
        },
        {
          "name" : "Jamaica",
          "code" : "JA",
          "capital" : "Kingston",
          "province" : "Jamaica",
          "area" : 10991,
          "population" : 2697983,
          "encompasses_continent" : "North America",
          "encompass_percentage" : 100,
          "continent_area" : 24709000
        },
        {
          "name" : "Haiti",
          "code" : "RH",
          "capital" : "Port-au-Prince",
          "province" : "Haiti",
          "area" : 27750,
          "population" : 10788000,
          "encompasses_continent" : "North America",
          "encompass_percentage" : 100,
          "continent_area" : 24709000
        },
        {
          "name" : "Dominican Republic",
          "code" : "DOM",
          "capital" : "Santo Domingo",
          "province" : "Dominican Republic",
          "area" : 48730,
          "population" : 9445281,
          "encompasses_continent" : "North America",
          "encompass_percentage" : 100,
          "continent_area" : 24709000
        },
        {
          "name" : "Puerto Rico",
          "code" : "PR",
          "capital" : "San Juan",
          "province" : "Puerto Rico",
          "area" : 8870,
          "population" : 3725789,
          "encompasses_continent" : "North America",
          "encompass_percentage" : 100,
          "continent_area" : 24709000
        },
        {
          "name" : "Virgin Islands",
          "code" : "VIRG",
          "capital" : "Charlotte Amalie",
          "province" : "Virgin Islands",
          "area" : 346,
          "population" : 106405,
          "encompasses_continent" : "North America",
          "encompass_percentage" : 100,
          "continent_area" : 24709000
        },
        {
          "name" : "British Virgin Islands",
          "code" : "BVI",
          "capital" : "Road Town",
          "province" : "British Virgin Islands",
          "area" : 153,
          "population" : 28054,
          "encompasses_continent" : "North America",
          "encompass_percentage" : 100,
          "continent_area" : 24709000
        },
        {
          "name" : "Anguilla",
          "code" : "AXA",
          "capital" : "The Valley",
          "province" : "Anguilla",
          "area" : 102,
          "population" : 13452,
          "encompasses_continent" : "North America",
          "encompass_percentage" : 100,
          "continent_area" : 24709000
        },
        {
          "name" : "Saint Martin",
          "code" : "SMAR",
          "capital" : "Marigot",
          "province" : "Saint Martin",
          "area" : 54,
          "population" : 36286,
          "encompasses_continent" : "North America",
          "encompass_percentage" : 100,
          "continent_area" : 24709000
        },
        {
          "name" : "Sint Maarten",
          "code" : "SX",
          "capital" : "Philipsburg",
          "province" : "Sint Maarten",
          "area" : 34,
          "population" : 40535,
          "encompasses_continent" : "North America",
          "encompass_percentage" : 100,
          "continent_area" : 24709000
        },
        {
          "name" : "Saint Barthelemy",
          "code" : "SBAR",
          "capital" : "Gustavia",
          "province" : "Saint Barthelemy",
          "area" : 21,
          "population" : 9131,
          "encompasses_continent" : "North America",
          "encompass_percentage" : 100,
          "continent_area" : 24709000
        },
        {
          "name" : "Saint Kitts and Nevis",
          "code" : "KN",
          "capital" : "Basseterre",
          "province" : "Saint Kitts and Nevis",
          "area" : 269,
          "population" : 46398,
          "encompasses_continent" : "North America",
          "encompass_percentage" : 100,
          "continent_area" : 24709000
        },
        {
          "name" : "Antigua and Barbuda",
          "code" : "AG",
          "capital" : "St. John's",
          "province" : "Antigua and Barbuda",
          "area" : 442,
          "population" : 81799,
          "encompasses_continent" : "North America",
          "encompass_percentage" : 100,
          "continent_area" : 24709000
        },
        {
          "name" : "Montserrat",
          "code" : "MNTS",
          "capital" : "Plymouth",
          "province" : "Montserrat",
          "area" : 102,
          "population" : 4922,
          "encompasses_continent" : "North America",
          "encompass_percentage" : 100,
          "continent_area" : 24709000
        },
        {
          "name" : "Guadeloupe",
          "code" : "GUAD",
          "capital" : "Basse-Terre",
          "province" : "Guadeloupe",
          "area" : 1628,
          "population" : 394110,
          "encompasses_continent" : "North America",
          "encompass_percentage" : 100,
          "continent_area" : 24709000
        },
        {
          "name" : "Dominica",
          "code" : "WD",
          "capital" : "Roseau",
          "province" : "Dominica",
          "area" : 746,
          "population" : 70739,
          "encompasses_continent" : "North America",
          "encompass_percentage" : 100,
          "continent_area" : 24709000
        },
        {
          "name" : "Martinique",
          "code" : "MART",
          "capital" : "Fort-de-France",
          "province" : "Martinique",
          "area" : 1128,
          "population" : 385551,
          "encompasses_continent" : "North America",
          "encompass_percentage" : 100,
          "continent_area" : 24709000
        },
        {
          "name" : "Saint Lucia",
          "code" : "WL",
          "capital" : "Castries",
          "province" : "Saint Lucia",
          "area" : 620,
          "population" : 165595,
          "encompasses_continent" : "North America",
          "encompass_percentage" : 100,
          "continent_area" : 24709000
        },
        {
          "name" : "Barbados",
          "code" : "BDS",
          "capital" : "Bridgetown",
          "province" : "Barbados",
          "area" : 430,
          "population" : 277821,
          "encompasses_continent" : "North America",
          "encompass_percentage" : 100,
          "continent_area" : 24709000
        },
        {
          "name" : "Saint Vincent and the Grenadines",
          "code" : "WV",
          "capital" : "Kingstown",
          "province" : "Saint Vincent and the Grenadines",
          "area" : 389,
          "population" : 109991,
          "encompasses_continent" : "North America",
          "encompass_percentage" : 100,
          "continent_area" : 24709000
        },
        {
          "name" : "Grenada",
          "code" : "WG",
          "capital" : "Saint George's",
          "province" : "Grenada",
          "area" : 344,
          "population" : 103328,
          "encompasses_continent" : "North America",
          "encompass_percentage" : 100,
          "continent_area" : 24709000
        },
        {
          "name" : "Trinidad and Tobago",
          "code" : "TT",
          "capital" : "Port-of-Spain",
          "province" : "Trinidad and Tobago",
          "area" : 5130,
          "population" : 1328019,
          "encompasses_continent" : "North America",
          "encompass_percentage" : 100,
          "continent_area" : 24709000
        },
        {
          "name" : "Bonaire",
          "code" : "NLB",
          "capital" : "Kralendijk",
          "province" : "Bonaire",
          "area" : 294,
          "population" : 20104,
          "encompasses_continent" : "South America",
          "encompass_percentage" : 100,
          "continent_area" : 17840000
        },
        {
          "name" : "Curacao",
          "code" : "CUR",
          "capital" : "Willemstad",
          "province" : "Curacao",
          "area" : 444,
          "population" : 150563,
          "encompasses_continent" : "South America",
          "encompass_percentage" : 100,
          "continent_area" : 17840000
        },
        {
          "name" : "Aruba",
          "code" : "ARU",
          "capital" : "Oranjestad",
          "province" : "Aruba",
          "area" : 193,
          "population" : 101484,
          "encompasses_continent" : "South America",
          "encompass_percentage" : 100,
          "continent_area" : 17840000
        },
        {
          "name" : "Venezuela",
          "code" : "YV",
          "capital" : "Caracas",
          "province" : "Distrito Federal",
          "area" : 912050,
          "population" : 28946101,
          "encompasses_continent" : "South America",
          "encompass_percentage" : 100,
          "continent_area" : 17840000
        },
        {
          "name" : "Guyana",
          "code" : "GUY",
          "capital" : "Georgetown",
          "province" : "Guyana",
          "area" : 214970,
          "population" : 747884,
          "encompasses_continent" : "South America",
          "encompass_percentage" : 100,
          "continent_area" : 17840000
        },
        {
          "name" : "Suriname",
          "code" : "SME",
          "capital" : "Paramaribo",
          "province" : "Suriname",
          "area" : 163270,
          "population" : 541638,
          "encompasses_continent" : "South America",
          "encompass_percentage" : 100,
          "continent_area" : 17840000
        },
        {
          "name" : "French Guiana",
          "code" : "FGU",
          "capital" : "Cayenne",
          "province" : "French Guiana",
          "area" : 83534,
          "population" : 268700,
          "encompasses_continent" : "South America",
          "encompass_percentage" : 100,
          "continent_area" : 17840000
        },
        {
          "name" : "Colombia",
          "code" : "CO",
          "capital" : "Bogotá",
          "province" : "Santa Fe de Bogotá",
          "area" : 1138910,
          "population" : 47661787,
          "encompasses_continent" : "South America",
          "encompass_percentage" : 100,
          "continent_area" : 17840000
        },
        {
          "name" : "Ecuador",
          "code" : "EC",
          "capital" : "Quito",
          "province" : "Ecuador",
          "area" : 283560,
          "population" : 14483499,
          "encompasses_continent" : "South America",
          "encompass_percentage" : 100,
          "continent_area" : 17840000
        },
        {
          "name" : "Peru",
          "code" : "PE",
          "capital" : "Lima",
          "province" : "Lima City",
          "area" : 1285220,
          "population" : 30135875,
          "encompasses_continent" : "South America",
          "encompass_percentage" : 100,
          "continent_area" : 17840000
        },
        {
          "name" : "Bolivia",
          "code" : "BOL",
          "capital" : "La Paz",
          "province" : "La Paz",
          "area" : 1098580,
          "population" : 10027262,
          "encompasses_continent" : "South America",
          "encompass_percentage" : 100,
          "continent_area" : 17840000
        },
        {
          "name" : "Chile",
          "code" : "RCH",
          "capital" : "Santiago",
          "province" : "Santiago",
          "area" : 756950,
          "population" : 16341929,
          "encompasses_continent" : "South America",
          "encompass_percentage" : 100,
          "continent_area" : 17840000
        },
        {
          "name" : "Argentina",
          "code" : "RA",
          "capital" : "Buenos Aires",
          "province" : "Distrito Federal",
          "area" : 2766890,
          "population" : 42669500,
          "encompasses_continent" : "South America",
          "encompass_percentage" : 100,
          "continent_area" : 17840000
        },
        {
          "name" : "Paraguay",
          "code" : "PY",
          "capital" : "Asunción",
          "province" : "Paraguay",
          "area" : 406750,
          "population" : 6672631,
          "encompasses_continent" : "South America",
          "encompass_percentage" : 100,
          "continent_area" : 17840000
        },
        {
          "name" : "Uruguay",
          "code" : "ROU",
          "capital" : "Montevideo",
          "province" : "Uruguay",
          "area" : 176220,
          "population" : 3286314,
          "encompasses_continent" : "South America",
          "encompass_percentage" : 100,
          "continent_area" : 17840000
        },
        {
          "name" : "Brazil",
          "code" : "BR",
          "capital" : "Brasília",
          "province" : "Distrito Federal",
          "area" : 8511965,
          "population" : 202768562,
          "encompasses_continent" : "South America",
          "encompass_percentage" : 100,
          "continent_area" : 17840000
        },
        {
          "name" : "Falkland Islands",
          "code" : "FALK",
          "capital" : "Stanley",
          "province" : "Falkland Islands",
          "area" : 12173,
          "population" : 3398,
          "encompasses_continent" : "South America",
          "encompass_percentage" : 100,
          "continent_area" : 17840000
        }
      ]
    }
  ]
}