{
  "results" : [
    {
      "columns" : [
        {
          "name" : "COUNTRY",
          "type" : "VARCHAR2"
        },
        {
          "name" : "INDEPENDENCE",
          "type" : "DATE"
        },
        {
          "name" : "WASDEPENDENT",
          "type" : "VARCHAR2"
        },
        {
          "name" : "DEPENDENT",
          "type" : "VARCHAR2"
        },
        {
          "name" : "GOVERNMENT",
          "type" : "VARCHAR2"
        }
      ],
      "items" : [
        {
          "country" : "AL",
          "independence" : "28-NOV-12",
          "wasdependent" : "Ottoman Empire",
          "dependent" : "",
          "government" : "parliamentary democracy"
        },
        {
          "country" : "GR",
          "independence" : "01-JAN-29",
          "wasdependent" : "Ottoman Empire",
          "dependent" : "",
          "government" : "parliamentary republic"
        },
        {
          "country" : "CY",
          "independence" : "16-AUG-60",
          "wasdependent" : "GB",
          "dependent" : "",
          "government" : "republic"
        },
        {
          "country" : "MK",
          "independence" : "17-SEP-91",
          "wasdependent" : "Yugoslavia",
          "dependent" : "",
          "government" : "parliamentary democracy"
        },
        {
          "country" : "SRB",
          "independence" : "11-APR-92",
          "wasdependent" : "Yugoslavia",
          "dependent" : "",
          "government" : "republic"
        },
        {
          "country" : "MNE",
          "independence" : "03-JUN-06",
          "wasdependent" : "SRB",
          "dependent" : "",
          "government" : "republic"
        },
        {
          "country" : "KOS",
          "independence" : "17-FEB-08",
          "wasdependent" : "SRB",
          "dependent" : "",
          "government" : "republic"
        },
        {
          "country" : "AND",
          "independence" : "08-SEP-78",
          "wasdependent" : "",
          "dependent" : "",
          "government" : "parliamentary democracy that retains as its chiefs of state a co-principality"
        },
        {
          "country" : "F",
          "independence" : "",
          "wasdependent" : "",
          "dependent" : "",
          "government" : "republic"
        },
        {
          "country" : "E",
          "independence" : "01-JAN-92",
          "wasdependent" : "",
          "dependent" : "",
          "government" : "parliamentary monarchy"
        },
        {
          "country" : "CZ",
          "independence" : "01-JAN-93",
          "wasdependent" : "Czechoslovakia",
          "dependent" : "",
          "government" : "parliamentary democracy"
        },
        {
          "country" : "SK",
          "independence" : "01-JAN-93",
          "wasdependent" : "Czechoslovakia",
          "dependent" : "",
          "government" : "parliamentary democracy"
        },
        {
          "country" : "D",
          "independence" : "18-JAN-71",
          "wasdependent" : "",
          "dependent" : "",
          "government" : "federal republic"
        },
        {
          "country" : "H",
          "independence" : "18-NOV-18",
          "wasdependent" : "Austria-Hungary",
          "dependent" : "",
          "government" : "parliamentary democracy"
        },
        {
          "country" : "I",
          "independence" : "17-MAR-61",
          "wasdependent" : "",
          "dependent" : "",
          "government" : "republic"
        },
        {
          "country" : "CH",
          "independence" : "01-JAN-91",
          "wasdependent" : "",
          "dependent" : "",
          "government" : "formally a confederation but similar in structure to a federal republic"
        },
        {
          "country" : "FL",
          "independence" : "12-JUL-06",
          "wasdependent" : "Holy Roman Empire",
          "dependent" : "",
          "government" : "hereditary constitutional monarchy"
        },
        {
          "country" : "A",
          "independence" : "12-NOV-18",
          "wasdependent" : "Austria-Hungary",
          "dependent" : "",
          "government" : "federal republic"
        },
        {
          "country" : "EST",
          "independence" : "06-SEP-91",
          "wasdependent" : "Soviet Union",
          "dependent" : "",
          "government" : "parliamentary republic"
        },
        {
          "country" : "LV",
          "independence" : "06-SEP-91",
          "wasdependent" : "Soviet Union",
          "dependent" : "",
          "government" : "parliamentary democracy"
        },
        {
          "country" : "LT",
          "independence" : "06-SEP-91",
          "wasdependent" : "Soviet Union",
          "dependent" : "",
          "government" : "parliamentary democracy"
        },
        {
          "country" : "BY",
          "independence" : "25-AUG-91",
          "wasdependent" : "Soviet Union",
          "dependent" : "",
          "government" : "republic in name, although in fact a dictatorship"
        },
        {
          "country" : "PL",
          "independence" : "11-NOV-18",
          "wasdependent" : "",
          "dependent" : "",
          "government" : "republic"
        },
        {
          "country" : "UA",
          "independence" : "01-DEC-91",
          "wasdependent" : "Soviet Union",
          "dependent" : "",
          "government" : "republic"
        },
        {
          "country" : "R",
          "independence" : "24-AUG-91",
          "wasdependent" : "Soviet Union",
          "dependent" : "",
          "government" : "federation"
        },
        {
          "country" : "B",
          "independence" : "04-OCT-30",
          "wasdependent" : "NL",
          "dependent" : "",
          "government" : "federal parliamentary democracy under a constitutional monarchy"
        },
        {
          "country" : "L",
          "independence" : "24-NOV-90",
          "wasdependent" : "NL",
          "dependent" : "",
          "government" : "constitutional monarchy"
        },
        {
          "country" : "NL",
          "independence" : "01-JAN-79",
          "wasdependent" : "E",
          "dependent" : "",
          "government" : "constitutional monarchy"
        },
        {
          "country" : "SLO",
          "independence" : "25-JUN-91",
          "wasdependent" : "Yugoslavia",
          "dependent" : "",
          "government" : "parliamentary republic"
        },
        {
          "country" : "HR",
          "independence" : "25-JUN-91",
          "wasdependent" : "Yugoslavia",
          "dependent" : "",
          "government" : "parliamentary democracy"
        },
        {
          "country" : "BIH",
          "independence" : "01-APR-92",
          "wasdependent" : "Yugoslavia",
          "dependent" : "",
          "government" : "emerging federal democratic republic"
        },
        {
          "country" : "BG",
          "independence" : "22-SEP-08",
          "wasdependent" : "Ottoman Empire",
          "dependent" : "",
          "government" : "parliamentary democracy"
        },
        {
          "country" : "RO",
          "independence" : "09-MAY-77",
          "wasdependent" : "Ottoman Empire",
          "dependent" : "",
          "government" : "republic"
        },
        {
          "country" : "DK",
          "independence" : "",
          "wasdependent" : "",
          "dependent" : "",
          "government" : "constitutional monarchy"
        },
        {
          "country" : "IS",
          "independence" : "17-JUN-44",
          "wasdependent" : "DK",
          "dependent" : "",
          "government" : "constitutional republic"
        },
        {
          "country" : "FO",
          "independence" : "",
          "wasdependent" : "",
          "dependent" : "DK",
          "government" : "part of the Danish realm"
        },
        {
          "country" : "IRL",
          "independence" : "06-DEC-21",
          "wasdependent" : "GB",
          "dependent" : "",
          "government" : "republic, parliamentary democracy"
        },
        {
          "country" : "SF",
          "independence" : "06-DEC-17",
          "wasdependent" : "R",
          "dependent" : "",
          "government" : "republic"
        },
        {
          "country" : "N",
          "independence" : "26-OCT-05",
          "wasdependent" : "S",
          "dependent" : "",
          "government" : "constitutional monarchy"
        },
        {
          "country" : "S",
          "independence" : "",
          "wasdependent" : "",
          "dependent" : "",
          "government" : "constitutional monarchy"
        },
        {
          "country" : "MC",
          "independence" : "01-JAN-19",
          "wasdependent" : "",
          "dependent" : "",
          "government" : "constitutional monarchy"
        },
        {
          "country" : "V",
          "independence" : "11-FEB-29",
          "wasdependent" : "I",
          "dependent" : "",
          "government" : "monarchical sacerdotal state"
        },
        {
          "country" : "CEU",
          "independence" : "",
          "wasdependent" : "",
          "dependent" : "E",
          "government" : "dependent territory of Spain"
        },
        {
          "country" : "MEL",
          "independence" : "",
          "wasdependent" : "",
          "dependent" : "E",
          "government" : "dependent territory of Spain"
        },
        {
          "country" : "RSM",
          "independence" : "01-JAN-01",
          "wasdependent" : "",
          "dependent" : "",
          "government" : "republic"
        },
        {
          "country" : "M",
          "independence" : "21-SEP-64",
          "wasdependent" : "GB",
          "dependent" : "",
          "government" : "republic"
        },
        {
          "country" : "GBM",
          "independence" : "",
          "wasdependent" : "",
          "dependent" : "GB",
          "government" : "parliamentary democracy"
        },
        {
          "country" : "MD",
          "independence" : "27-AUG-91",
          "wasdependent" : "Soviet Union",
          "dependent" : "",
          "government" : "republic"
        },
        {
          "country" : "P",
          "independence" : "25-JUL-39",
          "wasdependent" : "E",
          "dependent" : "",
          "government" : "republic; parliamentary democracy"
        },
        {
          "country" : "SVA",
          "independence" : "",
          "wasdependent" : "",
          "dependent" : "N",
          "government" : "territory of Norway administered by the Ministry of Industry"
        },
        {
          "country" : "GB",
          "independence" : "01-JAN-01",
          "wasdependent" : "",
          "dependent" : "",
          "government" : "constitutional monarchy and Commonwealth realm"
        },
        {
          "country" : "GBZ",
          "independence" : "",
          "wasdependent" : "",
          "dependent" : "GB",
          "government" : "dependent territory of the UK"
        },
        {
          "country" : "GBG",
          "independence" : "",
          "wasdependent" : "",
          "dependent" : "GB",
          "government" : "parliamentary democracy"
        },
        {
          "country" : "GBJ",
          "independence" : "",
          "wasdependent" : "",
          "dependent" : "GB",
          "government" : "parliamentary democracy"
        },
        {
          "country" : "ARM",
          "independence" : "28-MAY-18",
          "wasdependent" : "Soviet Union",
          "dependent" : "",
          "government" : "republic"
        },
        {
          "country" : "GE",
          "independence" : "09-APR-91",
          "wasdependent" : "Soviet Union",
          "dependent" : "",
          "government" : "republic"
        },
        {
          "country" : "AZ",
          "independence" : "30-AUG-91",
          "wasdependent" : "Soviet Union",
          "dependent" : "",
          "government" : "republic"
        },
        {
          "country" : "TR",
          "independence" : "29-OCT-23",
          "wasdependent" : "Ottoman Empire",
          "dependent" : "",
          "government" : "republican parliamentary democracy"
        },
        {
          "country" : "RL",
          "independence" : "22-NOV-43",
          "wasdependent" : "United Nations",
          "dependent" : "",
          "government" : "republic"
        },
        {
          "country" : "WB",
          "independence" : "",
          "wasdependent" : "",
          "dependent" : "",
          "government" : ""
        },
        {
          "country" : "GAZA",
          "independence" : "",
          "wasdependent" : "",
          "dependent" : "",
          "government" : ""
        },
        {
          "country" : "IL",
          "independence" : "14-MAY-48",
          "wasdependent" : "United Nations",
          "dependent" : "",
          "government" : "parliamentary democracy"
        },
        {
          "country" : "SYR",
          "independence" : "17-APR-46",
          "wasdependent" : "United Nations",
          "dependent" : "",
          "government" : "republic under an authoritarian regime"
        },
        {
          "country" : "JOR",
          "independence" : "25-MAY-46",
          "wasdependent" : "United Nations",
          "dependent" : "",
          "government" : "constitutional monarchy"
        },
        {
          "country" : "SA",
          "independence" : "23-SEP-32",
          "wasdependent" : "",
          "dependent" : "",
          "government" : "monarchy"
        },
        {
          "country" : "BRN",
          "independence" : "15-AUG-71",
          "wasdependent" : "GB",
          "dependent" : "",
          "government" : "constitutional monarchy"
        },
        {
          "country" : "Q",
          "independence" : "03-SEP-71",
          "wasdependent" : "GB",
          "dependent" : "",
          "government" : "emirate"
        },
        {
          "country" : "UAE",
          "independence" : "02-DEC-71",
          "wasdependent" : "GB",
          "dependent" : "",
          "government" : "federation with specified powers delegated to the UAE federal government and other powers reserved to member emirates"
        },
        {
          "country" : "OM",
          "independence" : "01-JAN-50",
          "wasdependent" : "P",
          "dependent" : "",
          "government" : "monarchy"
        },
        {
          "country" : "YE",
          "independence" : "22-MAY-90",
          "wasdependent" : "Merger of North/South Yemen",
          "dependent" : "",
          "government" : "republic"
        },
        {
          "country" : "KWT",
          "independence" : "19-JUN-61",
          "wasdependent" : "GB",
          "dependent" : "",
          "government" : "constitutional emirate"
        },
        {
          "country" : "IRQ",
          "independence" : "03-OCT-32",
          "wasdependent" : "United Nations",
          "dependent" : "",
          "government" : "parliamentary democracy"
        },
        {
          "country" : "IR",
          "independence" : "",
          "wasdependent" : "",
          "dependent" : "",
          "government" : "theocratic republic"
        },
        {
          "country" : "AFG",
          "independence" : "19-AUG-19",
          "wasdependent" : "GB",
          "dependent" : "",
          "government" : "Islamic republic"
        },
        {
          "country" : "TM",
          "independence" : "27-OCT-91",
          "wasdependent" : "Soviet Union",
          "dependent" : "",
          "government" : "authoritarian presidential rule"
        },
        {
          "country" : "UZ",
          "independence" : "31-AUG-91",
          "wasdependent" : "Soviet Union",
          "dependent" : "",
          "government" : "republic; authoritarian presidential rule with little power outside the executive branch"
        },
        {
          "country" : "TJ",
          "independence" : "09-SEP-91",
          "wasdependent" : "Soviet Union",
          "dependent" : "",
          "government" : "republic"
        },
        {
          "country" : "KG",
          "independence" : "31-AUG-91",
          "wasdependent" : "Soviet Union",
          "dependent" : "",
          "government" : "republic"
        },
        {
          "country" : "KZ",
          "independence" : "16-DEC-91",
          "wasdependent" : "Soviet Union",
          "dependent" : "",
          "government" : "republic; authoritarian presidential rule, with little power outside the executive branch"
        },
        {
          "country" : "MNG",
          "independence" : "13-MAR-21",
          "wasdependent" : "CN",
          "dependent" : "",
          "government" : "parliamentary"
        },
        {
          "country" : "MV",
          "independence" : "26-JUL-65",
          "wasdependent" : "GB",
          "dependent" : "",
          "government" : "republic"
        },
        {
          "country" : "PK",
          "independence" : "14-AUG-47",
          "wasdependent" : "GB",
          "dependent" : "",
          "government" : "federal republic"
        },
        {
          "country" : "IND",
          "independence" : "15-AUG-47",
          "wasdependent" : "GB",
          "dependent" : "",
          "government" : "federal republic"
        },
        {
          "country" : "NEP",
          "independence" : "01-JAN-68",
          "wasdependent" : "",
          "dependent" : "",
          "government" : "federal democratic republic"
        },
        {
          "country" : "BHT",
          "independence" : "08-AUG-49",
          "wasdependent" : "GB",
          "dependent" : "",
          "government" : "constitutional monarchy"
        },
        {
          "country" : "BD",
          "independence" : "16-DEC-71",
          "wasdependent" : "PK",
          "dependent" : "",
          "government" : "parliamentary democracy"
        },
        {
          "country" : "MYA",
          "independence" : "04-JAN-48",
          "wasdependent" : "GB",
          "dependent" : "",
          "government" : "parliamentary government took power in March 2011"
        },
        {
          "country" : "CL",
          "independence" : "04-FEB-48",
          "wasdependent" : "GB",
          "dependent" : "",
          "government" : "republic"
        },
        {
          "country" : "CN",
          "independence" : "",
          "wasdependent" : "",
          "dependent" : "",
          "government" : "Socialist republic"
        },
        {
          "country" : "RC",
          "independence" : "01-OCT-49",
          "wasdependent" : "",
          "dependent" : "",
          "government" : "multiparty democracy"
        },
        {
          "country" : "HK",
          "independence" : "",
          "wasdependent" : "",
          "dependent" : "CN",
          "government" : "limited democracy"
        },
        {
          "country" : "MACX",
          "independence" : "",
          "wasdependent" : "",
          "dependent" : "CN",
          "government" : "limited democracy"
        },
        {
          "country" : "KP",
          "independence" : "15-AUG-45",
          "wasdependent" : "J",
          "dependent" : "",
          "government" : "Communist state one-man dictatorship"
        },
        {
          "country" : "ROK",
          "independence" : "15-AUG-45",
          "wasdependent" : "J",
          "dependent" : "",
          "government" : "republic"
        },
        {
          "country" : "J",
          "independence" : "",
          "wasdependent" : "",
          "dependent" : "",
          "government" : "a parliamentary government with a constitutional monarchy"
        },
        {
          "country" : "RP",
          "independence" : "04-JUL-46",
          "wasdependent" : "USA",
          "dependent" : "",
          "government" : "republic"
        },
        {
          "country" : "VN",
          "independence" : "02-SEP-45",
          "wasdependent" : "F",
          "dependent" : "",
          "government" : "Communist state"
        },
        {
          "country" : "K",
          "independence" : "09-NOV-49",
          "wasdependent" : "F",
          "dependent" : "",
          "government" : "multiparty democracy under a constitutional monarchy"
        },
        {
          "country" : "LAO",
          "independence" : "19-JUL-49",
          "wasdependent" : "F",
          "dependent" : "",
          "government" : "Communist state"
        },
        {
          "country" : "THA",
          "independence" : "01-JAN-38",
          "wasdependent" : "",
          "dependent" : "",
          "government" : "constitutional monarchy"
        },
        {
          "country" : "MAL",
          "independence" : "31-AUG-57",
          "wasdependent" : "GB",
          "dependent" : "",
          "government" : "constitutional monarchy"
        },
        {
          "country" : "BRU",
          "independence" : "01-JAN-84",
          "wasdependent" : "GB",
          "dependent" : "",
          "government" : "constitutional sultanate (locally known as Malay Islamic Monarchy)"
        },
        {
          "country" : "SGP",
          "independence" : "09-AUG-65",
          "wasdependent" : "MAL",
          "dependent" : "",
          "government" : "parliamentary republic"
        },
        {
          "country" : "RI",
          "independence" : "17-AUG-45",
          "wasdependent" : "NL",
          "dependent" : "",
          "government" : "republic"
        },
        {
          "country" : "TL",
          "independence" : "20-MAY-02",
          "wasdependent" : "RI",
          "dependent" : "",
          "government" : "republic"
        },
        {
          "country" : "PNG",
          "independence" : "16-SEP-75",
          "wasdependent" : "United Nations",
          "dependent" : "",
          "government" : "constitutional parliamentary democracy and a Commonwealth realm"
        },
        {
          "country" : "SOL",
          "independence" : "07-JUL-78",
          "wasdependent" : "GB",
          "dependent" : "",
          "government" : "parliamentary democracy and a Commonwealth realm"
        },
        {
          "country" : "VU",
          "independence" : "30-JUL-80",
          "wasdependent" : "F",
          "dependent" : "",
          "government" : "parliamentary republic"
        },
        {
          "country" : "NCL",
          "independence" : "",
          "wasdependent" : "",
          "dependent" : "F",
          "government" : "parliamentary representative democracy"
        },
        {
          "country" : "AUS",
          "independence" : "01-JAN-01",
          "wasdependent" : "GB",
          "dependent" : "",
          "government" : "federal parliamentary democracy and a Commonwealth realm"
        },
        {
          "country" : "XMAS",
          "independence" : "",
          "wasdependent" : "",
          "dependent" : "AUS",
          "government" : "territory of Australia"
        },
        {
          "country" : "COCO",
          "independence" : "",
          "wasdependent" : "",
          "dependent" : "AUS",
          "government" : "territory of Australia"
        },
        {
          "country" : "NORF",
          "independence" : "",
          "wasdependent" : "",
          "dependent" : "AUS",
          "government" : "territory of Australia"
        },
        {
          "country" : "NZ",
          "independence" : "26-SEP-07",
          "wasdependent" : "GB",
          "dependent" : "",
          "government" : "parliamentary democracy and a Commonwealth realm"
        },
        {
          "country" : "PAL",
          "independence" : "01-OCT-94",
          "wasdependent" : "United Nations",
          "dependent" : "",
          "government" : "constitutional government in free association with the US"
        },
        {
          "country" : "NMIS",
          "independence" : "",
          "wasdependent" : "",
          "dependent" : "USA",
          "government" : "commonwealth; self-governing with locally elected governor, lieutenant governor, and legislature"
        },
        {
          "country" : "GUAM",
          "independence" : "",
          "wasdependent" : "",
          "dependent" : "USA",
          "government" : "organized"
        },
        {
          "country" : "FSM",
          "independence" : "03-NOV-86",
          "wasdependent" : "United Nations",
          "dependent" : "",
          "government" : "constitutional government in free association with the US"
        },
        {
          "country" : "MH",
          "independence" : "21-OCT-86",
          "wasdependent" : "United Nations",
          "dependent" : "",
          "government" : "constitutional government in free association with the US"
        },
        {
          "country" : "NAU",
          "independence" : "31-JAN-68",
          "wasdependent" : "United Nations",
          "dependent" : "",
          "government" : "republic"
        },
        {
          "country" : "KIR",
          "independence" : "12-JUL-79",
          "wasdependent" : "GB",
          "dependent" : "",
          "government" : "republic"
        },
        {
          "country" : "TUV",
          "independence" : "01-OCT-78",
          "wasdependent" : "GB",
          "dependent" : "",
          "government" : "parliamentary democracy and a Commonwealth realm"
        },
        {
          "country" : "TOK",
          "independence" : "",
          "wasdependent" : "",
          "dependent" : "NZ",
          "government" : ""
        },
        {
          "country" : "WS",
          "independence" : "01-JAN-62",
          "wasdependent" : "United Nations",
          "dependent" : "",
          "government" : "parliamentary democracy"
        },
        {
          "country" : "AMSA",
          "independence" : "",
          "wasdependent" : "",
          "dependent" : "USA",
          "government" : "unincorporated and unorganized territory of the US"
        },
        {
          "country" : "WF",
          "independence" : "",
          "wasdependent" : "",
          "dependent" : "F",
          "government" : "parliamentary representative democratic French overseas collectivity"
        },
        {
          "country" : "FJI",
          "independence" : "10-OCT-70",
          "wasdependent" : "GB",
          "dependent" : "",
          "government" : "republic"
        },
        {
          "country" : "TO",
          "independence" : "04-JUN-70",
          "wasdependent" : "GB",
          "dependent" : "",
          "government" : "constitutional monarchy"
        },
        {
          "country" : "NIUE",
          "independence" : "19-OCT-74",
          "wasdependent" : "NZ",
          "dependent" : "",
          "government" : "self-governing parliamentary democracy"
        },
        {
          "country" : "COOK",
          "independence" : "04-AUG-65",
          "wasdependent" : "NZ",
          "dependent" : "",
          "government" : "self-governing parliamentary democracy"
        },
        {
          "country" : "FPOL",
          "independence" : "",
          "wasdependent" : "",
          "dependent" : "F",
          "government" : "parliamentary representative democratic French overseas collectivity"
        },
        {
          "country" : "PITC",
          "independence" : "",
          "wasdependent" : "",
          "dependent" : "GB",
          "government" : "British Overseas Territories"
        },
        {
          "country" : "ET",
          "independence" : "28-FEB-22",
          "wasdependent" : "GB",
          "dependent" : "",
          "government" : "republic"
        },
        {
          "country" : "LAR",
          "independence" : "24-DEC-51",
          "wasdependent" : "I",
          "dependent" : "",
          "government" : "operates under a transitional government"
        },
        {
          "country" : "TN",
          "independence" : "20-MAR-56",
          "wasdependent" : "F",
          "dependent" : "",
          "government" : "republic"
        },
        {
          "country" : "DZ",
          "independence" : "05-JUL-62",
          "wasdependent" : "F",
          "dependent" : "",
          "government" : "republic"
        },
        {
          "country" : "MA",
          "independence" : "02-MAR-56",
          "wasdependent" : "F",
          "dependent" : "",
          "government" : "constitutional monarchy"
        },
        {
          "country" : "WSA",
          "independence" : "",
          "wasdependent" : "",
          "dependent" : "",
          "government" : "legal status of territory and question of sovereignty unresolved"
        },
        {
          "country" : "RMM",
          "independence" : "22-SEP-60",
          "wasdependent" : "F",
          "dependent" : "",
          "government" : "republic"
        },
        {
          "country" : "RIM",
          "independence" : "28-NOV-60",
          "wasdependent" : "F",
          "dependent" : "",
          "government" : "military junta"
        },
        {
          "country" : "SN",
          "independence" : "20-AUG-60",
          "wasdependent" : "F",
          "dependent" : "",
          "government" : "republic"
        },
        {
          "country" : "WAG",
          "independence" : "18-FEB-65",
          "wasdependent" : "GB",
          "dependent" : "",
          "government" : "republic"
        },
        {
          "country" : "GUB",
          "independence" : "10-SEP-74",
          "wasdependent" : "P",
          "dependent" : "",
          "government" : "republic"
        },
        {
          "country" : "RG",
          "independence" : "02-OCT-58",
          "wasdependent" : "F",
          "dependent" : "",
          "government" : "republic"
        },
        {
          "country" : "SLE",
          "independence" : "27-APR-61",
          "wasdependent" : "GB",
          "dependent" : "",
          "government" : "constitutional democracy"
        },
        {
          "country" : "LB",
          "independence" : "26-JUL-47",
          "wasdependent" : "",
          "dependent" : "",
          "government" : "republic"
        },
        {
          "country" : "BF",
          "independence" : "05-AUG-60",
          "wasdependent" : "F",
          "dependent" : "",
          "government" : "parliamentary republic"
        },
        {
          "country" : "CI",
          "independence" : "07-AUG-60",
          "wasdependent" : "F",
          "dependent" : "",
          "government" : "republic; multiparty presidential regime established 1960"
        },
        {
          "country" : "GH",
          "independence" : "06-MAR-57",
          "wasdependent" : "GB",
          "dependent" : "",
          "government" : "constitutional democracy"
        },
        {
          "country" : "RT",
          "independence" : "27-APR-60",
          "wasdependent" : "F",
          "dependent" : "",
          "government" : "republic under transition to multiparty democratic rule"
        },
        {
          "country" : "BEN",
          "independence" : "01-AUG-60",
          "wasdependent" : "F",
          "dependent" : "",
          "government" : "republic"
        },
        {
          "country" : "NGR",
          "independence" : "01-OCT-60",
          "wasdependent" : "GB",
          "dependent" : "",
          "government" : "federal republic"
        },
        {
          "country" : "RN",
          "independence" : "03-AUG-60",
          "wasdependent" : "F",
          "dependent" : "",
          "government" : "republic"
        },
        {
          "country" : "TCH",
          "independence" : "11-AUG-60",
          "wasdependent" : "F",
          "dependent" : "",
          "government" : "republic"
        },
        {
          "country" : "SUD",
          "independence" : "01-JAN-56",
          "wasdependent" : "ET",
          "dependent" : "",
          "government" : "federal republic"
        },
        {
          "country" : "SSD",
          "independence" : "09-JUL-11",
          "wasdependent" : "SUD",
          "dependent" : "",
          "government" : "republic"
        },
        {
          "country" : "RCA",
          "independence" : "13-AUG-60",
          "wasdependent" : "F",
          "dependent" : "",
          "government" : "republic"
        },
        {
          "country" : "CAM",
          "independence" : "01-JAN-60",
          "wasdependent" : "United Nations",
          "dependent" : "",
          "government" : "republic; multiparty presidential regime"
        },
        {
          "country" : "GQ",
          "independence" : "12-OCT-68",
          "wasdependent" : "E",
          "dependent" : "",
          "government" : "republic"
        },
        {
          "country" : "G",
          "independence" : "17-AUG-60",
          "wasdependent" : "F",
          "dependent" : "",
          "government" : "republic; multiparty presidential regime"
        },
        {
          "country" : "RCB",
          "independence" : "15-AUG-60",
          "wasdependent" : "F",
          "dependent" : "",
          "government" : "republic"
        },
        {
          "country" : "CGO",
          "independence" : "30-JUN-60",
          "wasdependent" : "B",
          "dependent" : "",
          "government" : "republic"
        },
        {
          "country" : "ANG",
          "independence" : "11-NOV-75",
          "wasdependent" : "P",
          "dependent" : "",
          "government" : "republic; multiparty presidential regime"
        },
        {
          "country" : "NAM",
          "independence" : "21-MAR-90",
          "wasdependent" : "United Nations",
          "dependent" : "",
          "government" : "republic"
        },
        {
          "country" : "RB",
          "independence" : "30-SEP-66",
          "wasdependent" : "GB",
          "dependent" : "",
          "government" : "parliamentary republic"
        },
        {
          "country" : "RSA",
          "independence" : "31-MAY-10",
          "wasdependent" : "GB",
          "dependent" : "",
          "government" : "republic"
        },
        {
          "country" : "LS",
          "independence" : "04-OCT-66",
          "wasdependent" : "GB",
          "dependent" : "",
          "government" : "parliamentary constitutional monarchy"
        },
        {
          "country" : "SD",
          "independence" : "06-SEP-68",
          "wasdependent" : "GB",
          "dependent" : "",
          "government" : "monarchy"
        },
        {
          "country" : "MOC",
          "independence" : "25-JUN-75",
          "wasdependent" : "P",
          "dependent" : "",
          "government" : "republic"
        },
        {
          "country" : "ZW",
          "independence" : "18-APR-80",
          "wasdependent" : "GB",
          "dependent" : "",
          "government" : "parliamentary democracy"
        },
        {
          "country" : "Z",
          "independence" : "24-OCT-64",
          "wasdependent" : "GB",
          "dependent" : "",
          "government" : "republic"
        },
        {
          "country" : "MW",
          "independence" : "06-JUL-64",
          "wasdependent" : "GB",
          "dependent" : "",
          "government" : "multiparty democracy"
        },
        {
          "country" : "EAT",
          "independence" : "26-APR-64",
          "wasdependent" : "GB",
          "dependent" : "",
          "government" : "republic"
        },
        {
          "country" : "BI",
          "independence" : "01-JUL-62",
          "wasdependent" : "United Nations",
          "dependent" : "",
          "government" : "republic"
        },
        {
          "country" : "RWA",
          "independence" : "01-JUL-62",
          "wasdependent" : "United Nations",
          "dependent" : "",
          "government" : "republic; presidential, multiparty system"
        },
        {
          "country" : "EAU",
          "independence" : "09-OCT-62",
          "wasdependent" : "GB",
          "dependent" : "",
          "government" : "republic"
        },
        {
          "country" : "EAK",
          "independence" : "12-DEC-63",
          "wasdependent" : "GB",
          "dependent" : "",
          "government" : "republic"
        },
        {
          "country" : "SO",
          "independence" : "01-JUL-60",
          "wasdependent" : "GB",
          "dependent" : "",
          "government" : "in the process of building a federal parliamentary republic"
        },
        {
          "country" : "DJI",
          "independence" : "27-JUN-77",
          "wasdependent" : "F",
          "dependent" : "",
          "government" : "republic"
        },
        {
          "country" : "ETH",
          "independence" : "",
          "wasdependent" : "",
          "dependent" : "",
          "government" : "federal republic"
        },
        {
          "country" : "ER",
          "independence" : "27-MAY-93",
          "wasdependent" : "ETH",
          "dependent" : "",
          "government" : "transitional government"
        },
        {
          "country" : "CV",
          "independence" : "05-JUL-75",
          "wasdependent" : "P",
          "dependent" : "",
          "government" : "republic"
        },
        {
          "country" : "STP",
          "independence" : "12-JUL-75",
          "wasdependent" : "P",
          "dependent" : "",
          "government" : "republic"
        },
        {
          "country" : "SY",
          "independence" : "29-JUN-76",
          "wasdependent" : "GB",
          "dependent" : "",
          "government" : "republic"
        },
        {
          "country" : "COM",
          "independence" : "06-JUL-75",
          "wasdependent" : "F",
          "dependent" : "",
          "government" : "republic"
        },
        {
          "country" : "MAYO",
          "independence" : "",
          "wasdependent" : "",
          "dependent" : "F",
          "government" : "territorial collectivity of France"
        },
        {
          "country" : "RM",
          "independence" : "26-JUN-60",
          "wasdependent" : "F",
          "dependent" : "",
          "government" : "republic"
        },
        {
          "country" : "MS",
          "independence" : "12-MAR-68",
          "wasdependent" : "GB",
          "dependent" : "",
          "government" : "parliamentary democracy"
        },
        {
          "country" : "REUN",
          "independence" : "",
          "wasdependent" : "",
          "dependent" : "F",
          "government" : "overseas department of France"
        },
        {
          "country" : "HELX",
          "independence" : "",
          "wasdependent" : "",
          "dependent" : "GB",
          "government" : "British Overseas Territories"
        },
        {
          "country" : "GL",
          "independence" : "",
          "wasdependent" : "",
          "dependent" : "DK",
          "government" : "parliamentary democracy within a constitutional monarchy"
        },
        {
          "country" : "SPMI",
          "independence" : "",
          "wasdependent" : "",
          "dependent" : "F",
          "government" : "parliamentary representative democracy"
        },
        {
          "country" : "BERM",
          "independence" : "",
          "wasdependent" : "",
          "dependent" : "GB",
          "government" : "parliamentary; self-governing territory"
        },
        {
          "country" : "CDN",
          "independence" : "01-JUL-67",
          "wasdependent" : "GB",
          "dependent" : "",
          "government" : "a parliamentary democracy, a federation, and a constitutional monarchy"
        },
        {
          "country" : "USA",
          "independence" : "04-JUL-76",
          "wasdependent" : "GB",
          "dependent" : "",
          "government" : "constitution-based federal republic; strong democratic tradition"
        },
        {
          "country" : "MEX",
          "independence" : "16-SEP-10",
          "wasdependent" : "E",
          "dependent" : "",
          "government" : "federal republic"
        },
        {
          "country" : "BZ",
          "independence" : "21-SEP-81",
          "wasdependent" : "GB",
          "dependent" : "",
          "government" : "parliamentary democracy and a Commonwealth realm"
        },
        {
          "country" : "GCA",
          "independence" : "15-SEP-21",
          "wasdependent" : "E",
          "dependent" : "",
          "government" : "constitutional democratic republic"
        },
        {
          "country" : "ES",
          "independence" : "15-SEP-21",
          "wasdependent" : "E",
          "dependent" : "",
          "government" : "republic"
        },
        {
          "country" : "HN",
          "independence" : "15-SEP-21",
          "wasdependent" : "E",
          "dependent" : "",
          "government" : "democratic constitutional republic"
        },
        {
          "country" : "NIC",
          "independence" : "15-SEP-21",
          "wasdependent" : "E",
          "dependent" : "",
          "government" : "republic"
        },
        {
          "country" : "CR",
          "independence" : "15-SEP-21",
          "wasdependent" : "E",
          "dependent" : "",
          "government" : "democratic republic"
        },
        {
          "country" : "PA",
          "independence" : "03-NOV-03",
          "wasdependent" : "CO",
          "dependent" : "",
          "government" : "constitutional democracy"
        },
        {
          "country" : "BS",
          "independence" : "10-JUL-73",
          "wasdependent" : "GB",
          "dependent" : "",
          "government" : "constitutional parliamentary democracy and a Commonwealth realm"
        },
        {
          "country" : "TUCA",
          "independence" : "",
          "wasdependent" : "",
          "dependent" : "GB",
          "government" : "British Overseas Territories"
        },
        {
          "country" : "CAYM",
          "independence" : "",
          "wasdependent" : "",
          "dependent" : "GB",
          "government" : "parliamentary democracy"
        },
        {
          "country" : "C",
          "independence" : "20-MAY-02",
          "wasdependent" : "E",
          "dependent" : "",
          "government" : "Communist state"
        },
        {
          "country" : "JA",
          "independence" : "06-AUG-62",
          "wasdependent" : "GB",
          "dependent" : "",
          "government" : "constitutional parliamentary democracy and a Commonwealth realm"
        },
        {
          "country" : "RH",
          "independence" : "01-JAN-04",
          "wasdependent" : "F",
          "dependent" : "",
          "government" : "republic"
        },
        {
          "country" : "DOM",
          "independence" : "27-FEB-44",
          "wasdependent" : "RH",
          "dependent" : "",
          "government" : "democratic republic"
        },
        {
          "country" : "PR",
          "independence" : "",
          "wasdependent" : "",
          "dependent" : "USA",
          "government" : "commonwealth"
        },
        {
          "country" : "VIRG",
          "independence" : "",
          "wasdependent" : "",
          "dependent" : "USA",
          "government" : "organized"
        },
        {
          "country" : "BVI",
          "independence" : "",
          "wasdependent" : "",
          "dependent" : "GB",
          "government" : "British Overseas Territories"
        },
        {
          "country" : "AXA",
          "independence" : "",
          "wasdependent" : "",
          "dependent" : "GB",
          "government" : "British Overseas Territories"
        },
        {
          "country" : "SMAR",
          "independence" : "",
          "wasdependent" : "",
          "dependent" : "F",
          "government" : "overseas collectivity of France"
        },
        {
          "country" : "SX",
          "independence" : "",
          "wasdependent" : "",
          "dependent" : "NL",
          "government" : "parliamentary"
        },
        {
          "country" : "SBAR",
          "independence" : "",
          "wasdependent" : "",
          "dependent" : "F",
          "government" : "overseas collectivity of France"
        },
        {
          "country" : "KN",
          "independence" : "19-SEP-83",
          "wasdependent" : "GB",
          "dependent" : "",
          "government" : "parliamentary democracy and a Commonwealth realm"
        },
        {
          "country" : "AG",
          "independence" : "01-NOV-81",
          "wasdependent" : "GB",
          "dependent" : "",
          "government" : "constitutional monarchy with a parliamentary system of government and a Commonwealth realm"
        },
        {
          "country" : "MNTS",
          "independence" : "",
          "wasdependent" : "",
          "dependent" : "GB",
          "government" : "British Overseas Territories"
        },
        {
          "country" : "GUAD",
          "independence" : "",
          "wasdependent" : "",
          "dependent" : "F",
          "government" : "overseas department of France"
        },
        {
          "country" : "WD",
          "independence" : "03-NOV-78",
          "wasdependent" : "GB",
          "dependent" : "",
          "government" : "parliamentary democracy"
        },
        {
          "country" : "MART",
          "independence" : "",
          "wasdependent" : "",
          "dependent" : "F",
          "government" : "overseas department of France"
        },
        {
          "country" : "WL",
          "independence" : "22-FEB-79",
          "wasdependent" : "GB",
          "dependent" : "",
          "government" : "parliamentary democracy and a Commonwealth realm"
        },
        {
          "country" : "BDS",
          "independence" : "30-NOV-66",
          "wasdependent" : "GB",
          "dependent" : "",
          "government" : "parliamentary democracy and a Commonwealth realm"
        },
        {
          "country" : "WV",
          "independence" : "27-OCT-79",
          "wasdependent" : "GB",
          "dependent" : "",
          "government" : "parliamentary democracy and a Commonwealth realm"
        },
        {
          "country" : "WG",
          "independence" : "07-FEB-74",
          "wasdependent" : "GB",
          "dependent" : "",
          "government" : "parliamentary democracy and a Commonwealth realm"
        },
        {
          "country" : "TT",
          "independence" : "31-AUG-62",
          "wasdependent" : "GB",
          "dependent" : "",
          "government" : "parliamentary democracy"
        },
        {
          "country" : "NLB",
          "independence" : "",
          "wasdependent" : "",
          "dependent" : "NL",
          "government" : "democracy"
        },
        {
          "country" : "CUR",
          "independence" : "",
          "wasdependent" : "",
          "dependent" : "NL",
          "government" : "parliamentary"
        },
        {
          "country" : "ARU",
          "independence" : "",
          "wasdependent" : "",
          "dependent" : "NL",
          "government" : "parliamentary democracy"
        },
        {
          "country" : "YV",
          "independence" : "05-JUL-11",
          "wasdependent" : "E",
          "dependent" : "",
          "government" : "federal republic"
        },
        {
          "country" : "GUY",
          "independence" : "26-MAY-66",
          "wasdependent" : "GB",
          "dependent" : "",
          "government" : "republic"
        },
        {
          "country" : "SME",
          "independence" : "25-NOV-75",
          "wasdependent" : "NL",
          "dependent" : "",
          "government" : "constitutional democracy"
        },
        {
          "country" : "FGU",
          "independence" : "",
          "wasdependent" : "",
          "dependent" : "F",
          "government" : "overseas department of France"
        },
        {
          "country" : "CO",
          "independence" : "20-JUL-10",
          "wasdependent" : "E",
          "dependent" : "",
          "government" : "republic; executive branch dominates government structure"
        },
        {
          "country" : "EC",
          "independence" : "24-MAY-22",
          "wasdependent" : "E",
          "dependent" : "",
          "government" : "republic"
        },
        {
          "country" : "PE",
          "independence" : "28-JUL-21",
          "wasdependent" : "E",
          "dependent" : "",
          "government" : "constitutional republic"
        },
        {
          "country" : "BOL",
          "independence" : "06-AUG-25",
          "wasdependent" : "E",
          "dependent" : "",
          "government" : "republic; Social Unitarian State"
        },
        {
          "country" : "RCH",
          "independence" : "18-SEP-10",
          "wasdependent" : "E",
          "dependent" : "",
          "government" : "republic"
        },
        {
          "country" : "RA",
          "independence" : "09-JUL-16",
          "wasdependent" : "E",
          "dependent" : "",
          "government" : "republic"
        },
        {
          "country" : "PY",
          "independence" : "14-MAY-11",
          "wasdependent" : "E",
          "dependent" : "",
          "government" : "constitutional republic"
        },
        {
          "country" : "ROU",
          "independence" : "25-AUG-28",
          "wasdependent" : "BR",
          "dependent" : "",
          "government" : "constitutional republic"
        },
        {
          "country" : "BR",
          "independence" : "07-SEP-22",
          "wasdependent" : "P",
          "dependent" : "",
          "government" : "federal republic"
        },
        {
          "country" : "FALK",
          "independence" : "",
          "wasdependent" : "",
          "dependent" : "GB",
          "government" : "British Overseas Territories"
        }
      ]
    }
  ]
}