{
  "results" : [
    {
      "columns" : [
        {
          "name" : "COUNTRY_CODE",
          "type" : "VARCHAR2"
        },
        {
          "name" : "COUNTRY_NAME",
          "type" : "VARCHAR2"
        },
        {
          "name" : "COUNTRY_PROVINCE",
          "type" : "VARCHAR2"
        },
        {
          "name" : "POPULATION_GROWTH",
          "type" : "NUMBER"
        },
        {
          "name" : "INFANT_MORTALITY",
          "type" : "NUMBER"
        }
      ],
      "items" : [
        {
          "country_code" : "A",
          "country_name" : "Austria",
          "country_province" : "Wien",
          "population_growth" : 0.01,
          "infant_mortality" : 4.16
        },
        {
          "country_code" : "AFG",
          "country_name" : "Afghanistan",
          "country_province" : "Afghanistan",
          "population_growth" : 2.29,
          "infant_mortality" : 117.23
        },
        {
          "country_code" : "AG",
          "country_name" : "Antigua and Barbuda",
          "country_province" : "Antigua and Barbuda",
          "population_growth" : 1.25,
          "infant_mortality" : 13.29
        },
        {
          "country_code" : "AL",
          "country_name" : "Albania",
          "country_province" : "Albania",
          "population_growth" : 0.3,
          "infant_mortality" : 13.19
        },
        {
          "country_code" : "AMSA",
          "country_name" : "American Samoa",
          "country_province" : "American Samoa",
          "population_growth" : -0.35,
          "infant_mortality" : 8.92
        },
        {
          "country_code" : "AND",
          "country_name" : "Andorra",
          "country_province" : "Andorra",
          "population_growth" : 0.17,
          "infant_mortality" : 3.69
        },
        {
          "country_code" : "ANG",
          "country_name" : "Angola",
          "country_province" : "Luanda",
          "population_growth" : 2.78,
          "infant_mortality" : 79.99
        },
        {
          "country_code" : "ARM",
          "country_name" : "Armenia",
          "country_province" : "Armenia",
          "population_growth" : -0.13,
          "infant_mortality" : 13.97
        },
        {
          "country_code" : "ARU",
          "country_name" : "Aruba",
          "country_province" : "Aruba",
          "population_growth" : 1.36,
          "infant_mortality" : 11.74
        },
        {
          "country_code" : "AUS",
          "country_name" : "Australia",
          "country_province" : "Australia Capital Territory",
          "population_growth" : 1.09,
          "infant_mortality" : 4.43
        },
        {
          "country_code" : "AXA",
          "country_name" : "Anguilla",
          "country_province" : "Anguilla",
          "population_growth" : 2.06,
          "infant_mortality" : 3.4
        },
        {
          "country_code" : "AZ",
          "country_name" : "Azerbaijan",
          "country_province" : "Azerbaijan",
          "population_growth" : 0.99,
          "infant_mortality" : 26.67
        },
        {
          "country_code" : "B",
          "country_name" : "Belgium",
          "country_province" : "Bruxelles",
          "population_growth" : 0.05,
          "infant_mortality" : 4.18
        },
        {
          "country_code" : "BD",
          "country_name" : "Bangladesh",
          "country_province" : "Dhaka",
          "population_growth" : 1.6,
          "infant_mortality" : 45.67
        },
        {
          "country_code" : "BDS",
          "country_name" : "Barbados",
          "country_province" : "Barbados",
          "population_growth" : 0.33,
          "infant_mortality" : 10.93
        },
        {
          "country_code" : "BEN",
          "country_name" : "Benin",
          "country_province" : "Benin",
          "population_growth" : 2.81,
          "infant_mortality" : 57.09
        },
        {
          "country_code" : "BERM",
          "country_name" : "Bermuda",
          "country_province" : "Bermuda",
          "population_growth" : 0.52,
          "infant_mortality" : 2.48
        },
        {
          "country_code" : "BF",
          "country_name" : "Burkina Faso",
          "country_province" : "Burkina Faso",
          "population_growth" : 3.05,
          "infant_mortality" : 76.8
        },
        {
          "country_code" : "BG",
          "country_name" : "Bulgaria",
          "country_province" : "Bulgaria",
          "population_growth" : -0.83,
          "infant_mortality" : 15.08
        },
        {
          "country_code" : "BHT",
          "country_name" : "Bhutan",
          "country_province" : "Bhutan",
          "population_growth" : 1.13,
          "infant_mortality" : 37.89
        },
        {
          "country_code" : "BI",
          "country_name" : "Burundi",
          "country_province" : "Burundi",
          "population_growth" : 3.28,
          "infant_mortality" : 63.44
        },
        {
          "country_code" : "BIH",
          "country_name" : "Bosnia and Herzegovina",
          "country_province" : "Federacija Bosne i Hercegovine",
          "population_growth" : -0.11,
          "infant_mortality" : 5.84
        },
        {
          "country_code" : "BOL",
          "country_name" : "Bolivia",
          "country_province" : "La Paz",
          "population_growth" : 1.6,
          "infant_mortality" : 38.61
        },
        {
          "country_code" : "BR",
          "country_name" : "Brazil",
          "country_province" : "Distrito Federal",
          "population_growth" : 0.8,
          "infant_mortality" : 19.21
        },
        {
          "country_code" : "BRN",
          "country_name" : "Bahrain",
          "country_province" : "Bahrain",
          "population_growth" : 2.49,
          "infant_mortality" : 9.68
        },
        {
          "country_code" : "BRU",
          "country_name" : "Brunei",
          "country_province" : "Brunei",
          "population_growth" : 1.65,
          "infant_mortality" : 10.48
        },
        {
          "country_code" : "BS",
          "country_name" : "Bahamas",
          "country_province" : "Bahamas",
          "population_growth" : 0.87,
          "infant_mortality" : 12.5
        },
        {
          "country_code" : "BVI",
          "country_name" : "British Virgin Islands",
          "country_province" : "British Virgin Islands",
          "population_growth" : 2.36,
          "infant_mortality" : 13.45
        },
        {
          "country_code" : "BY",
          "country_name" : "Belarus",
          "country_province" : "Minsk City",
          "population_growth" : -0.19,
          "infant_mortality" : 3.64
        },
        {
          "country_code" : "BZ",
          "country_name" : "Belize",
          "country_province" : "Belize",
          "population_growth" : 1.92,
          "infant_mortality" : 20.31
        },
        {
          "country_code" : "C",
          "country_name" : "Cuba",
          "country_province" : "La Habana",
          "population_growth" : -0.14,
          "infant_mortality" : 4.7
        },
        {
          "country_code" : "CAM",
          "country_name" : "Cameroon",
          "country_province" : "Centre",
          "population_growth" : 2.6,
          "infant_mortality" : 55.1
        },
        {
          "country_code" : "CAYM",
          "country_name" : "Cayman Islands",
          "country_province" : "Cayman Islands",
          "population_growth" : 2.14,
          "infant_mortality" : 6.21
        },
        {
          "country_code" : "CDN",
          "country_name" : "Canada",
          "country_province" : "Ontario",
          "population_growth" : 0.76,
          "infant_mortality" : 4.71
        },
        {
          "country_code" : "CEU",
          "country_name" : "Ceuta",
          "country_province" : "Ceuta",
          "population_growth" : "",
          "infant_mortality" : ""
        },
        {
          "country_code" : "CGO",
          "country_name" : "Congo, Dem.Rep.",
          "country_province" : "Kinshasa",
          "population_growth" : 2.5,
          "infant_mortality" : 73.15
        },
        {
          "country_code" : "CH",
          "country_name" : "Switzerland",
          "country_province" : "Bern",
          "population_growth" : 0.78,
          "infant_mortality" : 3.73
        },
        {
          "country_code" : "CI",
          "country_name" : "Cote d'Ivoire",
          "country_province" : "Yamoussoukro",
          "population_growth" : 1.96,
          "infant_mortality" : 60.16
        },
        {
          "country_code" : "CL",
          "country_name" : "Sri Lanka",
          "country_province" : "Sri Lanka",
          "population_growth" : 0.86,
          "infant_mortality" : 9.02
        },
        {
          "country_code" : "CN",
          "country_name" : "China",
          "country_province" : "Beijing",
          "population_growth" : 0.44,
          "infant_mortality" : 14.79
        },
        {
          "country_code" : "CO",
          "country_name" : "Colombia",
          "country_province" : "Santa Fe de Bogotá",
          "population_growth" : 1.07,
          "infant_mortality" : 15.02
        },
        {
          "country_code" : "COCO",
          "country_name" : "Cocos Islands",
          "country_province" : "Cocos Islands",
          "population_growth" : "",
          "infant_mortality" : ""
        },
        {
          "country_code" : "COM",
          "country_name" : "Comoros",
          "country_province" : "Comoros",
          "population_growth" : 1.87,
          "infant_mortality" : 65.31
        },
        {
          "country_code" : "COOK",
          "country_name" : "Cook Islands",
          "country_province" : "Cook Islands",
          "population_growth" : -3,
          "infant_mortality" : 14.33
        },
        {
          "country_code" : "CR",
          "country_name" : "Costa Rica",
          "country_province" : "San José",
          "population_growth" : 1.24,
          "infant_mortality" : 8.7
        },
        {
          "country_code" : "CUR",
          "country_name" : "Curacao",
          "country_province" : "Curacao",
          "population_growth" : "",
          "infant_mortality" : ""
        },
        {
          "country_code" : "CV",
          "country_name" : "Cape Verde",
          "country_province" : "Cape Verde",
          "population_growth" : 1.39,
          "infant_mortality" : 24.28
        },
        {
          "country_code" : "CY",
          "country_name" : "Cyprus",
          "country_province" : "Cyprus",
          "population_growth" : 1.48,
          "infant_mortality" : 8.54
        },
        {
          "country_code" : "CZ",
          "country_name" : "Czech Republic",
          "country_province" : "Praha",
          "population_growth" : 0.17,
          "infant_mortality" : 2.63
        },
        {
          "country_code" : "D",
          "country_name" : "Germany",
          "country_province" : "Berlin",
          "population_growth" : -0.18,
          "infant_mortality" : 3.46
        },
        {
          "country_code" : "DJI",
          "country_name" : "Djibouti",
          "country_province" : "Djibouti",
          "population_growth" : 2.23,
          "infant_mortality" : 50.2
        },
        {
          "country_code" : "DK",
          "country_name" : "Denmark",
          "country_province" : "Hovedstaden",
          "population_growth" : 0.22,
          "infant_mortality" : 4.1
        },
        {
          "country_code" : "DOM",
          "country_name" : "Dominican Republic",
          "country_province" : "Dominican Republic",
          "population_growth" : 1.25,
          "infant_mortality" : 19.63
        },
        {
          "country_code" : "DZ",
          "country_name" : "Algeria",
          "country_province" : "Algeria",
          "population_growth" : 1.88,
          "infant_mortality" : 21.76
        },
        {
          "country_code" : "E",
          "country_name" : "Spain",
          "country_province" : "Madrid",
          "population_growth" : 0.78,
          "infant_mortality" : 2.7
        },
        {
          "country_code" : "EAK",
          "country_name" : "Kenya",
          "country_province" : "Kenya",
          "population_growth" : 2.11,
          "infant_mortality" : 40.71
        },
        {
          "country_code" : "EAT",
          "country_name" : "Tanzania",
          "country_province" : "Dodoma",
          "population_growth" : 2.8,
          "infant_mortality" : 43.74
        },
        {
          "country_code" : "EAU",
          "country_name" : "Uganda",
          "country_province" : "Central",
          "population_growth" : 3.24,
          "infant_mortality" : 60.82
        },
        {
          "country_code" : "EC",
          "country_name" : "Ecuador",
          "country_province" : "Ecuador",
          "population_growth" : 1.37,
          "infant_mortality" : 17.93
        },
        {
          "country_code" : "ER",
          "country_name" : "Eritrea",
          "country_province" : "Eritrea",
          "population_growth" : 2.3,
          "infant_mortality" : 38.44
        },
        {
          "country_code" : "ES",
          "country_name" : "El Salvador",
          "country_province" : "El Salvador",
          "population_growth" : 0.27,
          "infant_mortality" : 18.44
        },
        {
          "country_code" : "EST",
          "country_name" : "Estonia",
          "country_province" : "Estonia",
          "population_growth" : -0.68,
          "infant_mortality" : 6.7
        },
        {
          "country_code" : "ET",
          "country_name" : "Egypt",
          "country_province" : "Egypt",
          "population_growth" : 1.84,
          "infant_mortality" : 22.41
        },
        {
          "country_code" : "ETH",
          "country_name" : "Ethiopia",
          "country_province" : "Addis Ababa",
          "population_growth" : 2.89,
          "infant_mortality" : 55.77
        },
        {
          "country_code" : "F",
          "country_name" : "France",
          "country_province" : "Île-de-France",
          "population_growth" : 0.45,
          "infant_mortality" : 3.31
        },
        {
          "country_code" : "FALK",
          "country_name" : "Falkland Islands",
          "country_province" : "Falkland Islands",
          "population_growth" : 0.01,
          "infant_mortality" : ""
        },
        {
          "country_code" : "FGU",
          "country_name" : "French Guiana",
          "country_province" : "French Guiana",
          "population_growth" : 3.86,
          "infant_mortality" : 14.6
        },
        {
          "country_code" : "FJI",
          "country_name" : "Fiji",
          "country_province" : "Fiji",
          "population_growth" : 0.7,
          "infant_mortality" : 10.2
        },
        {
          "country_code" : "FL",
          "country_name" : "Liechtenstein",
          "country_province" : "Liechtenstein",
          "population_growth" : 0.82,
          "infant_mortality" : 4.33
        },
        {
          "country_code" : "FO",
          "country_name" : "Faroe Islands",
          "country_province" : "Faroe Islands",
          "population_growth" : 0.49,
          "infant_mortality" : 5.71
        },
        {
          "country_code" : "FPOL",
          "country_name" : "French Polynesia",
          "country_province" : "French Polynesia",
          "population_growth" : 0.97,
          "infant_mortality" : 4.78
        },
        {
          "country_code" : "FSM",
          "country_name" : "Micronesia",
          "country_province" : "Micronesia",
          "population_growth" : -0.42,
          "infant_mortality" : 21.93
        },
        {
          "country_code" : "G",
          "country_name" : "Gabon",
          "country_province" : "Gabon",
          "population_growth" : 1.94,
          "infant_mortality" : 47.03
        },
        {
          "country_code" : "GAZA",
          "country_name" : "Gaza Strip",
          "country_province" : "",
          "population_growth" : 4.55,
          "infant_mortality" : 30.6
        },
        {
          "country_code" : "GB",
          "country_name" : "United Kingdom",
          "country_province" : "London",
          "population_growth" : 0.54,
          "infant_mortality" : 4.44
        },
        {
          "country_code" : "GBG",
          "country_name" : "Guernsey",
          "country_province" : "Guernsey",
          "population_growth" : 0.36,
          "infant_mortality" : 3.47
        },
        {
          "country_code" : "GBJ",
          "country_name" : "Jersey",
          "country_province" : "Jersey",
          "population_growth" : 0.81,
          "infant_mortality" : 3.86
        },
        {
          "country_code" : "GBM",
          "country_name" : "Isle of Man",
          "country_province" : "Isle of Man",
          "population_growth" : 0.8,
          "infant_mortality" : 4.17
        },
        {
          "country_code" : "GBZ",
          "country_name" : "Gibraltar",
          "country_province" : "Gibraltar",
          "population_growth" : 0.25,
          "infant_mortality" : 6.29
        },
        {
          "country_code" : "GCA",
          "country_name" : "Guatemala",
          "country_province" : "Guatemala",
          "population_growth" : 1.86,
          "infant_mortality" : 23.51
        },
        {
          "country_code" : "GE",
          "country_name" : "Georgia",
          "country_province" : "Georgia",
          "population_growth" : -0.11,
          "infant_mortality" : 16.68
        },
        {
          "country_code" : "GH",
          "country_name" : "Ghana",
          "country_province" : "Greater Accra",
          "population_growth" : 2.19,
          "infant_mortality" : 38.52
        },
        {
          "country_code" : "GL",
          "country_name" : "Greenland",
          "country_province" : "Greenland",
          "population_growth" : 0.02,
          "infant_mortality" : 9.42
        },
        {
          "country_code" : "GQ",
          "country_name" : "Equatorial Guinea",
          "country_province" : "Insular",
          "population_growth" : 2.54,
          "infant_mortality" : 71.12
        },
        {
          "country_code" : "GR",
          "country_name" : "Greece",
          "country_province" : "Attikis",
          "population_growth" : 0.01,
          "infant_mortality" : 4.78
        },
        {
          "country_code" : "GUAD",
          "country_name" : "Guadeloupe",
          "country_province" : "Guadeloupe",
          "population_growth" : 1.2,
          "infant_mortality" : 8.3
        },
        {
          "country_code" : "GUAM",
          "country_name" : "Guam",
          "country_province" : "Guam",
          "population_growth" : 0.44,
          "infant_mortality" : 5.51
        },
        {
          "country_code" : "GUB",
          "country_name" : "Guinea-Bissau",
          "country_province" : "Guinea-Bissau",
          "population_growth" : 1.93,
          "infant_mortality" : 90.92
        },
        {
          "country_code" : "GUY",
          "country_name" : "Guyana",
          "country_province" : "Guyana",
          "population_growth" : -0.11,
          "infant_mortality" : 33.56
        },
        {
          "country_code" : "H",
          "country_name" : "Hungary",
          "country_province" : "Budapest",
          "population_growth" : -0.21,
          "infant_mortality" : 5.09
        },
        {
          "country_code" : "HELX",
          "country_name" : "Saint Helena",
          "country_province" : "Saint Helena",
          "population_growth" : 0.45,
          "infant_mortality" : 17.63
        },
        {
          "country_code" : "HK",
          "country_name" : "Hong Kong",
          "country_province" : "Hong Kong",
          "population_growth" : 0.41,
          "infant_mortality" : 2.73
        },
        {
          "country_code" : "HN",
          "country_name" : "Honduras",
          "country_province" : "Francisco Morazán",
          "population_growth" : 1.74,
          "infant_mortality" : 18.72
        },
        {
          "country_code" : "HR",
          "country_name" : "Croatia",
          "country_province" : "Croatia",
          "population_growth" : -0.12,
          "infant_mortality" : 5.87
        },
        {
          "country_code" : "I",
          "country_name" : "Italy",
          "country_province" : "Lazio",
          "population_growth" : 0.3,
          "infant_mortality" : 3.31
        },
        {
          "country_code" : "IL",
          "country_name" : "Israel",
          "country_province" : "Yerushalayim",
          "population_growth" : 1.46,
          "infant_mortality" : 3.98
        },
        {
          "country_code" : "IND",
          "country_name" : "India",
          "country_province" : "Delhi",
          "population_growth" : 1.25,
          "infant_mortality" : 43.19
        },
        {
          "country_code" : "IR",
          "country_name" : "Iran",
          "country_province" : "Tehran",
          "population_growth" : 1.22,
          "infant_mortality" : 39
        },
        {
          "country_code" : "IRL",
          "country_name" : "Ireland",
          "country_province" : "Ireland",
          "population_growth" : 1.2,
          "infant_mortality" : 3.74
        },
        {
          "country_code" : "IRQ",
          "country_name" : "Iraq",
          "country_province" : "Baghdad",
          "population_growth" : 2.23,
          "infant_mortality" : 37.53
        },
        {
          "country_code" : "IS",
          "country_name" : "Iceland",
          "country_province" : "Iceland",
          "population_growth" : 0.65,
          "infant_mortality" : 3.15
        },
        {
          "country_code" : "J",
          "country_name" : "Japan",
          "country_province" : "Tokyo",
          "population_growth" : -0.13,
          "infant_mortality" : 2.13
        },
        {
          "country_code" : "JA",
          "country_name" : "Jamaica",
          "country_province" : "Jamaica",
          "population_growth" : 0.69,
          "infant_mortality" : 13.69
        },
        {
          "country_code" : "JOR",
          "country_name" : "Jordan",
          "country_province" : "Jordan",
          "population_growth" : 3.86,
          "infant_mortality" : 15.73
        },
        {
          "country_code" : "K",
          "country_name" : "Cambodia",
          "country_province" : "Cambodia",
          "population_growth" : 1.63,
          "infant_mortality" : 51.36
        },
        {
          "country_code" : "KG",
          "country_name" : "Kyrgyzstan",
          "country_province" : "Kyrgyzstan",
          "population_growth" : 1.04,
          "infant_mortality" : 28.71
        },
        {
          "country_code" : "KIR",
          "country_name" : "Kiribati",
          "country_province" : "Kiribati",
          "population_growth" : 1.18,
          "infant_mortality" : 35.37
        },
        {
          "country_code" : "KN",
          "country_name" : "Saint Kitts and Nevis",
          "country_province" : "Saint Kitts and Nevis",
          "population_growth" : 0.78,
          "infant_mortality" : 8.98
        },
        {
          "country_code" : "KOS",
          "country_name" : "Kosovo",
          "country_province" : "Kosovo",
          "population_growth" : "",
          "infant_mortality" : ""
        },
        {
          "country_code" : "KP",
          "country_name" : "North Korea",
          "country_province" : "North Korea",
          "population_growth" : 0.53,
          "infant_mortality" : 24.5
        },
        {
          "country_code" : "KWT",
          "country_name" : "Kuwait",
          "country_province" : "Kuwait",
          "population_growth" : 1.7,
          "infant_mortality" : 7.51
        },
        {
          "country_code" : "KZ",
          "country_name" : "Kazakhstan",
          "country_province" : "Astana",
          "population_growth" : 1.17,
          "infant_mortality" : 21.61
        },
        {
          "country_code" : "L",
          "country_name" : "Luxembourg",
          "country_province" : "Luxembourg",
          "population_growth" : 1.12,
          "infant_mortality" : 4.28
        },
        {
          "country_code" : "LAO",
          "country_name" : "Laos",
          "country_province" : "Laos",
          "population_growth" : 1.59,
          "infant_mortality" : 54.53
        },
        {
          "country_code" : "LAR",
          "country_name" : "Libya",
          "country_province" : "Libya",
          "population_growth" : 3.08,
          "infant_mortality" : 11.87
        },
        {
          "country_code" : "LB",
          "country_name" : "Liberia",
          "country_province" : "Liberia",
          "population_growth" : 2.52,
          "infant_mortality" : 69.19
        },
        {
          "country_code" : "LS",
          "country_name" : "Lesotho",
          "country_province" : "Lesotho",
          "population_growth" : 0.34,
          "infant_mortality" : 50.48
        },
        {
          "country_code" : "LT",
          "country_name" : "Lithuania",
          "country_province" : "Lithuania",
          "population_growth" : -0.29,
          "infant_mortality" : 6
        },
        {
          "country_code" : "LV",
          "country_name" : "Latvia",
          "country_province" : "Latvia",
          "population_growth" : -0.62,
          "infant_mortality" : 7.91
        },
        {
          "country_code" : "M",
          "country_name" : "Malta",
          "country_province" : "Malta",
          "population_growth" : 0.33,
          "infant_mortality" : 3.59
        },
        {
          "country_code" : "MA",
          "country_name" : "Morocco",
          "country_province" : "Rabat Sale Zemmour Zaer",
          "population_growth" : 1.02,
          "infant_mortality" : 24.52
        },
        {
          "country_code" : "MACX",
          "country_name" : "Macao",
          "country_province" : "Macao",
          "population_growth" : 0.83,
          "infant_mortality" : 3.13
        },
        {
          "country_code" : "MAL",
          "country_name" : "Malaysia",
          "country_province" : "Kuala Lumpur",
          "population_growth" : 1.47,
          "infant_mortality" : 13.69
        },
        {
          "country_code" : "MART",
          "country_name" : "Martinique",
          "country_province" : "Martinique",
          "population_growth" : 1.1,
          "infant_mortality" : 7.1
        },
        {
          "country_code" : "MAYO",
          "country_name" : "Mayotte",
          "country_province" : "Mayotte",
          "population_growth" : 3.32,
          "infant_mortality" : 56.29
        },
        {
          "country_code" : "MC",
          "country_name" : "Monaco",
          "country_province" : "Monaco",
          "population_growth" : 0.06,
          "infant_mortality" : 1.81
        },
        {
          "country_code" : "MD",
          "country_name" : "Moldova",
          "country_province" : "Moldova",
          "population_growth" : -1.02,
          "infant_mortality" : 12.93
        },
        {
          "country_code" : "MEL",
          "country_name" : "Melilla",
          "country_province" : "Melilla",
          "population_growth" : "",
          "infant_mortality" : ""
        },
        {
          "country_code" : "MEX",
          "country_name" : "Mexico",
          "country_province" : "Distrito Federal",
          "population_growth" : 1.21,
          "infant_mortality" : 12.58
        },
        {
          "country_code" : "MH",
          "country_name" : "Marshall Islands",
          "country_province" : "Marshall Islands",
          "population_growth" : 1.72,
          "infant_mortality" : 21.39
        },
        {
          "country_code" : "MK",
          "country_name" : "North Macedonia",
          "country_province" : "North Macedonia",
          "population_growth" : 0.21,
          "infant_mortality" : 7.9
        },
        {
          "country_code" : "MNE",
          "country_name" : "Montenegro",
          "country_province" : "Montenegro",
          "population_growth" : -0.49,
          "infant_mortality" : ""
        },
        {
          "country_code" : "MNG",
          "country_name" : "Mongolia",
          "country_province" : "Mongolia",
          "population_growth" : 1.37,
          "infant_mortality" : 23.15
        },
        {
          "country_code" : "MNTS",
          "country_name" : "Montserrat",
          "country_province" : "Montserrat",
          "population_growth" : 0.48,
          "infant_mortality" : 13.66
        },
        {
          "country_code" : "MOC",
          "country_name" : "Mozambique",
          "country_province" : "Cidade de Maputo",
          "population_growth" : 2.45,
          "infant_mortality" : 72.42
        },
        {
          "country_code" : "MS",
          "country_name" : "Mauritius",
          "country_province" : "Mauritius",
          "population_growth" : 0.66,
          "infant_mortality" : 10.59
        },
        {
          "country_code" : "MV",
          "country_name" : "Maldives",
          "country_province" : "Maldives",
          "population_growth" : -0.09,
          "infant_mortality" : 24.59
        },
        {
          "country_code" : "MW",
          "country_name" : "Malawi",
          "country_province" : "Malawi",
          "population_growth" : 3.32,
          "infant_mortality" : 48.01
        },
        {
          "country_code" : "MYA",
          "country_name" : "Myanmar",
          "country_province" : "Nay Pyi Taw",
          "population_growth" : 1.03,
          "infant_mortality" : 44.91
        },
        {
          "country_code" : "N",
          "country_name" : "Norway",
          "country_province" : "Oslo",
          "population_growth" : 1.19,
          "infant_mortality" : 2.48
        },
        {
          "country_code" : "NAM",
          "country_name" : "Namibia",
          "country_province" : "Namibia",
          "population_growth" : 0.67,
          "infant_mortality" : 45.64
        },
        {
          "country_code" : "NAU",
          "country_name" : "Nauru",
          "country_province" : "Nauru",
          "population_growth" : 0.56,
          "infant_mortality" : 8.21
        },
        {
          "country_code" : "NCL",
          "country_name" : "New Caledonia",
          "country_province" : "New Caledonia",
          "population_growth" : 1.42,
          "infant_mortality" : 5.46
        },
        {
          "country_code" : "NEP",
          "country_name" : "Nepal",
          "country_province" : "Nepal",
          "population_growth" : 1.82,
          "infant_mortality" : 40.43
        },
        {
          "country_code" : "NGR",
          "country_name" : "Nigeria",
          "country_province" : "Abuja",
          "population_growth" : 2.47,
          "infant_mortality" : 74.09
        },
        {
          "country_code" : "NIC",
          "country_name" : "Nicaragua",
          "country_province" : "Nicaragua",
          "population_growth" : 1.02,
          "infant_mortality" : 20.36
        },
        {
          "country_code" : "NIUE",
          "country_name" : "Niue",
          "country_province" : "Niue",
          "population_growth" : -0.03,
          "infant_mortality" : ""
        },
        {
          "country_code" : "NL",
          "country_name" : "Netherlands",
          "country_province" : "Noord-Holland",
          "population_growth" : 0.42,
          "infant_mortality" : 3.66
        },
        {
          "country_code" : "NLB",
          "country_name" : "Bonaire",
          "country_province" : "Bonaire",
          "population_growth" : "",
          "infant_mortality" : ""
        },
        {
          "country_code" : "NMIS",
          "country_name" : "Northern Mariana Islands",
          "country_province" : "Northern Mariana Islands",
          "population_growth" : 1.13,
          "infant_mortality" : 5.5
        },
        {
          "country_code" : "NORF",
          "country_name" : "Norfolk Island",
          "country_province" : "Norfolk Island",
          "population_growth" : "",
          "infant_mortality" : ""
        },
        {
          "country_code" : "NZ",
          "country_name" : "New Zealand",
          "country_province" : "New Zealand",
          "population_growth" : 0.83,
          "infant_mortality" : 4.59
        },
        {
          "country_code" : "OM",
          "country_name" : "Oman",
          "country_province" : "Oman",
          "population_growth" : 2.06,
          "infant_mortality" : 14
        },
        {
          "country_code" : "P",
          "country_name" : "Portugal",
          "country_province" : "Lisboa",
          "population_growth" : 0.12,
          "infant_mortality" : 4.48
        },
        {
          "country_code" : "PA",
          "country_name" : "Panama",
          "country_province" : "Panamá",
          "population_growth" : 1.35,
          "infant_mortality" : 10.7
        },
        {
          "country_code" : "PAL",
          "country_name" : "Palau",
          "country_province" : "Palau",
          "population_growth" : 0.37,
          "infant_mortality" : 11.46
        },
        {
          "country_code" : "PE",
          "country_name" : "Peru",
          "country_province" : "Lima City",
          "population_growth" : 0.99,
          "infant_mortality" : 20.21
        },
        {
          "country_code" : "PITC",
          "country_name" : "Pitcairn",
          "country_province" : "Pitcairn",
          "population_growth" : 0,
          "infant_mortality" : ""
        },
        {
          "country_code" : "PK",
          "country_name" : "Pakistan",
          "country_province" : "FCT Islamabad",
          "population_growth" : 1.49,
          "infant_mortality" : 57.48
        },
        {
          "country_code" : "PL",
          "country_name" : "Poland",
          "country_province" : "Mazowieckie",
          "population_growth" : -0.11,
          "infant_mortality" : 6.19
        },
        {
          "country_code" : "PNG",
          "country_name" : "Papua New Guinea",
          "country_province" : "South",
          "population_growth" : 1.84,
          "infant_mortality" : 39.67
        },
        {
          "country_code" : "PR",
          "country_name" : "Puerto Rico",
          "country_province" : "Puerto Rico",
          "population_growth" : -0.65,
          "infant_mortality" : 7.73
        },
        {
          "country_code" : "PY",
          "country_name" : "Paraguay",
          "country_province" : "Paraguay",
          "population_growth" : 1.19,
          "infant_mortality" : 20.75
        },
        {
          "country_code" : "Q",
          "country_name" : "Qatar",
          "country_province" : "Qatar",
          "population_growth" : 3.58,
          "infant_mortality" : 6.42
        },
        {
          "country_code" : "R",
          "country_name" : "Russia",
          "country_province" : "Moscow",
          "population_growth" : -0.03,
          "infant_mortality" : 7.08
        },
        {
          "country_code" : "RA",
          "country_name" : "Argentina",
          "country_province" : "Distrito Federal",
          "population_growth" : 0.95,
          "infant_mortality" : 9.96
        },
        {
          "country_code" : "RB",
          "country_name" : "Botswana",
          "country_province" : "Botswana",
          "population_growth" : 1.26,
          "infant_mortality" : 9.38
        },
        {
          "country_code" : "RC",
          "country_name" : "Taiwan",
          "country_province" : "Taiwan",
          "population_growth" : 0.25,
          "infant_mortality" : 4.49
        },
        {
          "country_code" : "RCA",
          "country_name" : "Central African Republic",
          "country_province" : "Central African Republic",
          "population_growth" : 2.13,
          "infant_mortality" : 92.86
        },
        {
          "country_code" : "RCB",
          "country_name" : "Congo",
          "country_province" : "Brazzaville",
          "population_growth" : 1.94,
          "infant_mortality" : 59.34
        },
        {
          "country_code" : "RCH",
          "country_name" : "Chile",
          "country_province" : "Santiago",
          "population_growth" : 0.84,
          "infant_mortality" : 7.02
        },
        {
          "country_code" : "REUN",
          "country_name" : "Reunion",
          "country_province" : "Reunion",
          "population_growth" : 1.93,
          "infant_mortality" : 7.5
        },
        {
          "country_code" : "RG",
          "country_name" : "Guinea",
          "country_province" : "Guinea",
          "population_growth" : 2.63,
          "infant_mortality" : 55.24
        },
        {
          "country_code" : "RH",
          "country_name" : "Haiti",
          "country_province" : "Haiti",
          "population_growth" : 1.31,
          "infant_mortality" : 49.43
        },
        {
          "country_code" : "RI",
          "country_name" : "Indonesia",
          "country_province" : "DKI Jakarta",
          "population_growth" : 0.95,
          "infant_mortality" : 25.16
        },
        {
          "country_code" : "RIM",
          "country_name" : "Mauritania",
          "country_province" : "Nouakchott",
          "population_growth" : 2.26,
          "infant_mortality" : 56.06
        },
        {
          "country_code" : "RL",
          "country_name" : "Lebanon",
          "country_province" : "Lebanon",
          "population_growth" : 9.37,
          "infant_mortality" : 7.98
        },
        {
          "country_code" : "RM",
          "country_name" : "Madagascar",
          "country_province" : "Madagascar",
          "population_growth" : 2.62,
          "infant_mortality" : 44.88
        },
        {
          "country_code" : "RMM",
          "country_name" : "Mali",
          "country_province" : "Bamako",
          "population_growth" : 3,
          "infant_mortality" : 104.34
        },
        {
          "country_code" : "RN",
          "country_name" : "Niger",
          "country_province" : "Niamey",
          "population_growth" : 3.28,
          "infant_mortality" : 86.27
        },
        {
          "country_code" : "RO",
          "country_name" : "Romania",
          "country_province" : "Bucureşti",
          "population_growth" : -0.29,
          "infant_mortality" : 10.16
        },
        {
          "country_code" : "ROK",
          "country_name" : "South Korea",
          "country_province" : "South Korea",
          "population_growth" : 0.16,
          "infant_mortality" : 3.93
        },
        {
          "country_code" : "ROU",
          "country_name" : "Uruguay",
          "country_province" : "Uruguay",
          "population_growth" : 0.26,
          "infant_mortality" : 8.97
        },
        {
          "country_code" : "RP",
          "country_name" : "Philippines",
          "country_province" : "Metro Manila",
          "population_growth" : 1.81,
          "infant_mortality" : 17.64
        },
        {
          "country_code" : "RSA",
          "country_name" : "South Africa",
          "country_province" : "Gauteng",
          "population_growth" : -0.48,
          "infant_mortality" : 41.61
        },
        {
          "country_code" : "RSM",
          "country_name" : "San Marino",
          "country_province" : "San Marino",
          "population_growth" : 0.87,
          "infant_mortality" : 4.52
        },
        {
          "country_code" : "RT",
          "country_name" : "Togo",
          "country_province" : "Togo",
          "population_growth" : 2.71,
          "infant_mortality" : 46.73
        },
        {
          "country_code" : "RWA",
          "country_name" : "Rwanda",
          "country_province" : "Rwanda",
          "population_growth" : 2.63,
          "infant_mortality" : 59.59
        },
        {
          "country_code" : "S",
          "country_name" : "Sweden",
          "country_province" : "Stockholm",
          "population_growth" : 0.79,
          "infant_mortality" : 2.6
        },
        {
          "country_code" : "SA",
          "country_name" : "Saudi Arabia",
          "country_province" : "Al-Riyadh",
          "population_growth" : 1.49,
          "infant_mortality" : 14.58
        },
        {
          "country_code" : "SBAR",
          "country_name" : "Saint Barthelemy",
          "country_province" : "Saint Barthelemy",
          "population_growth" : "",
          "infant_mortality" : ""
        },
        {
          "country_code" : "SD",
          "country_name" : "Eswatini",
          "country_province" : "Eswatini",
          "population_growth" : 1.14,
          "infant_mortality" : 54.82
        },
        {
          "country_code" : "SF",
          "country_name" : "Finland",
          "country_province" : "Uusimaa",
          "population_growth" : 0.05,
          "infant_mortality" : 3.36
        },
        {
          "country_code" : "SGP",
          "country_name" : "Singapore",
          "country_province" : "Singapore",
          "population_growth" : 1.92,
          "infant_mortality" : 2.53
        },
        {
          "country_code" : "SK",
          "country_name" : "Slovakia",
          "country_province" : "Bratislavský",
          "population_growth" : 0.03,
          "infant_mortality" : 5.35
        },
        {
          "country_code" : "SLE",
          "country_name" : "Sierra Leone",
          "country_province" : "Sierra Leone",
          "population_growth" : 2.33,
          "infant_mortality" : 73.29
        },
        {
          "country_code" : "SLO",
          "country_name" : "Slovenia",
          "country_province" : "Slovenia",
          "population_growth" : -0.23,
          "infant_mortality" : 4.04
        },
        {
          "country_code" : "SMAR",
          "country_name" : "Saint Martin",
          "country_province" : "Saint Martin",
          "population_growth" : "",
          "infant_mortality" : ""
        },
        {
          "country_code" : "SME",
          "country_name" : "Suriname",
          "country_province" : "Suriname",
          "population_growth" : 1.12,
          "infant_mortality" : 27.07
        },
        {
          "country_code" : "SN",
          "country_name" : "Senegal",
          "country_province" : "Dakar",
          "population_growth" : 2.48,
          "infant_mortality" : 52.72
        },
        {
          "country_code" : "SO",
          "country_name" : "Somalia",
          "country_province" : "Somalia",
          "population_growth" : 1.75,
          "infant_mortality" : 100.14
        },
        {
          "country_code" : "SOL",
          "country_name" : "Solomon Islands",
          "country_province" : "Solomon Islands",
          "population_growth" : 2.07,
          "infant_mortality" : 16.17
        },
        {
          "country_code" : "SPMI",
          "country_name" : "Saint Pierre and Miquelon",
          "country_province" : "Saint Pierre and Miquelon",
          "population_growth" : -1.02,
          "infant_mortality" : 6.95
        },
        {
          "country_code" : "SRB",
          "country_name" : "Serbia",
          "country_province" : "Serbia",
          "population_growth" : -0.46,
          "infant_mortality" : 6.16
        },
        {
          "country_code" : "SSD",
          "country_name" : "South Sudan",
          "country_province" : "South Sudan",
          "population_growth" : 4.12,
          "infant_mortality" : 68.16
        },
        {
          "country_code" : "STP",
          "country_name" : "Sao Tome and Principe",
          "country_province" : "Sao Tome and Principe",
          "population_growth" : 1.89,
          "infant_mortality" : 49.16
        },
        {
          "country_code" : "SUD",
          "country_name" : "Sudan",
          "country_province" : "Al-Kharṭūm",
          "population_growth" : 1.78,
          "infant_mortality" : 52.86
        },
        {
          "country_code" : "SVA",
          "country_name" : "Svalbard",
          "country_province" : "Svalbard",
          "population_growth" : -0.03,
          "infant_mortality" : ""
        },
        {
          "country_code" : "SX",
          "country_name" : "Sint Maarten",
          "country_province" : "Sint Maarten",
          "population_growth" : 1.51,
          "infant_mortality" : 9.05
        },
        {
          "country_code" : "SY",
          "country_name" : "Seychelles",
          "country_province" : "Seychelles",
          "population_growth" : 0.4,
          "infant_mortality" : 10.77
        },
        {
          "country_code" : "SYR",
          "country_name" : "Syria",
          "country_province" : "Dimashq",
          "population_growth" : -9.73,
          "infant_mortality" : 15.79
        },
        {
          "country_code" : "TCH",
          "country_name" : "Chad",
          "country_province" : "Chad",
          "population_growth" : 1.92,
          "infant_mortality" : 90.3
        },
        {
          "country_code" : "THA",
          "country_name" : "Thailand",
          "country_province" : "Thailand",
          "population_growth" : 0.35,
          "infant_mortality" : 9.86
        },
        {
          "country_code" : "TJ",
          "country_name" : "Tajikistan",
          "country_province" : "Dushanbe",
          "population_growth" : 1.75,
          "infant_mortality" : 35.03
        },
        {
          "country_code" : "TL",
          "country_name" : "Timor-Leste",
          "country_province" : "Timor-Leste",
          "population_growth" : 2.44,
          "infant_mortality" : 38.79
        },
        {
          "country_code" : "TM",
          "country_name" : "Turkmenistan",
          "country_province" : "Ashgabat",
          "population_growth" : 1.14,
          "infant_mortality" : 38.13
        },
        {
          "country_code" : "TN",
          "country_name" : "Tunisia",
          "country_province" : "Tunisia",
          "population_growth" : 0.92,
          "infant_mortality" : 23.19
        },
        {
          "country_code" : "TO",
          "country_name" : "Tonga",
          "country_province" : "Tonga",
          "population_growth" : 0.09,
          "infant_mortality" : 12.36
        },
        {
          "country_code" : "TOK",
          "country_name" : "Tokelau",
          "country_province" : "Tokelau",
          "population_growth" : -0.01,
          "infant_mortality" : ""
        },
        {
          "country_code" : "TR",
          "country_name" : "Turkey",
          "country_province" : "Ankara",
          "population_growth" : 1.12,
          "infant_mortality" : 21.43
        },
        {
          "country_code" : "TT",
          "country_name" : "Trinidad and Tobago",
          "country_province" : "Trinidad and Tobago",
          "population_growth" : -0.11,
          "infant_mortality" : 24.82
        },
        {
          "country_code" : "TUCA",
          "country_name" : "Turks and Caicos Islands",
          "country_province" : "Turks and Caicos Islands",
          "population_growth" : 2.58,
          "infant_mortality" : 10.97
        },
        {
          "country_code" : "TUV",
          "country_name" : "Tuvalu",
          "country_province" : "Tuvalu",
          "population_growth" : 0.8,
          "infant_mortality" : 31.69
        },
        {
          "country_code" : "UA",
          "country_name" : "Ukraine",
          "country_province" : "Kyïv",
          "population_growth" : -0.64,
          "infant_mortality" : 8.1
        },
        {
          "country_code" : "UAE",
          "country_name" : "United Arab Emirates",
          "country_province" : "United Arab Emirates",
          "population_growth" : 2.71,
          "infant_mortality" : 10.92
        },
        {
          "country_code" : "USA",
          "country_name" : "United States",
          "country_province" : "District of Columbia",
          "population_growth" : 0.77,
          "infant_mortality" : 6.17
        },
        {
          "country_code" : "UZ",
          "country_name" : "Uzbekistan",
          "country_province" : "Toshkent City",
          "population_growth" : 0.93,
          "infant_mortality" : 19.84
        },
        {
          "country_code" : "V",
          "country_name" : "Vatican City",
          "country_province" : "Vatican City",
          "population_growth" : "",
          "infant_mortality" : ""
        },
        {
          "country_code" : "VIRG",
          "country_name" : "Virgin Islands",
          "country_province" : "Virgin Islands",
          "population_growth" : -0.56,
          "infant_mortality" : 6.79
        },
        {
          "country_code" : "VN",
          "country_name" : "Vietnam",
          "country_province" : "Red River Delta",
          "population_growth" : 1,
          "infant_mortality" : 18.99
        },
        {
          "country_code" : "VU",
          "country_name" : "Vanuatu",
          "country_province" : "Vanuatu",
          "population_growth" : 2.01,
          "infant_mortality" : 16.41
        },
        {
          "country_code" : "WAG",
          "country_name" : "Gambia",
          "country_province" : "Gambia",
          "population_growth" : 2.23,
          "infant_mortality" : 65.74
        },
        {
          "country_code" : "WB",
          "country_name" : "West Bank",
          "country_province" : "West Bank",
          "population_growth" : 4.99,
          "infant_mortality" : 28.6
        },
        {
          "country_code" : "WD",
          "country_name" : "Dominica",
          "country_province" : "Dominica",
          "population_growth" : 0.22,
          "infant_mortality" : 11.61
        },
        {
          "country_code" : "WF",
          "country_name" : "Wallis and Futuna",
          "country_province" : "Wallis and Futuna",
          "population_growth" : 0.33,
          "infant_mortality" : 4.49
        },
        {
          "country_code" : "WG",
          "country_name" : "Grenada",
          "country_province" : "Grenada",
          "population_growth" : 0.5,
          "infant_mortality" : 10.5
        },
        {
          "country_code" : "WL",
          "country_name" : "Saint Lucia",
          "country_province" : "Saint Lucia",
          "population_growth" : 0.35,
          "infant_mortality" : 11.75
        },
        {
          "country_code" : "WS",
          "country_name" : "Samoa",
          "country_province" : "Samoa",
          "population_growth" : 0.59,
          "infant_mortality" : 20.5
        },
        {
          "country_code" : "WSA",
          "country_name" : "Western Sahara",
          "country_province" : "Western Sahara",
          "population_growth" : 2.46,
          "infant_mortality" : 145.82
        },
        {
          "country_code" : "WV",
          "country_name" : "Saint Vincent and the Grenadines",
          "country_province" : "Saint Vincent and the Grenadines",
          "population_growth" : -0.29,
          "infant_mortality" : 13.07
        },
        {
          "country_code" : "XMAS",
          "country_name" : "Christmas Island",
          "country_province" : "Christmas Island",
          "population_growth" : "",
          "infant_mortality" : ""
        },
        {
          "country_code" : "YE",
          "country_name" : "Yemen",
          "country_province" : "Yemen",
          "population_growth" : 2.72,
          "infant_mortality" : 50.41
        },
        {
          "country_code" : "YV",
          "country_name" : "Venezuela",
          "country_province" : "Distrito Federal",
          "population_growth" : 1.42,
          "infant_mortality" : 19.33
        },
        {
          "country_code" : "Z",
          "country_name" : "Zambia",
          "country_province" : "Lusaka",
          "population_growth" : 2.88,
          "infant_mortality" : 66.62
        },
        {
          "country_code" : "ZW",
          "country_name" : "Zimbabwe",
          "country_province" : "Zimbabwe",
          "population_growth" : 4.36,
          "infant_mortality" : 26.55
        }
      ]
    }
  ]
}