<?xml version = '1.0' encoding = 'UTF-8'?>
<SegmentOraclev10g class="oracle.dbtools.crest.model.design.storage.oracle.v10g.SegmentOraclev10g" name="Storage26" directorySegmentName="seg_0" id="A014EF5B-AD4F-A4E5-29C5-ECECBDBBAABD">
<createdBy>risha</createdBy>
<createdTime>2021-12-03 03:28:40 UTC</createdTime>
<ownerDesignName>Project2SchemaDesign</ownerDesignName>
<initrans>2</initrans>
<maxTrans>255</maxTrans>
<scInitialExtent>65536</scInitialExtent>
<scMaxExtents>2147483645</scMaxExtents>
<scNextExtent>1048576</scNextExtent>
</SegmentOraclev10g>