<?xml version = '1.0' encoding = 'UTF-8'?>
<TableProxyOraclev12c class="oracle.dbtools.crest.model.design.storage.oracle.v12c.TableProxyOraclev12c" name="ORGANIZATION" directorySegmentName="seg_0" id="35D783AA-5C61-33B3-CC81-ACE2C0997A6B">
<createdBy>risha</createdBy>
<createdTime>2021-12-03 03:28:36 UTC</createdTime>
<ownerDesignName>Project2SchemaDesign</ownerDesignName>
<schemaObject>42B4711F-9896-BD1E-55F5-EAB2ACED0F80</schemaObject>
<logging>YES</logging>
<partitionedRowMovement>DISABLE</partitionedRowMovement>
<segment>050CE663-413E-B0A4-E7D1-AC1C73A1B623</segment>
<tableSpace>7C094568-207E-D3A5-1DDC-6B8042C86783</tableSpace>
<temporaryChanged>false</temporaryChanged>
<accessDriverType>oracle_loader</accessDriverType>
<rejectLimit></rejectLimit>
<inMemory>NO</inMemory>
<columnProxies itemClass="oracle.dbtools.crest.model.design.storage.oracle.v12c.ColumnProxyOraclev12c">
<ColumnProxy name="NAME" id="139507E4-0AD7-EE00-6DAD-E6FB69533B32">
<createdBy>risha</createdBy>
<createdTime>2021-12-03 03:28:37 UTC</createdTime>
<ownerDesignName>Project2SchemaDesign</ownerDesignName>
</ColumnProxy>
<ColumnProxy name="PROVINCE_NAME" id="21DA1AED-963A-A8F7-EDCB-B6A95E944A83">
<createdBy>risha</createdBy>
<createdTime>2021-12-03 03:28:37 UTC</createdTime>
<ownerDesignName>Project2SchemaDesign</ownerDesignName>
</ColumnProxy>
<ColumnProxy name="CITY_NAME" id="3E75A99A-AC1E-0BD4-E077-BAC1834C52FE">
<createdBy>risha</createdBy>
<createdTime>2021-12-03 03:28:37 UTC</createdTime>
<ownerDesignName>Project2SchemaDesign</ownerDesignName>
</ColumnProxy>
<ColumnProxy name="COUNTRY_CODE" id="6B88F668-4FED-AFD6-5F08-2117D816BE5D">
<createdBy>risha</createdBy>
<createdTime>2021-12-03 03:28:37 UTC</createdTime>
<ownerDesignName>Project2SchemaDesign</ownerDesignName>
</ColumnProxy>
<ColumnProxy name="ESTABLISHED" id="8FE9B856-AEE2-9CE1-1F18-4F567BA44A35">
<createdBy>risha</createdBy>
<createdTime>2021-12-03 03:28:37 UTC</createdTime>
<ownerDesignName>Project2SchemaDesign</ownerDesignName>
</ColumnProxy>
<ColumnProxy name="ABBREVIATION" id="D3C3A65B-BB4C-D46A-734D-80C496A426BF">
<createdBy>risha</createdBy>
<createdTime>2021-12-03 03:28:37 UTC</createdTime>
<ownerDesignName>Project2SchemaDesign</ownerDesignName>
</ColumnProxy>
</columnProxies>
<indexProxies>
<IndexProxy class="oracle.dbtools.crest.model.design.storage.oracle.v10g.IndexProxyOraclev10g" name="PK_ORGANIZATION" id="7D582AC6-FC28-D7DD-F268-2A56FB0D5A31">
<createdBy>risha</createdBy>
<createdTime>2021-12-03 03:28:43 UTC</createdTime>
<ownerDesignName>Project2SchemaDesign</ownerDesignName>
<schemaObject>42B4711F-9896-BD1E-55F5-EAB2ACED0F80</schemaObject>
<segment>A014EF5B-AD4F-A4E5-29C5-ECECBDBBAABD</segment>
<tableSpace>7C094568-207E-D3A5-1DDC-6B8042C86783</tableSpace>
</IndexProxy>
</indexProxies>
<foreignKeys>
<ForeignKey class="oracle.dbtools.crest.model.design.storage.oracle.v10g.FKProxyOraclev10g" name="FK_ORGANIZATION_CITY" id="0C98D4C8-69C0-BAB1-80F7-877472D259CB">
<createdBy>risha</createdBy>
<createdTime>2021-12-03 03:28:46 UTC</createdTime>
<ownerDesignName>Project2SchemaDesign</ownerDesignName>
</ForeignKey>
</foreignKeys>
<primaryKeys>
<PrimaryKey class="oracle.dbtools.crest.model.design.storage.oracle.v10g.PKProxyOraclev10g" name="PK_ORGANIZATION" id="997B81BA-25B2-5CA0-0290-6A50107C068C">
<createdBy>risha</createdBy>
<createdTime>2021-12-03 03:28:44 UTC</createdTime>
<ownerDesignName>Project2SchemaDesign</ownerDesignName>
<segment>A014EF5B-AD4F-A4E5-29C5-ECECBDBBAABD</segment>
<tableSpace>7C094568-207E-D3A5-1DDC-6B8042C86783</tableSpace>
<existingIndex>7D582AC6-FC28-D7DD-F268-2A56FB0D5A31</existingIndex>
<indexSegment>A014EF5B-AD4F-A4E5-29C5-ECECBDBBAABD</indexSegment>
<indexSort>SORTED</indexSort>
<usingIndex>BY INDEX NAME</usingIndex>
</PrimaryKey>
</primaryKeys>
</TableProxyOraclev12c>