<?xml version = '1.0' encoding = 'UTF-8'?>
<TableProxyOraclev12c class="oracle.dbtools.crest.model.design.storage.oracle.v12c.TableProxyOraclev12c" name="CITY" directorySegmentName="seg_0" id="53119477-C080-3BE8-4DEA-470B41185EAB">
<createdBy>risha</createdBy>
<createdTime>2021-12-03 03:28:36 UTC</createdTime>
<ownerDesignName>Project2SchemaDesign</ownerDesignName>
<schemaObject>42B4711F-9896-BD1E-55F5-EAB2ACED0F80</schemaObject>
<logging>YES</logging>
<partitionedRowMovement>DISABLE</partitionedRowMovement>
<segment>050CE663-413E-B0A4-E7D1-AC1C73A1B623</segment>
<tableSpace>7C094568-207E-D3A5-1DDC-6B8042C86783</tableSpace>
<temporaryChanged>false</temporaryChanged>
<accessDriverType>oracle_loader</accessDriverType>
<rejectLimit></rejectLimit>
<inMemory>NO</inMemory>
<columnProxies itemClass="oracle.dbtools.crest.model.design.storage.oracle.v12c.ColumnProxyOraclev12c">
<ColumnProxy name="COUNTRY_CODE" id="500399C4-EF12-C5AE-3D2C-B04248F5B8BE">
<createdBy>risha</createdBy>
<createdTime>2021-12-03 03:28:37 UTC</createdTime>
<ownerDesignName>Project2SchemaDesign</ownerDesignName>
</ColumnProxy>
<ColumnProxy name="LONGITUDE" id="6FAB57D8-6CA4-C6DD-0370-312032350C88">
<createdBy>risha</createdBy>
<createdTime>2021-12-03 03:28:37 UTC</createdTime>
<ownerDesignName>Project2SchemaDesign</ownerDesignName>
</ColumnProxy>
<ColumnProxy name="PROVINCE_NAME" id="B53624EA-8D22-00FC-C5BA-F941200663D3">
<createdBy>risha</createdBy>
<createdTime>2021-12-03 03:28:37 UTC</createdTime>
<ownerDesignName>Project2SchemaDesign</ownerDesignName>
</ColumnProxy>
<ColumnProxy name="ELEVATION" id="B62D280A-093C-522C-6D44-04AD2BADB2CB">
<createdBy>risha</createdBy>
<createdTime>2021-12-03 03:28:37 UTC</createdTime>
<ownerDesignName>Project2SchemaDesign</ownerDesignName>
</ColumnProxy>
<ColumnProxy name="NAME" id="DC8A1796-3D3C-9621-537C-00EC0B5BBD53">
<createdBy>risha</createdBy>
<createdTime>2021-12-03 03:28:37 UTC</createdTime>
<ownerDesignName>Project2SchemaDesign</ownerDesignName>
</ColumnProxy>
<ColumnProxy name="LATITUDE" id="E244D1AA-AB84-BAED-B047-41E9CDDD24B8">
<createdBy>risha</createdBy>
<createdTime>2021-12-03 03:28:37 UTC</createdTime>
<ownerDesignName>Project2SchemaDesign</ownerDesignName>
</ColumnProxy>
</columnProxies>
<indexProxies>
<IndexProxy class="oracle.dbtools.crest.model.design.storage.oracle.v10g.IndexProxyOraclev10g" name="PK_CITY" id="56C8112D-AE2F-8E36-E9F7-965E48DD2B0F">
<createdBy>risha</createdBy>
<createdTime>2021-12-03 03:28:41 UTC</createdTime>
<ownerDesignName>Project2SchemaDesign</ownerDesignName>
<schemaObject>42B4711F-9896-BD1E-55F5-EAB2ACED0F80</schemaObject>
<segment>A014EF5B-AD4F-A4E5-29C5-ECECBDBBAABD</segment>
<tableSpace>7C094568-207E-D3A5-1DDC-6B8042C86783</tableSpace>
</IndexProxy>
</indexProxies>
<foreignKeys>
<ForeignKey class="oracle.dbtools.crest.model.design.storage.oracle.v10g.FKProxyOraclev10g" name="FK_CITY_PROVINCE" id="D363E871-ED76-A96D-7607-6C740A1C9612">
<createdBy>risha</createdBy>
<createdTime>2021-12-03 03:28:46 UTC</createdTime>
<ownerDesignName>Project2SchemaDesign</ownerDesignName>
</ForeignKey>
</foreignKeys>
<primaryKeys>
<PrimaryKey class="oracle.dbtools.crest.model.design.storage.oracle.v10g.PKProxyOraclev10g" name="PK_CITY" id="DA9E1C01-92B0-8FE0-2C23-8D965E1CCF65">
<createdBy>risha</createdBy>
<createdTime>2021-12-03 03:28:44 UTC</createdTime>
<ownerDesignName>Project2SchemaDesign</ownerDesignName>
<segment>A014EF5B-AD4F-A4E5-29C5-ECECBDBBAABD</segment>
<tableSpace>7C094568-207E-D3A5-1DDC-6B8042C86783</tableSpace>
<existingIndex>56C8112D-AE2F-8E36-E9F7-965E48DD2B0F</existingIndex>
<indexSegment>A014EF5B-AD4F-A4E5-29C5-ECECBDBBAABD</indexSegment>
<indexSort>SORTED</indexSort>
<usingIndex>BY INDEX NAME</usingIndex>
</PrimaryKey>
</primaryKeys>
</TableProxyOraclev12c>