<?xml version = '1.0' encoding = 'UTF-8'?>
<TableProxyOraclev12c class="oracle.dbtools.crest.model.design.storage.oracle.v12c.TableProxyOraclev12c" name="AIRPORT" directorySegmentName="seg_0" id="92F9F9B6-2DC7-6AF4-E65D-E05BF93934D2">
<createdBy>risha</createdBy>
<createdTime>2021-12-03 03:28:36 UTC</createdTime>
<ownerDesignName>Project2SchemaDesign</ownerDesignName>
<schemaObject>42B4711F-9896-BD1E-55F5-EAB2ACED0F80</schemaObject>
<logging>YES</logging>
<partitionedRowMovement>DISABLE</partitionedRowMovement>
<segment>050CE663-413E-B0A4-E7D1-AC1C73A1B623</segment>
<tableSpace>7C094568-207E-D3A5-1DDC-6B8042C86783</tableSpace>
<temporaryChanged>false</temporaryChanged>
<accessDriverType>oracle_loader</accessDriverType>
<rejectLimit></rejectLimit>
<inMemory>NO</inMemory>
<columnProxies itemClass="oracle.dbtools.crest.model.design.storage.oracle.v12c.ColumnProxyOraclev12c">
<ColumnProxy name="IATA_CODE" id="0C9431DB-B56E-F2B3-9D1C-A533BF1FE6BD">
<createdBy>risha</createdBy>
<createdTime>2021-12-03 03:28:37 UTC</createdTime>
<ownerDesignName>Project2SchemaDesign</ownerDesignName>
</ColumnProxy>
<ColumnProxy name="ELEVATION" id="13CE1BDC-BE07-E78C-93D9-9A1069D6203D">
<createdBy>risha</createdBy>
<createdTime>2021-12-03 03:28:37 UTC</createdTime>
<ownerDesignName>Project2SchemaDesign</ownerDesignName>
</ColumnProxy>
<ColumnProxy name="PROVINCE_NAME" id="62EE4526-A457-BE04-41ED-DFD7E7B112B2">
<createdBy>risha</createdBy>
<createdTime>2021-12-03 03:28:37 UTC</createdTime>
<ownerDesignName>Project2SchemaDesign</ownerDesignName>
</ColumnProxy>
<ColumnProxy name="NAME" id="70933FE8-CFF1-C126-3921-364DFD5D7E15">
<createdBy>risha</createdBy>
<createdTime>2021-12-03 03:28:37 UTC</createdTime>
<ownerDesignName>Project2SchemaDesign</ownerDesignName>
</ColumnProxy>
<ColumnProxy name="ISLAND" id="8FC36E7A-AC9C-C806-AF9E-77CE434DC7D4">
<createdBy>risha</createdBy>
<createdTime>2021-12-03 03:28:37 UTC</createdTime>
<ownerDesignName>Project2SchemaDesign</ownerDesignName>
</ColumnProxy>
<ColumnProxy name="CITY_NAME" id="9B3CA76B-EC16-1053-F8FD-07968C886EA2">
<createdBy>risha</createdBy>
<createdTime>2021-12-03 03:28:37 UTC</createdTime>
<ownerDesignName>Project2SchemaDesign</ownerDesignName>
</ColumnProxy>
<ColumnProxy name="LONGITUDE" id="A307F202-E480-105F-37F7-1965C2E5A8C6">
<createdBy>risha</createdBy>
<createdTime>2021-12-03 03:28:37 UTC</createdTime>
<ownerDesignName>Project2SchemaDesign</ownerDesignName>
</ColumnProxy>
<ColumnProxy name="COUNTRY_CODE" id="C77E1C4C-413E-E705-6E0C-785CF5BD56B1">
<createdBy>risha</createdBy>
<createdTime>2021-12-03 03:28:37 UTC</createdTime>
<ownerDesignName>Project2SchemaDesign</ownerDesignName>
</ColumnProxy>
<ColumnProxy name="GMT_OFFSET" id="C98C3F40-381B-E8D0-8044-72D6EB414AC8">
<createdBy>risha</createdBy>
<createdTime>2021-12-03 03:28:37 UTC</createdTime>
<ownerDesignName>Project2SchemaDesign</ownerDesignName>
</ColumnProxy>
<ColumnProxy name="LATITUDE" id="D4A51468-4C6F-02AB-EE36-4E43C103182B">
<createdBy>risha</createdBy>
<createdTime>2021-12-03 03:28:37 UTC</createdTime>
<ownerDesignName>Project2SchemaDesign</ownerDesignName>
</ColumnProxy>
</columnProxies>
<indexProxies>
<IndexProxy class="oracle.dbtools.crest.model.design.storage.oracle.v10g.IndexProxyOraclev10g" name="ID_AIRPORT_CITY" id="880CA508-7732-1282-07E4-52F1593B8223">
<createdBy>risha</createdBy>
<createdTime>2021-12-03 03:28:40 UTC</createdTime>
<ownerDesignName>Project2SchemaDesign</ownerDesignName>
<schemaObject>42B4711F-9896-BD1E-55F5-EAB2ACED0F80</schemaObject>
<segment>A014EF5B-AD4F-A4E5-29C5-ECECBDBBAABD</segment>
<tableSpace>7C094568-207E-D3A5-1DDC-6B8042C86783</tableSpace>
</IndexProxy>
<IndexProxy class="oracle.dbtools.crest.model.design.storage.oracle.v10g.IndexProxyOraclev10g" name="PK_AIRPORT" id="BE0C09AD-11BD-F9D8-CCF1-C9DFC032A0F7">
<createdBy>risha</createdBy>
<createdTime>2021-12-03 03:28:40 UTC</createdTime>
<ownerDesignName>Project2SchemaDesign</ownerDesignName>
<schemaObject>42B4711F-9896-BD1E-55F5-EAB2ACED0F80</schemaObject>
<segment>A014EF5B-AD4F-A4E5-29C5-ECECBDBBAABD</segment>
<tableSpace>7C094568-207E-D3A5-1DDC-6B8042C86783</tableSpace>
</IndexProxy>
</indexProxies>
<foreignKeys>
<ForeignKey class="oracle.dbtools.crest.model.design.storage.oracle.v10g.FKProxyOraclev10g" name="FN_AIRPORT_ISLAND" id="7B149A4A-F3BF-E012-557F-C0E25E97CFE1">
<createdBy>risha</createdBy>
<createdTime>2021-12-03 03:28:46 UTC</createdTime>
<ownerDesignName>Project2SchemaDesign</ownerDesignName>
<enable>NO</enable>
<validate>NO</validate>
</ForeignKey>
<ForeignKey class="oracle.dbtools.crest.model.design.storage.oracle.v10g.FKProxyOraclev10g" name="FK_AIRPORT_COUNTRY" id="8F4B7D72-77B0-4796-98FE-58C15E3944FC">
<createdBy>risha</createdBy>
<createdTime>2021-12-03 03:28:46 UTC</createdTime>
<ownerDesignName>Project2SchemaDesign</ownerDesignName>
</ForeignKey>
<ForeignKey class="oracle.dbtools.crest.model.design.storage.oracle.v10g.FKProxyOraclev10g" name="FK_AIRPORT_CITY" id="D8D25F4E-C405-30CD-628D-29D975587F0C">
<createdBy>risha</createdBy>
<createdTime>2021-12-03 03:28:46 UTC</createdTime>
<ownerDesignName>Project2SchemaDesign</ownerDesignName>
</ForeignKey>
</foreignKeys>
<primaryKeys>
<PrimaryKey class="oracle.dbtools.crest.model.design.storage.oracle.v10g.PKProxyOraclev10g" name="PK_AIRPORT" id="98242F51-A9AC-35CC-9F46-1361261EA221">
<createdBy>risha</createdBy>
<createdTime>2021-12-03 03:28:44 UTC</createdTime>
<ownerDesignName>Project2SchemaDesign</ownerDesignName>
<segment>A014EF5B-AD4F-A4E5-29C5-ECECBDBBAABD</segment>
<tableSpace>7C094568-207E-D3A5-1DDC-6B8042C86783</tableSpace>
<existingIndex>BE0C09AD-11BD-F9D8-CCF1-C9DFC032A0F7</existingIndex>
<indexSegment>A014EF5B-AD4F-A4E5-29C5-ECECBDBBAABD</indexSegment>
<indexSort>SORTED</indexSort>
<usingIndex>BY INDEX NAME</usingIndex>
</PrimaryKey>
</primaryKeys>
</TableProxyOraclev12c>