<?xml version = '1.0' encoding = 'UTF-8'?>
<TableProxyOraclev12c class="oracle.dbtools.crest.model.design.storage.oracle.v12c.TableProxyOraclev12c" name="PROVINCE_POPULATION" directorySegmentName="seg_0" id="A888292B-1044-E780-B9FD-F57EAE3ECEFE">
<createdBy>risha</createdBy>
<createdTime>2021-12-03 03:28:36 UTC</createdTime>
<ownerDesignName>Project2SchemaDesign</ownerDesignName>
<schemaObject>42B4711F-9896-BD1E-55F5-EAB2ACED0F80</schemaObject>
<logging>YES</logging>
<partitionedRowMovement>DISABLE</partitionedRowMovement>
<segment>050CE663-413E-B0A4-E7D1-AC1C73A1B623</segment>
<tableSpace>7C094568-207E-D3A5-1DDC-6B8042C86783</tableSpace>
<temporaryChanged>false</temporaryChanged>
<accessDriverType>oracle_loader</accessDriverType>
<rejectLimit></rejectLimit>
<inMemory>NO</inMemory>
<columnProxies itemClass="oracle.dbtools.crest.model.design.storage.oracle.v12c.ColumnProxyOraclev12c">
<ColumnProxy name="COUNTRY_CODE" id="0A5D0472-55EE-8263-EEBD-CBF74423B9B3">
<createdBy>risha</createdBy>
<createdTime>2021-12-03 03:28:37 UTC</createdTime>
<ownerDesignName>Project2SchemaDesign</ownerDesignName>
</ColumnProxy>
<ColumnProxy name="PROVINCE_NAME" id="0BDDD8F5-EA0F-0413-29DA-5451D82FB869">
<createdBy>risha</createdBy>
<createdTime>2021-12-03 03:28:37 UTC</createdTime>
<ownerDesignName>Project2SchemaDesign</ownerDesignName>
</ColumnProxy>
<ColumnProxy name="YEAR" id="75DE474C-3B4C-DF34-4079-CA2B4113D7BD">
<createdBy>risha</createdBy>
<createdTime>2021-12-03 03:28:37 UTC</createdTime>
<ownerDesignName>Project2SchemaDesign</ownerDesignName>
</ColumnProxy>
<ColumnProxy name="POPULATION" id="D983877A-D3AC-4923-4D18-DB6D3D05F450">
<createdBy>risha</createdBy>
<createdTime>2021-12-03 03:28:37 UTC</createdTime>
<ownerDesignName>Project2SchemaDesign</ownerDesignName>
</ColumnProxy>
</columnProxies>
<indexProxies>
<IndexProxy class="oracle.dbtools.crest.model.design.storage.oracle.v10g.IndexProxyOraclev10g" name="PK_PROVINCE_POPULATION" id="4D975600-F6E2-FBE1-FD6C-DF6AD2CDABCA">
<createdBy>risha</createdBy>
<createdTime>2021-12-03 03:28:44 UTC</createdTime>
<ownerDesignName>Project2SchemaDesign</ownerDesignName>
<schemaObject>42B4711F-9896-BD1E-55F5-EAB2ACED0F80</schemaObject>
<segment>A014EF5B-AD4F-A4E5-29C5-ECECBDBBAABD</segment>
<tableSpace>7C094568-207E-D3A5-1DDC-6B8042C86783</tableSpace>
</IndexProxy>
</indexProxies>
<foreignKeys>
<ForeignKey class="oracle.dbtools.crest.model.design.storage.oracle.v10g.FKProxyOraclev10g" name="FK_PROVINCE_POPULATION_PROVINCE" id="6DB794FC-D62F-B811-100F-9629A8140392">
<createdBy>risha</createdBy>
<createdTime>2021-12-03 03:28:46 UTC</createdTime>
<ownerDesignName>Project2SchemaDesign</ownerDesignName>
</ForeignKey>
</foreignKeys>
<primaryKeys>
<PrimaryKey class="oracle.dbtools.crest.model.design.storage.oracle.v10g.PKProxyOraclev10g" name="PK_PROVINCE_POPULATION" id="C318A43E-8F80-B66D-3A85-ED95E0EC03D8">
<createdBy>risha</createdBy>
<createdTime>2021-12-03 03:28:44 UTC</createdTime>
<ownerDesignName>Project2SchemaDesign</ownerDesignName>
<segment>A014EF5B-AD4F-A4E5-29C5-ECECBDBBAABD</segment>
<tableSpace>7C094568-207E-D3A5-1DDC-6B8042C86783</tableSpace>
<existingIndex>4D975600-F6E2-FBE1-FD6C-DF6AD2CDABCA</existingIndex>
<indexSegment>A014EF5B-AD4F-A4E5-29C5-ECECBDBBAABD</indexSegment>
<indexSort>SORTED</indexSort>
<usingIndex>BY INDEX NAME</usingIndex>
</PrimaryKey>
</primaryKeys>
</TableProxyOraclev12c>