<?xml version = '1.0' encoding = 'UTF-8'?>
<TableProxyOraclev12c class="oracle.dbtools.crest.model.design.storage.oracle.v12c.TableProxyOraclev12c" name="POLITICS" directorySegmentName="seg_0" id="DD10470E-17A8-FA18-3B97-0DF1ECADF9FA">
<createdBy>risha</createdBy>
<createdTime>2021-12-03 03:28:36 UTC</createdTime>
<ownerDesignName>Project2SchemaDesign</ownerDesignName>
<schemaObject>42B4711F-9896-BD1E-55F5-EAB2ACED0F80</schemaObject>
<logging>YES</logging>
<partitionedRowMovement>DISABLE</partitionedRowMovement>
<segment>050CE663-413E-B0A4-E7D1-AC1C73A1B623</segment>
<tableSpace>7C094568-207E-D3A5-1DDC-6B8042C86783</tableSpace>
<temporaryChanged>false</temporaryChanged>
<accessDriverType>oracle_loader</accessDriverType>
<rejectLimit></rejectLimit>
<inMemory>NO</inMemory>
<columnProxies itemClass="oracle.dbtools.crest.model.design.storage.oracle.v12c.ColumnProxyOraclev12c">
<ColumnProxy name="DEPENDENT" id="15C19C58-AE95-B102-9F33-9AE4E3E01218">
<createdBy>risha</createdBy>
<createdTime>2021-12-03 03:28:37 UTC</createdTime>
<ownerDesignName>Project2SchemaDesign</ownerDesignName>
</ColumnProxy>
<ColumnProxy name="COUNTRY_CODE" id="1F5B7359-468D-4D3C-9F11-F8A5C746C24B">
<createdBy>risha</createdBy>
<createdTime>2021-12-03 03:28:37 UTC</createdTime>
<ownerDesignName>Project2SchemaDesign</ownerDesignName>
</ColumnProxy>
<ColumnProxy name="WAS_DEPENDENT" id="38AF0EEE-AE0B-5092-1014-C26FC2DBC840">
<createdBy>risha</createdBy>
<createdTime>2021-12-03 03:28:37 UTC</createdTime>
<ownerDesignName>Project2SchemaDesign</ownerDesignName>
</ColumnProxy>
<ColumnProxy name="INDEPENDENCE_DATE" id="6E192F73-A1D5-72BA-57A3-BDDE281B1486">
<createdBy>risha</createdBy>
<createdTime>2021-12-03 03:28:37 UTC</createdTime>
<ownerDesignName>Project2SchemaDesign</ownerDesignName>
</ColumnProxy>
<ColumnProxy name="GOVERNMENT" id="98F48BA6-0DC7-7043-C36F-F202A0848E50">
<createdBy>risha</createdBy>
<createdTime>2021-12-03 03:28:37 UTC</createdTime>
<ownerDesignName>Project2SchemaDesign</ownerDesignName>
</ColumnProxy>
</columnProxies>
<indexProxies>
<IndexProxy class="oracle.dbtools.crest.model.design.storage.oracle.v10g.IndexProxyOraclev10g" name="PK_POLITICS" id="7C992B18-C69D-92E0-C41C-E495997ED48A">
<createdBy>risha</createdBy>
<createdTime>2021-12-03 03:28:43 UTC</createdTime>
<ownerDesignName>Project2SchemaDesign</ownerDesignName>
<schemaObject>42B4711F-9896-BD1E-55F5-EAB2ACED0F80</schemaObject>
<segment>A014EF5B-AD4F-A4E5-29C5-ECECBDBBAABD</segment>
<tableSpace>7C094568-207E-D3A5-1DDC-6B8042C86783</tableSpace>
</IndexProxy>
</indexProxies>
<foreignKeys>
<ForeignKey class="oracle.dbtools.crest.model.design.storage.oracle.v10g.FKProxyOraclev10g" name="FK_POLITICS_COUNTRY" id="811C3D70-07AA-A96E-C817-49F47C0B8C61">
<createdBy>risha</createdBy>
<createdTime>2021-12-03 03:28:46 UTC</createdTime>
<ownerDesignName>Project2SchemaDesign</ownerDesignName>
</ForeignKey>
<ForeignKey class="oracle.dbtools.crest.model.design.storage.oracle.v10g.FKProxyOraclev10g" name="FN_POLITICS_DEPENDENT_COUNTRY" id="EC07A339-3234-D53E-53E0-F2585A8FFE1D">
<createdBy>risha</createdBy>
<createdTime>2021-12-03 03:28:46 UTC</createdTime>
<ownerDesignName>Project2SchemaDesign</ownerDesignName>
</ForeignKey>
</foreignKeys>
<primaryKeys>
<PrimaryKey class="oracle.dbtools.crest.model.design.storage.oracle.v10g.PKProxyOraclev10g" name="PK_POLITICS" id="DE0C1F4A-7016-0975-B489-8345C3DE49D9">
<createdBy>risha</createdBy>
<createdTime>2021-12-03 03:28:44 UTC</createdTime>
<ownerDesignName>Project2SchemaDesign</ownerDesignName>
<segment>A014EF5B-AD4F-A4E5-29C5-ECECBDBBAABD</segment>
<tableSpace>7C094568-207E-D3A5-1DDC-6B8042C86783</tableSpace>
<existingIndex>7C992B18-C69D-92E0-C41C-E495997ED48A</existingIndex>
<indexSegment>A014EF5B-AD4F-A4E5-29C5-ECECBDBBAABD</indexSegment>
<indexSort>SORTED</indexSort>
<usingIndex>BY INDEX NAME</usingIndex>
</PrimaryKey>
</primaryKeys>
</TableProxyOraclev12c>