[
    {
        "country": "AL",
        "gdp": "12800",
        "agriculture": "19.5",
        "service": "68.5",
        "industry": "12",
        "inflation": "1.7",
        "unemployment": "16.9",
        "_id": -90071029576988977
    },
    {
        "country": "GR",
        "gdp": "243300",
        "agriculture": "3.5",
        "service": "80.5",
        "industry": "16",
        "inflation": "-0.8",
        "unemployment": "27.9",
        "_id": 9055545603044065317
    },
    {
        "country": "CY",
        "gdp": "21780",
        "agriculture": "2.4",
        "service": "81.7",
        "industry": "15.9",
        "inflation": "0.2",
        "unemployment": "17.4",
        "_id": -8707339543579542889
    },
    {
        "country": "MK",
        "gdp": "10650",
        "agriculture": "10.2",
        "service": "62.3",
        "industry": "27.5",
        "inflation": "2.8",
        "unemployment": "28.6",
        "_id": -3972563589580628599
    },
    {
        "country": "SRB",
        "gdp": "43680",
        "agriculture": "7.9",
        "service": "60.3",
        "industry": "31.8",
        "inflation": "2.2",
        "unemployment": "20.1",
        "_id": -7197869914741509834
    },
    {
        "country": "MNE",
        "gdp": "4518",
        "agriculture": "0.8",
        "service": "87.9",
        "industry": "11.3",
        "inflation": "4",
        "unemployment": "19.1",
        "_id": 5621062623912838733
    },
    {
        "country": "KOS",
        "gdp": "7150",
        "agriculture": "12.9",
        "service": "64.5",
        "industry": "22.6",
        "inflation": "1.8",
        "unemployment": "30.9",
        "_id": -3522736912155348988
    },
    {
        "country": "AND",
        "gdp": "4800",
        "agriculture": "14",
        "service": "6",
        "industry": "79",
        "inflation": "1.1",
        "unemployment": "4",
        "_id": -8808643287894633442
    },
    {
        "country": "F",
        "gdp": "2739000",
        "agriculture": "1.9",
        "service": "79.4",
        "industry": "18.7",
        "inflation": "0.9",
        "unemployment": "10.2",
        "_id": 5693695518640268726
    },
    {
        "country": "E",
        "gdp": "1356000",
        "agriculture": "3.1",
        "service": "70.8",
        "industry": "26",
        "inflation": "1.8",
        "unemployment": "26.3",
        "_id": 1644276788282105659
    },
    {
        "country": "CZ",
        "gdp": "194800",
        "agriculture": "2.4",
        "service": "60.3",
        "industry": "37.3",
        "inflation": "1.4",
        "unemployment": "7.1",
        "_id": 1547842482213874930
    },
    {
        "country": "SK",
        "gdp": "96960",
        "agriculture": "3.1",
        "service": "67",
        "industry": "30.8",
        "inflation": "1.7",
        "unemployment": "14.4",
        "_id": -8068781529545947456
    },
    {
        "country": "D",
        "gdp": "3593000",
        "agriculture": "0.8",
        "service": "69",
        "industry": "30.1",
        "inflation": "1.6",
        "unemployment": "5.3",
        "_id": -6366703933525230936
    },
    {
        "country": "H",
        "gdp": "130600",
        "agriculture": "3.4",
        "service": "68.7",
        "industry": "28",
        "inflation": "1.9",
        "unemployment": "10.5",
        "_id": 938570246114524616
    },
    {
        "country": "I",
        "gdp": "2068000",
        "agriculture": "2",
        "service": "73.5",
        "industry": "24.4",
        "inflation": "1.2",
        "unemployment": "12.4",
        "_id": -7986586593529459592
    },
    {
        "country": "CH",
        "gdp": "646200",
        "agriculture": "0.7",
        "service": "72.5",
        "industry": "26.8",
        "inflation": "-0.4",
        "unemployment": "3.2",
        "_id": 446985586410018953
    },
    {
        "country": "FL",
        "gdp": "5113",
        "agriculture": "8",
        "service": "55",
        "industry": "37",
        "inflation": "-0.7",
        "unemployment": "2.3",
        "_id": -4510834876183194162
    },
    {
        "country": "A",
        "gdp": "417900",
        "agriculture": "1.6",
        "service": "69.8",
        "industry": "28.6",
        "inflation": "2.1",
        "unemployment": "4.9",
        "_id": -8617705564684506689
    },
    {
        "country": "EST",
        "gdp": "24280",
        "agriculture": "3.9",
        "service": "66.2",
        "industry": "30",
        "inflation": "3.4",
        "unemployment": "10.9",
        "_id": -21834239957736967
    },
    {
        "country": "LV",
        "gdp": "30380",
        "agriculture": "4.9",
        "service": "69.4",
        "industry": "25.7",
        "inflation": "0.2",
        "unemployment": "9.8",
        "_id": -4835766536203317491
    },
    {
        "country": "LT",
        "gdp": "46710",
        "agriculture": "3.7",
        "service": "68",
        "industry": "28.3",
        "inflation": "1.2",
        "unemployment": "12.4",
        "_id": -3269980937059356070
    },
    {
        "country": "BY",
        "gdp": "69240",
        "agriculture": "9.2",
        "service": "44.7",
        "industry": "46.2",
        "inflation": "19",
        "unemployment": "1",
        "_id": 1422938354835322577
    },
    {
        "country": "PL",
        "gdp": "513900",
        "agriculture": "4",
        "service": "62.7",
        "industry": "33.3",
        "inflation": "1",
        "unemployment": "10.3",
        "_id": -6761562073465536228
    },
    {
        "country": "UA",
        "gdp": "175500",
        "agriculture": "9.9",
        "service": "60.5",
        "industry": "29.6",
        "inflation": "0.7",
        "unemployment": "8",
        "_id": -7007948952856626016
    },
    {
        "country": "R",
        "gdp": "2113000",
        "agriculture": "4.2",
        "service": "58.3",
        "industry": "37.5",
        "inflation": "6.8",
        "unemployment": "5.8",
        "_id": -2196986608558832606
    },
    {
        "country": "B",
        "gdp": "507400",
        "agriculture": "0.8",
        "service": "76.6",
        "industry": "22.6",
        "inflation": "1.3",
        "unemployment": "8.8",
        "_id": 7561874965421183943
    },
    {
        "country": "L",
        "gdp": "60540",
        "agriculture": "0.3",
        "service": "86.4",
        "industry": "13.3",
        "inflation": "1.8",
        "unemployment": "4.9",
        "_id": -4289953144718670684
    },
    {
        "country": "NL",
        "gdp": "722300",
        "agriculture": "2.6",
        "service": "72.1",
        "industry": "25.4",
        "inflation": "2.5",
        "unemployment": "8.3",
        "_id": 5712430748077329680
    },
    {
        "country": "SLO",
        "gdp": "46820",
        "agriculture": "2.8",
        "service": "68.3",
        "industry": "28.9",
        "inflation": "1.8",
        "unemployment": "13.1",
        "_id": -2239223110087521927
    },
    {
        "country": "HR",
        "gdp": "59140",
        "agriculture": "5",
        "service": "69.2",
        "industry": "25.8",
        "inflation": "2.2",
        "unemployment": "21.6",
        "_id": -2448939348457488210
    },
    {
        "country": "BIH",
        "gdp": "18870",
        "agriculture": "8.1",
        "service": "65.5",
        "industry": "26.4",
        "inflation": "0.2",
        "unemployment": "44.3",
        "_id": 2157766580567311126
    },
    {
        "country": "BG",
        "gdp": "53700",
        "agriculture": "6.7",
        "service": "63",
        "industry": "30.3",
        "inflation": "1.5",
        "unemployment": "11.6",
        "_id": 2776709845616079248
    },
    {
        "country": "RO",
        "gdp": "188900",
        "agriculture": "6.4",
        "service": "59.4",
        "industry": "34.2",
        "inflation": "3.2",
        "unemployment": "7.3",
        "_id": -5494727114539591119
    },
    {
        "country": "DK",
        "gdp": "324300",
        "agriculture": "1.5",
        "service": "76.8",
        "industry": "21.7",
        "inflation": "0.8",
        "unemployment": "6",
        "_id": -2947830437956442475
    },
    {
        "country": "IS",
        "gdp": "14590",
        "agriculture": "5.9",
        "service": "71.2",
        "industry": "22.9",
        "inflation": "3.9",
        "unemployment": "4.5",
        "_id": 515547573557740072
    },
    {
        "country": "FO",
        "gdp": "2320",
        "agriculture": "16",
        "service": "55",
        "industry": "29",
        "inflation": "2.3",
        "unemployment": "6.8",
        "_id": 1746154096033090178
    },
    {
        "country": "IRL",
        "gdp": "220900",
        "agriculture": "1.6",
        "service": "70.4",
        "industry": "28",
        "inflation": "0.6",
        "unemployment": "13.5",
        "_id": -946863532814709010
    },
    {
        "country": "SF",
        "gdp": "259600",
        "agriculture": "2.9",
        "service": "71.9",
        "industry": "25.1",
        "inflation": "2.2",
        "unemployment": "8.1",
        "_id": -7363769091497032408
    },
    {
        "country": "N",
        "gdp": "515800",
        "agriculture": "1.2",
        "service": "56.5",
        "industry": "42.3",
        "inflation": "1.9",
        "unemployment": "3.6",
        "_id": -740489774411066621
    },
    {
        "country": "S",
        "gdp": "552000",
        "agriculture": "2",
        "service": "66.8",
        "industry": "31.3",
        "inflation": "0",
        "unemployment": "8.1",
        "_id": 8892967409207711362
    },
    {
        "country": "MC",
        "gdp": "5748",
        "agriculture": "0",
        "service": "90",
        "industry": "10",
        "inflation": "1.5",
        "unemployment": "2",
        "_id": -735690016076324158
    },
    {
        "country": "V",
        "_id": 5842667852145529242
    },
    {
        "country": "CEU",
        "_id": 8035119703935498168
    },
    {
        "country": "MEL",
        "_id": -1144933052313126410
    },
    {
        "country": "RSM",
        "gdp": "1866",
        "agriculture": "0.1",
        "service": "60.7",
        "industry": "39.2",
        "inflation": "2.8",
        "unemployment": "7",
        "_id": 6454681989560479172
    },
    {
        "country": "M",
        "gdp": "9541",
        "agriculture": "1.4",
        "service": "73.3",
        "industry": "25.3",
        "inflation": "1",
        "unemployment": "6.4",
        "_id": -1624448839466591418
    },
    {
        "country": "GBM",
        "gdp": "4076",
        "agriculture": "1",
        "service": "88",
        "industry": "11",
        "inflation": "5",
        "unemployment": "2",
        "_id": 6367613453885504137
    },
    {
        "country": "MD",
        "gdp": "7932",
        "agriculture": "13.8",
        "service": "66.2",
        "industry": "19.9",
        "inflation": "4.6",
        "unemployment": "5.8",
        "_id": 5101941464266483833
    },
    {
        "country": "P",
        "gdp": "219300",
        "agriculture": "2.6",
        "service": "75.2",
        "industry": "22.2",
        "inflation": "0.4",
        "unemployment": "16.8",
        "_id": 4105930955548252323
    },
    {
        "country": "SVA",
        "_id": -1148694166705285521
    },
    {
        "country": "GB",
        "gdp": "2490000",
        "agriculture": "0.7",
        "service": "78.9",
        "industry": "20.5",
        "inflation": "2",
        "unemployment": "7.2",
        "_id": -3979194954880406966
    },
    {
        "country": "GBZ",
        "gdp": "1106",
        "agriculture": "0",
        "service": "100",
        "industry": "0",
        "inflation": "2.8",
        "unemployment": "3",
        "_id": -5854402440501009570
    },
    {
        "country": "GBG",
        "gdp": "2742",
        "agriculture": "3",
        "service": "87",
        "industry": "10",
        "inflation": "3.4",
        "unemployment": "0.9",
        "_id": -5750324174795240054
    },
    {
        "country": "GBJ",
        "gdp": "5100",
        "agriculture": "2",
        "service": "96",
        "industry": "2",
        "inflation": "3.7",
        "unemployment": "1.7",
        "_id": 5503917669637030796
    },
    {
        "country": "ARM",
        "gdp": "10440",
        "agriculture": "20.6",
        "service": "42.1",
        "industry": "37.3",
        "inflation": "6.2",
        "unemployment": "17.3",
        "_id": -2274375341321454249
    },
    {
        "country": "GE",
        "gdp": "15950",
        "agriculture": "8.5",
        "service": "69.9",
        "industry": "21.6",
        "inflation": "-0.5",
        "unemployment": "15",
        "_id": 7522117683139714114
    },
    {
        "country": "AZ",
        "gdp": "76010",
        "agriculture": "6.2",
        "service": "30.8",
        "industry": "63",
        "inflation": "2.4",
        "unemployment": "6",
        "_id": -8258993511745612586
    },
    {
        "country": "TR",
        "gdp": "821800",
        "agriculture": "8.9",
        "service": "63.8",
        "industry": "27.3",
        "inflation": "7.6",
        "unemployment": "9.3",
        "_id": -6042684409943079382
    },
    {
        "country": "RL",
        "gdp": "43490",
        "agriculture": "4.6",
        "service": "75.4",
        "industry": "20",
        "inflation": "5",
        "_id": 8306885350482271638
    },
    {
        "country": "WB",
        "gdp": "3700",
        "agriculture": "33",
        "service": "60",
        "industry": "7",
        "inflation": "14",
        "_id": 3837508751165038033
    },
    {
        "country": "GAZA",
        "gdp": "1700",
        "inflation": "5.7",
        "_id": 3189158970762616436
    },
    {
        "country": "IL",
        "gdp": "272700",
        "agriculture": "2.4",
        "service": "66.4",
        "industry": "31.2",
        "inflation": "1.7",
        "unemployment": "5.8",
        "_id": 2410264379114750476
    },
    {
        "country": "SYR",
        "gdp": "64700",
        "agriculture": "17.6",
        "service": "60.2",
        "industry": "22.2",
        "inflation": "59.1",
        "unemployment": "17.8",
        "_id": 6490451045475539861
    },
    {
        "country": "JOR",
        "gdp": "34080",
        "agriculture": "3.2",
        "service": "67",
        "industry": "29.9",
        "inflation": "5.9",
        "unemployment": "14",
        "_id": 3106155386496452457
    },
    {
        "country": "SA",
        "gdp": "718500",
        "agriculture": "2",
        "service": "35.5",
        "industry": "62.5",
        "inflation": "3.7",
        "unemployment": "10.5",
        "_id": -3631947139732236117
    },
    {
        "country": "BRN",
        "gdp": "28360",
        "agriculture": "0.3",
        "service": "53",
        "industry": "46.7",
        "inflation": "3.1",
        "unemployment": "15",
        "_id": 473276387191813658
    },
    {
        "country": "Q",
        "gdp": "213100",
        "agriculture": "0.1",
        "service": "27.7",
        "industry": "72.2",
        "inflation": "3.1",
        "unemployment": "0.3",
        "_id": -5489009234406678662
    },
    {
        "country": "UAE",
        "gdp": "390000",
        "agriculture": "0.6",
        "service": "38.2",
        "industry": "61.1",
        "inflation": "1.3",
        "unemployment": "2.4",
        "_id": -6186525050875529060
    },
    {
        "country": "OM",
        "gdp": "81950",
        "agriculture": "1",
        "service": "34.6",
        "industry": "64.4",
        "inflation": "1.6",
        "unemployment": "15",
        "_id": -5430760703739563357
    },
    {
        "country": "YE",
        "gdp": "43890",
        "agriculture": "7.7",
        "service": "61.4",
        "industry": "30.9",
        "inflation": "11.8",
        "unemployment": "35",
        "_id": 9158550206703115218
    },
    {
        "country": "KWT",
        "gdp": "179500",
        "agriculture": "0.3",
        "service": "49.1",
        "industry": "50.6",
        "inflation": "2.8",
        "unemployment": "3.4",
        "_id": -3770204687912168173
    },
    {
        "country": "IRQ",
        "gdp": "221800",
        "agriculture": "3.3",
        "service": "32.1",
        "industry": "64.6",
        "inflation": "2",
        "unemployment": "16",
        "_id": -281647978806190253
    },
    {
        "country": "IR",
        "gdp": "411900",
        "agriculture": "10.6",
        "service": "44.5",
        "industry": "44.9",
        "inflation": "42.3",
        "unemployment": "16",
        "_id": 1237815066101261390
    },
    {
        "country": "AFG",
        "gdp": "20650",
        "agriculture": "20",
        "service": "54.4",
        "industry": "25.6",
        "inflation": "6.8",
        "unemployment": "35",
        "_id": -5017723202588180484
    },
    {
        "country": "TM",
        "gdp": "40560",
        "agriculture": "7.2",
        "service": "68.4",
        "industry": "24.4",
        "inflation": "9",
        "unemployment": "60",
        "_id": -4893789332231152006
    },
    {
        "country": "UZ",
        "gdp": "55180",
        "agriculture": "19.1",
        "service": "48.7",
        "industry": "32.2",
        "inflation": "10.1",
        "unemployment": "4.9",
        "_id": -3254466290692863421
    },
    {
        "country": "TJ",
        "gdp": "8513",
        "agriculture": "21.1",
        "service": "55.7",
        "industry": "23.2",
        "inflation": "3.7",
        "unemployment": "2.5",
        "_id": -2863315953083071510
    },
    {
        "country": "KG",
        "gdp": "7234",
        "agriculture": "20.8",
        "service": "44.8",
        "industry": "34.4",
        "inflation": "6.8",
        "unemployment": "8.6",
        "_id": 4362342572389803993
    },
    {
        "country": "KZ",
        "gdp": "224900",
        "agriculture": "5.2",
        "service": "56.9",
        "industry": "37.9",
        "inflation": "5.8",
        "unemployment": "5.3",
        "_id": -1090822942464601164
    },
    {
        "country": "MNG",
        "gdp": "11140",
        "agriculture": "16.5",
        "service": "50.9",
        "industry": "32.6",
        "inflation": "8.2",
        "unemployment": "9",
        "_id": -841967814251884313
    },
    {
        "country": "MV",
        "gdp": "2270",
        "agriculture": "3",
        "service": "80",
        "industry": "17",
        "inflation": "5.1",
        "unemployment": "28",
        "_id": -826332035133578481
    },
    {
        "country": "PK",
        "gdp": "236500",
        "agriculture": "25.3",
        "service": "53.1",
        "industry": "21.6",
        "inflation": "7.7",
        "unemployment": "6.6",
        "_id": 1313847532647108576
    },
    {
        "country": "IND",
        "gdp": "1670000",
        "agriculture": "17.4",
        "service": "56.9",
        "industry": "25.8",
        "inflation": "9.6",
        "unemployment": "8.8",
        "_id": -2708399908463822540
    },
    {
        "country": "NEP",
        "gdp": "19340",
        "agriculture": "36.8",
        "service": "48.7",
        "industry": "14.5",
        "inflation": "6.7",
        "unemployment": "46",
        "_id": -7832817199228360346
    },
    {
        "country": "BHT",
        "gdp": "2133",
        "agriculture": "13.8",
        "service": "45",
        "industry": "41.2",
        "inflation": "11",
        "unemployment": "2.1",
        "_id": 4337479745771616188
    },
    {
        "country": "BD",
        "gdp": "140200",
        "agriculture": "17.2",
        "service": "53.9",
        "industry": "28.9",
        "inflation": "7.6",
        "unemployment": "5",
        "_id": 6375492072767330183
    },
    {
        "country": "MYA",
        "gdp": "59430",
        "agriculture": "38",
        "service": "41.7",
        "industry": "20.3",
        "inflation": "5.7",
        "unemployment": "5.2",
        "_id": -2091018770843358392
    },
    {
        "country": "CL",
        "gdp": "65120",
        "agriculture": "10.6",
        "service": "57",
        "industry": "32.4",
        "inflation": "4.7",
        "unemployment": "5.1",
        "_id": 4680002609617452570
    },
    {
        "country": "CN",
        "gdp": "9330000",
        "agriculture": "10",
        "service": "46.1",
        "industry": "43.9",
        "inflation": "2.6",
        "unemployment": "4.1",
        "_id": -6078334439674625613
    },
    {
        "country": "RC",
        "gdp": "484700",
        "agriculture": "2",
        "service": "68.6",
        "industry": "29.4",
        "inflation": "1.1",
        "unemployment": "4.1",
        "_id": 8875017304197818027
    },
    {
        "country": "HK",
        "gdp": "272100",
        "agriculture": "0",
        "service": "93",
        "industry": "6.9",
        "inflation": "4.4",
        "unemployment": "3.1",
        "_id": -6347975740270064693
    },
    {
        "country": "MACX",
        "gdp": "51680",
        "agriculture": "0",
        "service": "93.5",
        "industry": "6.5",
        "inflation": "5.5",
        "unemployment": "1.8",
        "_id": 5133470361123707168
    },
    {
        "country": "KP",
        "gdp": "28000",
        "agriculture": "23.4",
        "service": "29.4",
        "industry": "47.2",
        "_id": -3228031443583393100
    },
    {
        "country": "ROK",
        "gdp": "1198000",
        "agriculture": "2.6",
        "service": "58.2",
        "industry": "39.2",
        "inflation": "1.1",
        "unemployment": "3.2",
        "_id": -8754212549701649752
    },
    {
        "country": "J",
        "gdp": "5007000",
        "agriculture": "1.1",
        "service": "73.2",
        "industry": "25.6",
        "inflation": "0.2",
        "unemployment": "4.1",
        "_id": -6972548210351015013
    },
    {
        "country": "RP",
        "gdp": "272200",
        "agriculture": "11.2",
        "service": "57.2",
        "industry": "31.6",
        "inflation": "2.8",
        "unemployment": "7.4",
        "_id": 237504622829546740
    },
    {
        "country": "VN",
        "gdp": "170000",
        "agriculture": "19.3",
        "service": "42.2",
        "industry": "38.5",
        "inflation": "6.8",
        "unemployment": "1.3",
        "_id": -7750888600173140039
    },
    {
        "country": "K",
        "gdp": "15640",
        "agriculture": "34.8",
        "service": "40.7",
        "industry": "24.5",
        "inflation": "3.2",
        "unemployment": "0",
        "_id": -4974277002167892533
    },
    {
        "country": "LAO",
        "gdp": "10100",
        "agriculture": "30.5",
        "service": "37.5",
        "industry": "32",
        "inflation": "6.5",
        "unemployment": "1.9",
        "_id": -582652802212270525
    },
    {
        "country": "THA",
        "gdp": "400900",
        "agriculture": "12.1",
        "service": "44.2",
        "industry": "43.6",
        "inflation": "2.2",
        "unemployment": "0.7",
        "_id": 3197929452341822150
    },
    {
        "country": "MAL",
        "gdp": "312400",
        "agriculture": "11.2",
        "service": "48.1",
        "industry": "40.6",
        "inflation": "2.2",
        "unemployment": "3.1",
        "_id": 5117293940930682148
    },
    {
        "country": "BRU",
        "gdp": "16560",
        "agriculture": "0.7",
        "service": "28.4",
        "industry": "70.9",
        "inflation": "1",
        "unemployment": "2.6",
        "_id": 23156886285018911
    },
    {
        "country": "SGP",
        "gdp": "295700",
        "agriculture": "0",
        "service": "70.6",
        "industry": "29.4",
        "inflation": "2.4",
        "unemployment": "1.9",
        "_id": -1218266668150470753
    },
    {
        "country": "RI",
        "gdp": "867500",
        "agriculture": "14.3",
        "service": "39.1",
        "industry": "46.6",
        "inflation": "7.7",
        "unemployment": "6.6",
        "_id": 2975026905100786026
    },
    {
        "country": "TL",
        "gdp": "6129",
        "agriculture": "2.6",
        "service": "15.8",
        "industry": "81.6",
        "inflation": "4.5",
        "unemployment": "18.4",
        "_id": 8783574164661995452
    },
    {
        "country": "PNG",
        "gdp": "16100",
        "agriculture": "27.6",
        "service": "33.3",
        "industry": "39.1",
        "inflation": "3.8",
        "unemployment": "1.9",
        "_id": -403189447121733662
    },
    {
        "country": "SOL",
        "gdp": "1099",
        "agriculture": "50",
        "service": "39.4",
        "industry": "10.6",
        "inflation": "2.6",
        "_id": -5656137175988005402
    },
    {
        "country": "VU",
        "gdp": "828",
        "agriculture": "22.4",
        "service": "67.9",
        "industry": "9.7",
        "inflation": "1.9",
        "unemployment": "1.7",
        "_id": 65981437338189516
    },
    {
        "country": "NCL",
        "gdp": "9280",
        "agriculture": "2.1",
        "service": "67.9",
        "industry": "30",
        "inflation": "1.7",
        "unemployment": "17.1",
        "_id": -1009221146782327360
    },
    {
        "country": "AUS",
        "gdp": "1488000",
        "agriculture": "3.8",
        "service": "68.7",
        "industry": "27.4",
        "inflation": "2.4",
        "unemployment": "5.7",
        "_id": -4202812962202365218
    },
    {
        "country": "XMAS",
        "_id": -8449860008268242166
    },
    {
        "country": "COCO",
        "_id": -2777881762467913273
    },
    {
        "country": "NORF",
        "_id": 2341345280178760063
    },
    {
        "country": "NZ",
        "gdp": "181100",
        "agriculture": "5",
        "service": "69.5",
        "industry": "25.5",
        "inflation": "1.3",
        "unemployment": "6.4",
        "_id": -5768087487340416958
    },
    {
        "country": "PAL",
        "gdp": "221",
        "agriculture": "3.2",
        "service": "76.8",
        "industry": "20",
        "inflation": "2.7",
        "unemployment": "4.2",
        "_id": -6801193727685483650
    },
    {
        "country": "NMIS",
        "gdp": "733",
        "agriculture": "1.7",
        "service": "95",
        "industry": "3.3",
        "inflation": "-2.7",
        "unemployment": "11.2",
        "_id": 5467533070204865025
    },
    {
        "country": "GUAM",
        "gdp": "4600",
        "inflation": "4",
        "unemployment": "8.2",
        "_id": -8074274952703812373
    },
    {
        "country": "FSM",
        "gdp": "339",
        "agriculture": "14",
        "service": "74",
        "industry": "12",
        "inflation": "3.4",
        "unemployment": "22",
        "_id": -4673072910340535350
    },
    {
        "country": "MH",
        "gdp": "193",
        "agriculture": "14.3",
        "service": "71.8",
        "industry": "13.9",
        "inflation": "12.9",
        "unemployment": "36",
        "_id": 4523966427831186996
    },
    {
        "country": "NAU",
        "gdp": "100",
        "agriculture": "6.1",
        "service": "60.8",
        "industry": "33",
        "inflation": "-3.6",
        "unemployment": "90",
        "_id": 6122845766540640335
    },
    {
        "country": "KIR",
        "gdp": "173",
        "agriculture": "24.3",
        "service": "67.8",
        "industry": "7.9",
        "inflation": "0.2",
        "unemployment": "2",
        "_id": 643577385981593416
    },
    {
        "country": "TUV",
        "gdp": "38",
        "agriculture": "16.6",
        "service": "56.2",
        "industry": "27.2",
        "inflation": "3.8",
        "_id": 9053342741220445825
    },
    {
        "country": "TOK",
        "gdp": "1.5",
        "_id": 9117917034564989170
    },
    {
        "country": "WS",
        "gdp": "705",
        "agriculture": "10.2",
        "service": "64",
        "industry": "25.9",
        "inflation": "2.7",
        "_id": 7222446223252572560
    },
    {
        "country": "AMSA",
        "gdp": "462.2",
        "unemployment": "29.8",
        "_id": 7077302597714482270
    },
    {
        "country": "WF",
        "gdp": "60",
        "inflation": "2.8",
        "unemployment": "12.2",
        "_id": -8443471213897923159
    },
    {
        "country": "FJI",
        "gdp": "4218",
        "agriculture": "11.7",
        "service": "70.2",
        "industry": "18.1",
        "inflation": "3",
        "unemployment": "7.6",
        "_id": -4353103736679069345
    },
    {
        "country": "TO",
        "gdp": "477",
        "agriculture": "20.9",
        "service": "57.2",
        "industry": "21.9",
        "inflation": "2",
        "unemployment": "13",
        "_id": -859317136184541812
    },
    {
        "country": "NIUE",
        "gdp": "10",
        "agriculture": "23.5",
        "service": "49.5",
        "industry": "26.9",
        "inflation": "4",
        "unemployment": "12",
        "_id": -2450439832842449798
    },
    {
        "country": "COOK",
        "gdp": "183.2",
        "agriculture": "5.1",
        "service": "82.1",
        "industry": "12.7",
        "inflation": "2.2",
        "unemployment": "13.1",
        "_id": -7189220205344121883
    },
    {
        "country": "FPOL",
        "gdp": "5650",
        "agriculture": "3.1",
        "service": "76.9",
        "industry": "20",
        "inflation": "1.1",
        "unemployment": "11.7",
        "_id": 2804775986480907004
    },
    {
        "country": "PITC",
        "_id": 1335401072580616443
    },
    {
        "country": "ET",
        "gdp": "262000",
        "agriculture": "14.5",
        "service": "48",
        "industry": "37.5",
        "inflation": "9",
        "unemployment": "13.4",
        "_id": 2554851683704060247
    },
    {
        "country": "LAR",
        "gdp": "70920",
        "agriculture": "2",
        "service": "39.7",
        "industry": "58.3",
        "inflation": "3.2",
        "unemployment": "30",
        "_id": -8203940005964732782
    },
    {
        "country": "TN",
        "gdp": "48380",
        "agriculture": "8.6",
        "service": "61",
        "industry": "30.4",
        "inflation": "6.1",
        "unemployment": "17.2",
        "_id": 4601500419584051223
    },
    {
        "country": "DZ",
        "gdp": "215700",
        "agriculture": "9.4",
        "service": "28",
        "industry": "62.6",
        "inflation": "3.9",
        "unemployment": "10.3",
        "_id": -6206829607019536961
    },
    {
        "country": "MA",
        "gdp": "104800",
        "agriculture": "15.1",
        "service": "53.2",
        "industry": "31.7",
        "inflation": "2.5",
        "unemployment": "9.5",
        "_id": -2370891680822670661
    },
    {
        "country": "WSA",
        "_id": -4377862338356200106
    },
    {
        "country": "RMM",
        "gdp": "11370",
        "agriculture": "38.5",
        "service": "37",
        "industry": "24.4",
        "inflation": "0.1",
        "unemployment": "30",
        "_id": -5852693136178323993
    },
    {
        "country": "RIM",
        "gdp": "4183",
        "agriculture": "16.9",
        "service": "28.5",
        "industry": "54.6",
        "inflation": "4.6",
        "unemployment": "30",
        "_id": 3915678892996818935
    },
    {
        "country": "SN",
        "gdp": "15360",
        "agriculture": "14.9",
        "service": "62.4",
        "industry": "22.7",
        "inflation": "0.8",
        "unemployment": "48",
        "_id": -2249634107079771099
    },
    {
        "country": "WAG",
        "gdp": "896",
        "agriculture": "19.7",
        "service": "67.7",
        "industry": "12.6",
        "inflation": "6",
        "_id": 5170377013321652832
    },
    {
        "country": "GUB",
        "gdp": "880",
        "agriculture": "58",
        "service": "28.5",
        "industry": "13.5",
        "inflation": "1.9",
        "_id": -2975588019815633254
    },
    {
        "country": "RG",
        "gdp": "6544",
        "agriculture": "22.9",
        "service": "30.5",
        "industry": "46.5",
        "inflation": "11.9",
        "_id": -2271417516687270372
    },
    {
        "country": "SLE",
        "gdp": "4607",
        "agriculture": "47.9",
        "service": "33.5",
        "industry": "18.6",
        "inflation": "11.1",
        "_id": -7805899519763582449
    },
    {
        "country": "LB",
        "gdp": "1977",
        "agriculture": "76.9",
        "service": "17.7",
        "industry": "5.4",
        "inflation": "5.2",
        "unemployment": "85",
        "_id": 3422336703280666542
    },
    {
        "country": "BF",
        "gdp": "12130",
        "agriculture": "33.6",
        "service": "42.8",
        "industry": "23.6",
        "inflation": "2.1",
        "unemployment": "77",
        "_id": -1356424669860521338
    },
    {
        "country": "CI",
        "gdp": "28280",
        "agriculture": "26.3",
        "service": "52.4",
        "industry": "21.3",
        "inflation": "2.9",
        "_id": 7548552852950020642
    },
    {
        "country": "GH",
        "gdp": "45550",
        "agriculture": "21.5",
        "service": "49.8",
        "industry": "28.7",
        "inflation": "11",
        "unemployment": "11",
        "_id": 1203992325309916997
    },
    {
        "country": "RT",
        "gdp": "4299",
        "agriculture": "27.6",
        "service": "38.7",
        "industry": "33.7",
        "inflation": "2.2",
        "_id": -6717626595898918334
    },
    {
        "country": "BEN",
        "gdp": "8359",
        "agriculture": "31.6",
        "service": "55.6",
        "industry": "12.9",
        "inflation": "2.4",
        "_id": 1631850143272883027
    },
    {
        "country": "NGR",
        "gdp": "502000",
        "agriculture": "30.9",
        "service": "26",
        "industry": "43",
        "inflation": "8.7",
        "unemployment": "23.9",
        "_id": -7747577521668697015
    },
    {
        "country": "RN",
        "gdp": "7304",
        "agriculture": "35.2",
        "service": "50.6",
        "industry": "14.2",
        "inflation": "1.9",
        "_id": 7884672198013157182
    },
    {
        "country": "TCH",
        "gdp": "13590",
        "agriculture": "46.3",
        "service": "43.8",
        "industry": "9.9",
        "inflation": "4.5",
        "_id": 3614017958817724932
    },
    {
        "country": "SUD",
        "gdp": "52500",
        "agriculture": "27.4",
        "service": "39",
        "industry": "33.6",
        "inflation": "25",
        "unemployment": "20",
        "_id": 4830876418022783852
    },
    {
        "country": "SSD",
        "gdp": "11770",
        "inflation": "1.7",
        "_id": -2261746619782169037
    },
    {
        "country": "RCA",
        "gdp": "2050",
        "agriculture": "56.6",
        "service": "28.9",
        "industry": "14.5",
        "inflation": "7",
        "unemployment": "8",
        "_id": 231336221085572897
    },
    {
        "country": "CAM",
        "gdp": "27880",
        "agriculture": "20.6",
        "service": "52.1",
        "industry": "27.3",
        "inflation": "2.6",
        "unemployment": "30",
        "_id": 6705992970174251861
    },
    {
        "country": "GQ",
        "gdp": "17080",
        "agriculture": "4.6",
        "service": "8.1",
        "industry": "87.3",
        "inflation": "6",
        "unemployment": "22.3",
        "_id": -9160301585607475611
    },
    {
        "country": "G",
        "gdp": "19970",
        "agriculture": "3.6",
        "service": "32.5",
        "industry": "63.9",
        "inflation": "1.2",
        "unemployment": "21",
        "_id": -7856592745488764504
    },
    {
        "country": "RCB",
        "gdp": "14250",
        "agriculture": "3.3",
        "service": "22.9",
        "industry": "73.9",
        "inflation": "1.7",
        "unemployment": "53",
        "_id": -1531706009601700144
    },
    {
        "country": "CGO",
        "gdp": "18560",
        "agriculture": "44.3",
        "service": "34",
        "industry": "21.7",
        "inflation": "7.1",
        "_id": -7048415889901108907
    },
    {
        "country": "ANG",
        "gdp": "124000",
        "agriculture": "10.2",
        "service": "28.4",
        "industry": "61.4",
        "inflation": "8.9",
        "_id": -1495480878591861650
    },
    {
        "country": "NAM",
        "gdp": "12300",
        "agriculture": "7.7",
        "service": "62.6",
        "industry": "29.6",
        "inflation": "5.5",
        "unemployment": "27.4",
        "_id": 406866224199231175
    },
    {
        "country": "RB",
        "gdp": "15530",
        "agriculture": "1.9",
        "service": "62.4",
        "industry": "35.7",
        "inflation": "6.1",
        "unemployment": "17.8",
        "_id": 493259928574737054
    },
    {
        "country": "RSA",
        "gdp": "353900",
        "agriculture": "2.6",
        "service": "68.4",
        "industry": "29",
        "inflation": "5.8",
        "unemployment": "24.9",
        "_id": -3303364946332274598
    },
    {
        "country": "LS",
        "gdp": "2457",
        "agriculture": "7.4",
        "service": "58.2",
        "industry": "34.5",
        "inflation": "5",
        "unemployment": "25",
        "_id": 7237686397175142078
    },
    {
        "country": "SD",
        "gdp": "3807",
        "agriculture": "7.6",
        "service": "44.6",
        "industry": "47.8",
        "inflation": "6.1",
        "unemployment": "40",
        "_id": 3556452719775553750
    },
    {
        "country": "MOC",
        "gdp": "14670",
        "agriculture": "28.7",
        "service": "46.4",
        "industry": "24.9",
        "inflation": "4.4",
        "unemployment": "17",
        "_id": -6662607783096582023
    },
    {
        "country": "ZW",
        "gdp": "10480",
        "agriculture": "20.1",
        "service": "54.5",
        "industry": "25.4",
        "inflation": "8.5",
        "unemployment": "95",
        "_id": -3107538647977028344
    },
    {
        "country": "Z",
        "gdp": "22240",
        "agriculture": "19.8",
        "service": "46.5",
        "industry": "33.8",
        "inflation": "7.1",
        "unemployment": "15",
        "_id": 7817613323441901953
    },
    {
        "country": "MW",
        "gdp": "3683",
        "agriculture": "29.4",
        "service": "51.7",
        "industry": "18.9",
        "inflation": "12.2",
        "_id": 5249432599191884739
    },
    {
        "country": "EAT",
        "gdp": "31940",
        "agriculture": "27.6",
        "service": "47.4",
        "industry": "25",
        "inflation": "7.8",
        "_id": 90164215555286056
    },
    {
        "country": "BI",
        "gdp": "2676",
        "agriculture": "34.4",
        "service": "47.2",
        "industry": "18.4",
        "inflation": "9.3",
        "_id": -4232812257408412097
    },
    {
        "country": "RWA",
        "gdp": "7700",
        "agriculture": "31.9",
        "service": "53.3",
        "industry": "14.8",
        "inflation": "5.9",
        "_id": -7816172875348114744
    },
    {
        "country": "EAU",
        "gdp": "22600",
        "agriculture": "23.1",
        "service": "50",
        "industry": "26.9",
        "inflation": "6.2",
        "_id": -6805441298605717020
    },
    {
        "country": "EAK",
        "gdp": "45310",
        "agriculture": "29.3",
        "service": "53.3",
        "industry": "17.4",
        "inflation": "5.8",
        "unemployment": "40",
        "_id": -2637414414872840003
    },
    {
        "country": "SO",
        "gdp": "2372",
        "agriculture": "59.3",
        "service": "33.5",
        "industry": "7.2",
        "_id": 4218679707416900405
    },
    {
        "country": "DJI",
        "gdp": "1459",
        "agriculture": "3",
        "service": "79.7",
        "industry": "17.3",
        "inflation": "2.5",
        "unemployment": "59",
        "_id": -1968371034986813060
    },
    {
        "country": "ETH",
        "gdp": "47340",
        "agriculture": "47",
        "service": "42.2",
        "industry": "10.8",
        "inflation": "8.4",
        "unemployment": "17.5",
        "_id": 2536541246662621860
    },
    {
        "country": "ER",
        "gdp": "3438",
        "agriculture": "11.7",
        "service": "61.4",
        "industry": "26.9",
        "inflation": "13",
        "_id": -259566930122739650
    },
    {
        "country": "CV",
        "gdp": "1955",
        "agriculture": "9.3",
        "service": "71.9",
        "industry": "18.8",
        "inflation": "1.9",
        "unemployment": "21",
        "_id": -4126368735333388212
    },
    {
        "country": "STP",
        "gdp": "311",
        "agriculture": "13.7",
        "service": "66.8",
        "industry": "19.5",
        "inflation": "8.7",
        "_id": -8242517927893739285
    },
    {
        "country": "SY",
        "gdp": "1271",
        "agriculture": "2",
        "service": "79.4",
        "industry": "18.7",
        "inflation": "4.3",
        "unemployment": "2",
        "_id": -2675684036344185963
    },
    {
        "country": "COM",
        "gdp": "658",
        "agriculture": "51",
        "service": "39",
        "industry": "10",
        "inflation": "2.5",
        "unemployment": "20",
        "_id": -792564441842601
    },
    {
        "country": "MAYO",
        "gdp": "953.6",
        "_id": -4287220004034371727
    },
    {
        "country": "RM",
        "gdp": "10530",
        "agriculture": "27.3",
        "service": "56.3",
        "industry": "16.4",
        "inflation": "8.8",
        "_id": 8193163588457722788
    },
    {
        "country": "MS",
        "gdp": "11900",
        "agriculture": "4.5",
        "service": "73.4",
        "industry": "22",
        "inflation": "3.5",
        "unemployment": "8.3",
        "_id": 4049069508468508180
    },
    {
        "country": "REUN",
        "gdp": "2900",
        "_id": 627552111310803051
    },
    {
        "country": "HELX",
        "gdp": "18",
        "_id": -6430168837967051191
    },
    {
        "country": "GL",
        "gdp": "2160",
        "agriculture": "4",
        "service": "67",
        "industry": "29",
        "inflation": "2.8",
        "unemployment": "9.4",
        "_id": 988455546135259875
    },
    {
        "country": "SPMI",
        "gdp": "215.3",
        "agriculture": "2",
        "service": "83",
        "industry": "15",
        "inflation": "4.5",
        "unemployment": "9.9",
        "_id": 4762969906640070330
    },
    {
        "country": "BERM",
        "gdp": "5600",
        "agriculture": "0.7",
        "service": "93.5",
        "industry": "5.7",
        "inflation": "1.8",
        "unemployment": "8",
        "_id": -3175552477259991496
    },
    {
        "country": "CDN",
        "gdp": "1825000",
        "agriculture": "1.7",
        "service": "69.9",
        "industry": "28.4",
        "inflation": "1",
        "unemployment": "7.1",
        "_id": -6163727399172150120
    },
    {
        "country": "USA",
        "gdp": "16720000",
        "agriculture": "1.1",
        "service": "79.4",
        "industry": "19.5",
        "inflation": "1.5",
        "unemployment": "7.3",
        "_id": 8347632843289815586
    },
    {
        "country": "MEX",
        "gdp": "1327000",
        "agriculture": "3.6",
        "service": "59.8",
        "industry": "36.6",
        "inflation": "4",
        "unemployment": "4.9",
        "_id": 8667073366031169730
    },
    {
        "country": "BZ",
        "gdp": "1637",
        "agriculture": "13",
        "service": "64",
        "industry": "23",
        "inflation": "1.3",
        "unemployment": "15.5",
        "_id": 976389556107465794
    },
    {
        "country": "GCA",
        "gdp": "53900",
        "agriculture": "13.5",
        "service": "62.7",
        "industry": "23.8",
        "inflation": "4.4",
        "unemployment": "4.1",
        "_id": -2741988060776266508
    },
    {
        "country": "ES",
        "gdp": "24670",
        "agriculture": "10.3",
        "service": "60.1",
        "industry": "29.5",
        "inflation": "0.9",
        "unemployment": "6.3",
        "_id": 2295070582469806462
    },
    {
        "country": "HN",
        "gdp": "18880",
        "agriculture": "14",
        "service": "57.8",
        "industry": "28.2",
        "inflation": "5.2",
        "unemployment": "4.5",
        "_id": -210915756458401635
    },
    {
        "country": "NIC",
        "gdp": "11260",
        "agriculture": "17.1",
        "service": "57.5",
        "industry": "25.5",
        "inflation": "5.7",
        "unemployment": "7.2",
        "_id": -2928321715293522785
    },
    {
        "country": "CR",
        "gdp": "48510",
        "agriculture": "6.2",
        "service": "72.5",
        "industry": "21.3",
        "inflation": "5.6",
        "unemployment": "7.9",
        "_id": 2808889309966603777
    },
    {
        "country": "PA",
        "gdp": "40620",
        "agriculture": "3.7",
        "service": "78.4",
        "industry": "17.9",
        "inflation": "4.1",
        "unemployment": "4.5",
        "_id": 55899340013302342
    },
    {
        "country": "BS",
        "gdp": "8373",
        "agriculture": "2.1",
        "service": "90.8",
        "industry": "7.1",
        "inflation": "1",
        "unemployment": "16.2",
        "_id": -8581806010624779446
    },
    {
        "country": "TUCA",
        "gdp": "216",
        "agriculture": "1",
        "service": "76.5",
        "industry": "22.5",
        "inflation": "2.5",
        "unemployment": "10",
        "_id": 3949174237052316117
    },
    {
        "country": "CAYM",
        "gdp": "2250",
        "agriculture": "0.3",
        "service": "72.3",
        "industry": "27.4",
        "inflation": "1.8",
        "unemployment": "4",
        "_id": -5351751480387133425
    },
    {
        "country": "C",
        "gdp": "72300",
        "agriculture": "3.8",
        "service": "73.9",
        "industry": "22.3",
        "inflation": "6",
        "unemployment": "4.3",
        "_id": 6867519915546926894
    },
    {
        "country": "JA",
        "gdp": "14390",
        "agriculture": "6.5",
        "service": "64.1",
        "industry": "29.4",
        "inflation": "9.4",
        "unemployment": "16.3",
        "_id": -6153695234055253078
    },
    {
        "country": "RH",
        "gdp": "8287",
        "agriculture": "24.1",
        "service": "56",
        "industry": "19.9",
        "inflation": "6.3",
        "unemployment": "40.6",
        "_id": 1669458194043669213
    },
    {
        "country": "DOM",
        "gdp": "59270",
        "agriculture": "6",
        "service": "64.9",
        "industry": "29.1",
        "inflation": "5",
        "unemployment": "15",
        "_id": 3484474072792434423
    },
    {
        "country": "PR",
        "gdp": "93520",
        "agriculture": "0.7",
        "service": "50.5",
        "industry": "48.8",
        "inflation": "0.9",
        "unemployment": "16",
        "_id": 8429013845317088165
    },
    {
        "country": "VIRG",
        "gdp": "1200",
        "agriculture": "1",
        "service": "80",
        "industry": "19",
        "inflation": "2.2",
        "unemployment": "6.2",
        "_id": 8101706553594840604
    },
    {
        "country": "BVI",
        "gdp": "1095",
        "agriculture": "1.1",
        "service": "87.2",
        "industry": "11.7",
        "inflation": "1.6",
        "unemployment": "8.7",
        "_id": -1960687621553265898
    },
    {
        "country": "AXA",
        "gdp": "175.4",
        "agriculture": "2.5",
        "service": "73.8",
        "industry": "23.6",
        "inflation": "3.1",
        "unemployment": "8",
        "_id": 7468890993799064193
    },
    {
        "country": "SMAR",
        "gdp": "561.5",
        "agriculture": "1",
        "service": "84",
        "industry": "15",
        "_id": 2967894779308689113
    },
    {
        "country": "SX",
        "gdp": "794.7",
        "agriculture": "0.4",
        "service": "81.3",
        "industry": "18.3",
        "inflation": "4",
        "unemployment": "12",
        "_id": 985599245195310488
    },
    {
        "country": "SBAR",
        "_id": -8971215203327075134
    },
    {
        "country": "KN",
        "gdp": "767",
        "agriculture": "1.8",
        "service": "75.1",
        "industry": "23.1",
        "inflation": "2.2",
        "unemployment": "4.5",
        "_id": 5561681191785901694
    },
    {
        "country": "AG",
        "gdp": "1220",
        "agriculture": "2.2",
        "service": "81.4",
        "industry": "16.4",
        "inflation": "3",
        "unemployment": "11",
        "_id": 4950203948672036729
    },
    {
        "country": "MNTS",
        "gdp": "29",
        "agriculture": "1.6",
        "service": "75.1",
        "industry": "23.2",
        "inflation": "4.5",
        "unemployment": "6",
        "_id": 4259825875676964730
    },
    {
        "country": "GUAD",
        "gdp": "3700",
        "agriculture": "6",
        "service": "85",
        "industry": "9",
        "inflation": "3.7",
        "_id": 5943606926312127912
    },
    {
        "country": "WD",
        "gdp": "495",
        "agriculture": "15.7",
        "service": "68.7",
        "industry": "15.6",
        "inflation": "1.8",
        "unemployment": "23",
        "_id": 4502066108300417799
    },
    {
        "country": "MART",
        "gdp": "3950",
        "agriculture": "6",
        "service": "83",
        "industry": "11",
        "inflation": "3.9",
        "_id": 7975626536018803415
    },
    {
        "country": "WL",
        "gdp": "1377",
        "agriculture": "3.1",
        "service": "79.5",
        "industry": "17.4",
        "inflation": "5.3",
        "unemployment": "20",
        "_id": 8086182733446304010
    },
    {
        "country": "BDS",
        "gdp": "4262",
        "agriculture": "3.1",
        "service": "83",
        "industry": "13.9",
        "inflation": "2.1",
        "unemployment": "11.4",
        "_id": 6433330762044133673
    },
    {
        "country": "WV",
        "gdp": "742",
        "agriculture": "5.4",
        "service": "74.4",
        "industry": "20.3",
        "inflation": "2.8",
        "unemployment": "18.8",
        "_id": 1554689338460367048
    },
    {
        "country": "WG",
        "gdp": "811",
        "agriculture": "5.6",
        "service": "78.5",
        "industry": "15.8",
        "inflation": "2.4",
        "unemployment": "33.5",
        "_id": 198603954614857904
    },
    {
        "country": "TT",
        "gdp": "27130",
        "agriculture": "0.3",
        "service": "42",
        "industry": "57.7",
        "inflation": "5.4",
        "unemployment": "5.9",
        "_id": 2460475322726624102
    },
    {
        "country": "NLB",
        "_id": -3077526923464728762
    },
    {
        "country": "CUR",
        "gdp": "5600",
        "agriculture": "0.7",
        "service": "83.8",
        "industry": "15.5",
        "inflation": "3.2",
        "unemployment": "13",
        "_id": -1973290312823005445
    },
    {
        "country": "ARU",
        "gdp": "2516",
        "agriculture": "0.4",
        "service": "66.3",
        "industry": "33.3",
        "inflation": "-2",
        "unemployment": "6.9",
        "_id": -3723510136145439872
    },
    {
        "country": "YV",
        "gdp": "367500",
        "agriculture": "3.7",
        "service": "60.8",
        "industry": "35.5",
        "inflation": "56.2",
        "unemployment": "7.9",
        "_id": -4314768626884019301
    },
    {
        "country": "GUY",
        "gdp": "3020",
        "agriculture": "20.7",
        "service": "40.8",
        "industry": "38.5",
        "inflation": "3.9",
        "unemployment": "11",
        "_id": -1840936598881193652
    },
    {
        "country": "SME",
        "gdp": "5009",
        "agriculture": "8.9",
        "service": "54.5",
        "industry": "36.6",
        "inflation": "4.2",
        "unemployment": "9",
        "_id": 8289626299578742117
    },
    {
        "country": "FGU",
        "gdp": "800",
        "inflation": "2.5",
        "_id": -4247935169630380731
    },
    {
        "country": "CO",
        "gdp": "369200",
        "agriculture": "6.6",
        "service": "55.6",
        "industry": "37.8",
        "inflation": "2.2",
        "unemployment": "9.7",
        "_id": 5474182997168739372
    },
    {
        "country": "EC",
        "gdp": "91410",
        "agriculture": "5.9",
        "service": "59",
        "industry": "35.1",
        "inflation": "2.6",
        "unemployment": "4.2",
        "_id": -7153289064212472812
    },
    {
        "country": "PE",
        "gdp": "210300",
        "agriculture": "6.2",
        "service": "56.3",
        "industry": "37.5",
        "inflation": "2.9",
        "unemployment": "3.6",
        "_id": -4025653992092809074
    },
    {
        "country": "BOL",
        "gdp": "30790",
        "agriculture": "9.2",
        "service": "52.3",
        "industry": "38.5",
        "inflation": "6.5",
        "unemployment": "7.4",
        "_id": 4190171548841910810
    },
    {
        "country": "RCH",
        "gdp": "281700",
        "agriculture": "3.6",
        "service": "61",
        "industry": "35.4",
        "inflation": "1.7",
        "unemployment": "6",
        "_id": 2018787358364606990
    },
    {
        "country": "RA",
        "gdp": "484600",
        "agriculture": "9.3",
        "service": "61",
        "industry": "29.7",
        "inflation": "20.8",
        "unemployment": "7.5",
        "_id": 1012166353206208473
    },
    {
        "country": "PY",
        "gdp": "30560",
        "agriculture": "20.4",
        "service": "61.9",
        "industry": "17.7",
        "inflation": "2.3",
        "unemployment": "6.6",
        "_id": 7816403881466328233
    },
    {
        "country": "ROU",
        "gdp": "57110",
        "agriculture": "7.5",
        "service": "71",
        "industry": "21.5",
        "inflation": "8.3",
        "unemployment": "6.5",
        "_id": -517232186126799950
    },
    {
        "country": "BR",
        "gdp": "2190000",
        "agriculture": "5.5",
        "service": "68.1",
        "industry": "26.4",
        "inflation": "6.2",
        "unemployment": "5.7",
        "_id": 947552754827763920
    },
    {
        "country": "FALK",
        "gdp": "164.5",
        "agriculture": "95",
        "inflation": "1.2",
        "unemployment": "4.1",
        "_id": -7584534376218871196
    }
]