[
    {
        "country": "AL",
        "independence": "28-NOV-12",
        "wasdependent": "Ottoman Empire",
        "government": "parliamentary democracy",
        "_id": -146121916476207193
    },
    {
        "country": "GR",
        "independence": "01-JAN-29",
        "wasdependent": "Ottoman Empire",
        "government": "parliamentary republic",
        "_id": -7771536829745788652
    },
    {
        "country": "CY",
        "independence": "16-AUG-60",
        "wasdependent": "GB",
        "government": "republic",
        "_id": -7179970201904975191
    },
    {
        "country": "MK",
        "independence": "17-SEP-91",
        "wasdependent": "Yugoslavia",
        "government": "parliamentary democracy",
        "_id": 3154790689730520297
    },
    {
        "country": "SRB",
        "independence": "11-APR-92",
        "wasdependent": "Yugoslavia",
        "government": "republic",
        "_id": 827477595273499150
    },
    {
        "country": "MNE",
        "independence": "03-JUN-06",
        "wasdependent": "SRB",
        "government": "republic",
        "_id": 4642545005919383569
    },
    {
        "country": "KOS",
        "independence": "17-FEB-08",
        "wasdependent": "SRB",
        "government": "republic",
        "_id": 5190582040861296289
    },
    {
        "country": "AND",
        "independence": "08-SEP-78",
        "government": "parliamentary democracy that retains as its chiefs of state a co-principality",
        "_id": 8795403860863736205
    },
    {
        "country": "F",
        "government": "republic",
        "_id": -2047968338862956179
    },
    {
        "country": "E",
        "independence": "01-JAN-92",
        "government": "parliamentary monarchy",
        "_id": -8048077079523691346
    },
    {
        "country": "CZ",
        "independence": "01-JAN-93",
        "wasdependent": "Czechoslovakia",
        "government": "parliamentary democracy",
        "_id": 2029309825801347178
    },
    {
        "country": "SK",
        "independence": "01-JAN-93",
        "wasdependent": "Czechoslovakia",
        "government": "parliamentary democracy",
        "_id": -3113774985933850861
    },
    {
        "country": "D",
        "independence": "18-JAN-71",
        "government": "federal republic",
        "_id": 8281438412806089921
    },
    {
        "country": "H",
        "independence": "18-NOV-18",
        "wasdependent": "Austria-Hungary",
        "government": "parliamentary democracy",
        "_id": 6030558801028689505
    },
    {
        "country": "I",
        "independence": "17-MAR-61",
        "government": "republic",
        "_id": -5939800856513267396
    },
    {
        "country": "CH",
        "independence": "01-JAN-91",
        "government": "formally a confederation but similar in structure to a federal republic",
        "_id": -5644212541631770359
    },
    {
        "country": "FL",
        "independence": "12-JUL-06",
        "wasdependent": "Holy Roman Empire",
        "government": "hereditary constitutional monarchy",
        "_id": 1916007551853852381
    },
    {
        "country": "A",
        "independence": "12-NOV-18",
        "wasdependent": "Austria-Hungary",
        "government": "federal republic",
        "_id": 4690315159199287131
    },
    {
        "country": "EST",
        "independence": "06-SEP-91",
        "wasdependent": "Soviet Union",
        "government": "parliamentary republic",
        "_id": -429798885411645778
    },
    {
        "country": "LV",
        "independence": "06-SEP-91",
        "wasdependent": "Soviet Union",
        "government": "parliamentary democracy",
        "_id": 1985123300348490920
    },
    {
        "country": "LT",
        "independence": "06-SEP-91",
        "wasdependent": "Soviet Union",
        "government": "parliamentary democracy",
        "_id": 1809372345987189386
    },
    {
        "country": "BY",
        "independence": "25-AUG-91",
        "wasdependent": "Soviet Union",
        "government": "republic in name, although in fact a dictatorship",
        "_id": 6178538424576970277
    },
    {
        "country": "PL",
        "independence": "11-NOV-18",
        "government": "republic",
        "_id": 1154082924327225684
    },
    {
        "country": "UA",
        "independence": "01-DEC-91",
        "wasdependent": "Soviet Union",
        "government": "republic",
        "_id": 2713666042704289874
    },
    {
        "country": "R",
        "independence": "24-AUG-91",
        "wasdependent": "Soviet Union",
        "government": "federation",
        "_id": -606912535068802342
    },
    {
        "country": "B",
        "independence": "04-OCT-30",
        "wasdependent": "NL",
        "government": "federal parliamentary democracy under a constitutional monarchy",
        "_id": 1280297539804815389
    },
    {
        "country": "L",
        "independence": "24-NOV-90",
        "wasdependent": "NL",
        "government": "constitutional monarchy",
        "_id": 178035593910775134
    },
    {
        "country": "NL",
        "independence": "01-JAN-79",
        "wasdependent": "E",
        "government": "constitutional monarchy",
        "_id": 6717495142342189718
    },
    {
        "country": "SLO",
        "independence": "25-JUN-91",
        "wasdependent": "Yugoslavia",
        "government": "parliamentary republic",
        "_id": 5019965329547830450
    },
    {
        "country": "HR",
        "independence": "25-JUN-91",
        "wasdependent": "Yugoslavia",
        "government": "parliamentary democracy",
        "_id": -3363588908330035672
    },
    {
        "country": "BIH",
        "independence": "01-APR-92",
        "wasdependent": "Yugoslavia",
        "government": "emerging federal democratic republic",
        "_id": -4318886122899908097
    },
    {
        "country": "BG",
        "independence": "22-SEP-08",
        "wasdependent": "Ottoman Empire",
        "government": "parliamentary democracy",
        "_id": -265722675856050241
    },
    {
        "country": "RO",
        "independence": "09-MAY-77",
        "wasdependent": "Ottoman Empire",
        "government": "republic",
        "_id": 8720631961394521120
    },
    {
        "country": "DK",
        "government": "constitutional monarchy",
        "_id": -7091656682053280301
    },
    {
        "country": "IS",
        "independence": "17-JUN-44",
        "wasdependent": "DK",
        "government": "constitutional republic",
        "_id": 3899703698578826867
    },
    {
        "country": "FO",
        "dependent": "DK",
        "government": "part of the Danish realm",
        "_id": -2434299169051543556
    },
    {
        "country": "IRL",
        "independence": "06-DEC-21",
        "wasdependent": "GB",
        "government": "republic, parliamentary democracy",
        "_id": 419175824628209678
    },
    {
        "country": "SF",
        "independence": "06-DEC-17",
        "wasdependent": "R",
        "government": "republic",
        "_id": 8851029183813556581
    },
    {
        "country": "N",
        "independence": "26-OCT-05",
        "wasdependent": "S",
        "government": "constitutional monarchy",
        "_id": -8988227530991179171
    },
    {
        "country": "S",
        "government": "constitutional monarchy",
        "_id": -3362309878180568240
    },
    {
        "country": "MC",
        "independence": "01-JAN-19",
        "government": "constitutional monarchy",
        "_id": 5413089771992190171
    },
    {
        "country": "V",
        "independence": "11-FEB-29",
        "wasdependent": "I",
        "government": "monarchical sacerdotal state",
        "_id": 1395807526099835823
    },
    {
        "country": "CEU",
        "dependent": "E",
        "government": "dependent territory of Spain",
        "_id": 1878374088513771376
    },
    {
        "country": "MEL",
        "dependent": "E",
        "government": "dependent territory of Spain",
        "_id": -1772824034594445382
    },
    {
        "country": "RSM",
        "independence": "01-JAN-01",
        "government": "republic",
        "_id": 1700697360534153294
    },
    {
        "country": "M",
        "independence": "21-SEP-64",
        "wasdependent": "GB",
        "government": "republic",
        "_id": -1159222098664953558
    },
    {
        "country": "GBM",
        "dependent": "GB",
        "government": "parliamentary democracy",
        "_id": -1082272337996465107
    },
    {
        "country": "MD",
        "independence": "27-AUG-91",
        "wasdependent": "Soviet Union",
        "government": "republic",
        "_id": -1772957921224578279
    },
    {
        "country": "P",
        "independence": "25-JUL-39",
        "wasdependent": "E",
        "government": "republic; parliamentary democracy",
        "_id": -9190292911717614739
    },
    {
        "country": "SVA",
        "dependent": "N",
        "government": "territory of Norway administered by the Ministry of Industry",
        "_id": 6489484009743504970
    },
    {
        "country": "GB",
        "independence": "01-JAN-01",
        "government": "constitutional monarchy and Commonwealth realm",
        "_id": -1078552710067743390
    },
    {
        "country": "GBZ",
        "dependent": "GB",
        "government": "dependent territory of the UK",
        "_id": -6926269844981283942
    },
    {
        "country": "GBG",
        "dependent": "GB",
        "government": "parliamentary democracy",
        "_id": -4480495484698371847
    },
    {
        "country": "GBJ",
        "dependent": "GB",
        "government": "parliamentary democracy",
        "_id": -5129178142058003049
    },
    {
        "country": "ARM",
        "independence": "28-MAY-18",
        "wasdependent": "Soviet Union",
        "government": "republic",
        "_id": -8477445032255139170
    },
    {
        "country": "GE",
        "independence": "09-APR-91",
        "wasdependent": "Soviet Union",
        "government": "republic",
        "_id": 9088473537163162588
    },
    {
        "country": "AZ",
        "independence": "30-AUG-91",
        "wasdependent": "Soviet Union",
        "government": "republic",
        "_id": 624934063067162519
    },
    {
        "country": "TR",
        "independence": "29-OCT-23",
        "wasdependent": "Ottoman Empire",
        "government": "republican parliamentary democracy",
        "_id": 4827380716061920543
    },
    {
        "country": "RL",
        "independence": "22-NOV-43",
        "wasdependent": "United Nations",
        "government": "republic",
        "_id": 6069668902500854341
    },
    {
        "country": "WB",
        "_id": -6941094046818014125
    },
    {
        "country": "GAZA",
        "_id": -8941184764640710225
    },
    {
        "country": "IL",
        "independence": "14-MAY-48",
        "wasdependent": "United Nations",
        "government": "parliamentary democracy",
        "_id": 3632881214481231807
    },
    {
        "country": "SYR",
        "independence": "17-APR-46",
        "wasdependent": "United Nations",
        "government": "republic under an authoritarian regime",
        "_id": -1087748229982424085
    },
    {
        "country": "JOR",
        "independence": "25-MAY-46",
        "wasdependent": "United Nations",
        "government": "constitutional monarchy",
        "_id": 4977793917312900069
    },
    {
        "country": "SA",
        "independence": "23-SEP-32",
        "government": "monarchy",
        "_id": 1017925817179947604
    },
    {
        "country": "BRN",
        "independence": "15-AUG-71",
        "wasdependent": "GB",
        "government": "constitutional monarchy",
        "_id": 1533391108895815994
    },
    {
        "country": "Q",
        "independence": "03-SEP-71",
        "wasdependent": "GB",
        "government": "emirate",
        "_id": -9171309032804161188
    },
    {
        "country": "UAE",
        "independence": "02-DEC-71",
        "wasdependent": "GB",
        "government": "federation with specified powers delegated to the UAE federal government and other powers reserved to member emirates",
        "_id": 6753229106434534281
    },
    {
        "country": "OM",
        "independence": "01-JAN-50",
        "wasdependent": "P",
        "government": "monarchy",
        "_id": 8834979221447671066
    },
    {
        "country": "YE",
        "independence": "22-MAY-90",
        "wasdependent": "Merger of North/South Yemen",
        "government": "republic",
        "_id": -1150357868285330771
    },
    {
        "country": "KWT",
        "independence": "19-JUN-61",
        "wasdependent": "GB",
        "government": "constitutional emirate",
        "_id": -7904595915530405379
    },
    {
        "country": "IRQ",
        "independence": "03-OCT-32",
        "wasdependent": "United Nations",
        "government": "parliamentary democracy",
        "_id": 3911745554672209853
    },
    {
        "country": "IR",
        "government": "theocratic republic",
        "_id": -5196876341220914175
    },
    {
        "country": "AFG",
        "independence": "19-AUG-19",
        "wasdependent": "GB",
        "government": "Islamic republic",
        "_id": 959207652686728305
    },
    {
        "country": "TM",
        "independence": "27-OCT-91",
        "wasdependent": "Soviet Union",
        "government": "authoritarian presidential rule",
        "_id": -4940810241042201030
    },
    {
        "country": "UZ",
        "independence": "31-AUG-91",
        "wasdependent": "Soviet Union",
        "government": "republic; authoritarian presidential rule with little power outside the executive branch",
        "_id": 5847845396636536616
    },
    {
        "country": "TJ",
        "independence": "09-SEP-91",
        "wasdependent": "Soviet Union",
        "government": "republic",
        "_id": 130244865867513292
    },
    {
        "country": "KG",
        "independence": "31-AUG-91",
        "wasdependent": "Soviet Union",
        "government": "republic",
        "_id": 3436927148308798289
    },
    {
        "country": "KZ",
        "independence": "16-DEC-91",
        "wasdependent": "Soviet Union",
        "government": "republic; authoritarian presidential rule, with little power outside the executive branch",
        "_id": -741399797941252834
    },
    {
        "country": "MNG",
        "independence": "13-MAR-21",
        "wasdependent": "CN",
        "government": "parliamentary",
        "_id": 6085434878139684596
    },
    {
        "country": "MV",
        "independence": "26-JUL-65",
        "wasdependent": "GB",
        "government": "republic",
        "_id": -4673457862211726188
    },
    {
        "country": "PK",
        "independence": "14-AUG-47",
        "wasdependent": "GB",
        "government": "federal republic",
        "_id": 4941551611957378621
    },
    {
        "country": "IND",
        "independence": "15-AUG-47",
        "wasdependent": "GB",
        "government": "federal republic",
        "_id": 9012297776149436097
    },
    {
        "country": "NEP",
        "independence": "01-JAN-68",
        "government": "federal democratic republic",
        "_id": 5619067014593919887
    },
    {
        "country": "BHT",
        "independence": "08-AUG-49",
        "wasdependent": "GB",
        "government": "constitutional monarchy",
        "_id": 7349070296947877326
    },
    {
        "country": "BD",
        "independence": "16-DEC-71",
        "wasdependent": "PK",
        "government": "parliamentary democracy",
        "_id": -445602602771744005
    },
    {
        "country": "MYA",
        "independence": "04-JAN-48",
        "wasdependent": "GB",
        "government": "parliamentary government took power in March 2011",
        "_id": -478625724070329018
    },
    {
        "country": "CL",
        "independence": "04-FEB-48",
        "wasdependent": "GB",
        "government": "republic",
        "_id": -1808821140130897471
    },
    {
        "country": "CN",
        "government": "Socialist republic",
        "_id": 3562408905819559703
    },
    {
        "country": "RC",
        "independence": "01-OCT-49",
        "government": "multiparty democracy",
        "_id": 3772121258695995515
    },
    {
        "country": "HK",
        "dependent": "CN",
        "government": "limited democracy",
        "_id": -4447460416552665360
    },
    {
        "country": "MACX",
        "dependent": "CN",
        "government": "limited democracy",
        "_id": -4314176168687040078
    },
    {
        "country": "KP",
        "independence": "15-AUG-45",
        "wasdependent": "J",
        "government": "Communist state one-man dictatorship",
        "_id": 906319997483908191
    },
    {
        "country": "ROK",
        "independence": "15-AUG-45",
        "wasdependent": "J",
        "government": "republic",
        "_id": 8452554018073095404
    },
    {
        "country": "J",
        "government": "a parliamentary government with a constitutional monarchy",
        "_id": 1059646912760738169
    },
    {
        "country": "RP",
        "independence": "04-JUL-46",
        "wasdependent": "USA",
        "government": "republic",
        "_id": 2638019247170989288
    },
    {
        "country": "VN",
        "independence": "02-SEP-45",
        "wasdependent": "F",
        "government": "Communist state",
        "_id": 1717089919067676895
    },
    {
        "country": "K",
        "independence": "09-NOV-49",
        "wasdependent": "F",
        "government": "multiparty democracy under a constitutional monarchy",
        "_id": 186970423002803658
    },
    {
        "country": "LAO",
        "independence": "19-JUL-49",
        "wasdependent": "F",
        "government": "Communist state",
        "_id": -195486268166394647
    },
    {
        "country": "THA",
        "independence": "01-JAN-38",
        "government": "constitutional monarchy",
        "_id": -3157797549735518407
    },
    {
        "country": "MAL",
        "independence": "31-AUG-57",
        "wasdependent": "GB",
        "government": "constitutional monarchy",
        "_id": 7013512652392586787
    },
    {
        "country": "BRU",
        "independence": "01-JAN-84",
        "wasdependent": "GB",
        "government": "constitutional sultanate (locally known as Malay Islamic Monarchy)",
        "_id": -1352374280999761616
    },
    {
        "country": "SGP",
        "independence": "09-AUG-65",
        "wasdependent": "MAL",
        "government": "parliamentary republic",
        "_id": 8117666715166693247
    },
    {
        "country": "RI",
        "independence": "17-AUG-45",
        "wasdependent": "NL",
        "government": "republic",
        "_id": -6039171538265739359
    },
    {
        "country": "TL",
        "independence": "20-MAY-02",
        "wasdependent": "RI",
        "government": "republic",
        "_id": -2568083736491499552
    },
    {
        "country": "PNG",
        "independence": "16-SEP-75",
        "wasdependent": "United Nations",
        "government": "constitutional parliamentary democracy and a Commonwealth realm",
        "_id": 2792872320915340646
    },
    {
        "country": "SOL",
        "independence": "07-JUL-78",
        "wasdependent": "GB",
        "government": "parliamentary democracy and a Commonwealth realm",
        "_id": 3478144076133068590
    },
    {
        "country": "VU",
        "independence": "30-JUL-80",
        "wasdependent": "F",
        "government": "parliamentary republic",
        "_id": 172825892727306520
    },
    {
        "country": "NCL",
        "dependent": "F",
        "government": "parliamentary representative democracy",
        "_id": -4180945127360487184
    },
    {
        "country": "AUS",
        "independence": "01-JAN-01",
        "wasdependent": "GB",
        "government": "federal parliamentary democracy and a Commonwealth realm",
        "_id": 2685122238579657569
    },
    {
        "country": "XMAS",
        "dependent": "AUS",
        "government": "territory of Australia",
        "_id": -2251041178766028528
    },
    {
        "country": "COCO",
        "dependent": "AUS",
        "government": "territory of Australia",
        "_id": -1226008593674699739
    },
    {
        "country": "NORF",
        "dependent": "AUS",
        "government": "territory of Australia",
        "_id": 3285994705493206052
    },
    {
        "country": "NZ",
        "independence": "26-SEP-07",
        "wasdependent": "GB",
        "government": "parliamentary democracy and a Commonwealth realm",
        "_id": -4304277780893801918
    },
    {
        "country": "PAL",
        "independence": "01-OCT-94",
        "wasdependent": "United Nations",
        "government": "constitutional government in free association with the US",
        "_id": -3396512441993417823
    },
    {
        "country": "NMIS",
        "dependent": "USA",
        "government": "commonwealth; self-governing with locally elected governor, lieutenant governor, and legislature",
        "_id": -7612910136852555727
    },
    {
        "country": "GUAM",
        "dependent": "USA",
        "government": "organized",
        "_id": -2649041691597818101
    },
    {
        "country": "FSM",
        "independence": "03-NOV-86",
        "wasdependent": "United Nations",
        "government": "constitutional government in free association with the US",
        "_id": -3139917745913724779
    },
    {
        "country": "MH",
        "independence": "21-OCT-86",
        "wasdependent": "United Nations",
        "government": "constitutional government in free association with the US",
        "_id": -6080661305621333525
    },
    {
        "country": "NAU",
        "independence": "31-JAN-68",
        "wasdependent": "United Nations",
        "government": "republic",
        "_id": -5408829919033708678
    },
    {
        "country": "KIR",
        "independence": "12-JUL-79",
        "wasdependent": "GB",
        "government": "republic",
        "_id": 3975561494950258193
    },
    {
        "country": "TUV",
        "independence": "01-OCT-78",
        "wasdependent": "GB",
        "government": "parliamentary democracy and a Commonwealth realm",
        "_id": -5392785542780056449
    },
    {
        "country": "TOK",
        "dependent": "NZ",
        "_id": 5612615187525512442
    },
    {
        "country": "WS",
        "independence": "01-JAN-62",
        "wasdependent": "United Nations",
        "government": "parliamentary democracy",
        "_id": 5489998233291809848
    },
    {
        "country": "AMSA",
        "dependent": "USA",
        "government": "unincorporated and unorganized territory of the US",
        "_id": 3633504492097489237
    },
    {
        "country": "WF",
        "dependent": "F",
        "government": "parliamentary representative democratic French overseas collectivity",
        "_id": -5632610207750474230
    },
    {
        "country": "FJI",
        "independence": "10-OCT-70",
        "wasdependent": "GB",
        "government": "republic",
        "_id": -2435404691471034079
    },
    {
        "country": "TO",
        "independence": "04-JUN-70",
        "wasdependent": "GB",
        "government": "constitutional monarchy",
        "_id": 2877380824816601201
    },
    {
        "country": "NIUE",
        "independence": "19-OCT-74",
        "wasdependent": "NZ",
        "government": "self-governing parliamentary democracy",
        "_id": -994886372847387864
    },
    {
        "country": "COOK",
        "independence": "04-AUG-65",
        "wasdependent": "NZ",
        "government": "self-governing parliamentary democracy",
        "_id": 2367771344173191452
    },
    {
        "country": "FPOL",
        "dependent": "F",
        "government": "parliamentary representative democratic French overseas collectivity",
        "_id": 5035337398862478955
    },
    {
        "country": "PITC",
        "dependent": "GB",
        "government": "British Overseas Territories",
        "_id": 4596233934679090138
    },
    {
        "country": "ET",
        "independence": "28-FEB-22",
        "wasdependent": "GB",
        "government": "republic",
        "_id": -4989989984584631478
    },
    {
        "country": "LAR",
        "independence": "24-DEC-51",
        "wasdependent": "I",
        "government": "operates under a transitional government",
        "_id": -6354965062958171158
    },
    {
        "country": "TN",
        "independence": "20-MAR-56",
        "wasdependent": "F",
        "government": "republic",
        "_id": 8725348466115422535
    },
    {
        "country": "DZ",
        "independence": "05-JUL-62",
        "wasdependent": "F",
        "government": "republic",
        "_id": -79208711672729425
    },
    {
        "country": "MA",
        "independence": "02-MAR-56",
        "wasdependent": "F",
        "government": "constitutional monarchy",
        "_id": 6119271417965784605
    },
    {
        "country": "WSA",
        "government": "legal status of territory and question of sovereignty unresolved",
        "_id": 4213309630616689595
    },
    {
        "country": "RMM",
        "independence": "22-SEP-60",
        "wasdependent": "F",
        "government": "republic",
        "_id": 1260899927943832084
    },
    {
        "country": "RIM",
        "independence": "28-NOV-60",
        "wasdependent": "F",
        "government": "military junta",
        "_id": -1117796520729523335
    },
    {
        "country": "SN",
        "independence": "20-AUG-60",
        "wasdependent": "F",
        "government": "republic",
        "_id": 3560327260710962805
    },
    {
        "country": "WAG",
        "independence": "18-FEB-65",
        "wasdependent": "GB",
        "government": "republic",
        "_id": 1351855982722243985
    },
    {
        "country": "GUB",
        "independence": "10-SEP-74",
        "wasdependent": "P",
        "government": "republic",
        "_id": -4118431420907802725
    },
    {
        "country": "RG",
        "independence": "02-OCT-58",
        "wasdependent": "F",
        "government": "republic",
        "_id": -1277684883263612998
    },
    {
        "country": "SLE",
        "independence": "27-APR-61",
        "wasdependent": "GB",
        "government": "constitutional democracy",
        "_id": 7487795594448512007
    },
    {
        "country": "LB",
        "independence": "26-JUL-47",
        "government": "republic",
        "_id": 6003620956177477984
    },
    {
        "country": "BF",
        "independence": "05-AUG-60",
        "wasdependent": "F",
        "government": "parliamentary republic",
        "_id": -5339646966024192189
    },
    {
        "country": "CI",
        "independence": "07-AUG-60",
        "wasdependent": "F",
        "government": "republic; multiparty presidential regime established 1960",
        "_id": -1965589477035861829
    },
    {
        "country": "GH",
        "independence": "06-MAR-57",
        "wasdependent": "GB",
        "government": "constitutional democracy",
        "_id": -2277177060872487937
    },
    {
        "country": "RT",
        "independence": "27-APR-60",
        "wasdependent": "F",
        "government": "republic under transition to multiparty democratic rule",
        "_id": 8288744810302549606
    },
    {
        "country": "BEN",
        "independence": "01-AUG-60",
        "wasdependent": "F",
        "government": "republic",
        "_id": 1195152378926416648
    },
    {
        "country": "NGR",
        "independence": "01-OCT-60",
        "wasdependent": "GB",
        "government": "federal republic",
        "_id": 893716088634936458
    },
    {
        "country": "RN",
        "independence": "03-AUG-60",
        "wasdependent": "F",
        "government": "republic",
        "_id": -2590211315973992640
    },
    {
        "country": "TCH",
        "independence": "11-AUG-60",
        "wasdependent": "F",
        "government": "republic",
        "_id": -6193893918165187207
    },
    {
        "country": "SUD",
        "independence": "01-JAN-56",
        "wasdependent": "ET",
        "government": "federal republic",
        "_id": -5622270085093376799
    },
    {
        "country": "SSD",
        "independence": "09-JUL-11",
        "wasdependent": "SUD",
        "government": "republic",
        "_id": -6218884288712064782
    },
    {
        "country": "RCA",
        "independence": "13-AUG-60",
        "wasdependent": "F",
        "government": "republic",
        "_id": -4520212196185411830
    },
    {
        "country": "CAM",
        "independence": "01-JAN-60",
        "wasdependent": "United Nations",
        "government": "republic; multiparty presidential regime",
        "_id": -8279030807520109831
    },
    {
        "country": "GQ",
        "independence": "12-OCT-68",
        "wasdependent": "E",
        "government": "republic",
        "_id": -6729970065275036001
    },
    {
        "country": "G",
        "independence": "17-AUG-60",
        "wasdependent": "F",
        "government": "republic; multiparty presidential regime",
        "_id": -6760570788887989260
    },
    {
        "country": "RCB",
        "independence": "15-AUG-60",
        "wasdependent": "F",
        "government": "republic",
        "_id": 964604631621860765
    },
    {
        "country": "CGO",
        "independence": "30-JUN-60",
        "wasdependent": "B",
        "government": "republic",
        "_id": -4168697330773120434
    },
    {
        "country": "ANG",
        "independence": "11-NOV-75",
        "wasdependent": "P",
        "government": "republic; multiparty presidential regime",
        "_id": -5290220970510847557
    },
    {
        "country": "NAM",
        "independence": "21-MAR-90",
        "wasdependent": "United Nations",
        "government": "republic",
        "_id": -3504128366717570972
    },
    {
        "country": "RB",
        "independence": "30-SEP-66",
        "wasdependent": "GB",
        "government": "parliamentary republic",
        "_id": 8430175302355144213
    },
    {
        "country": "RSA",
        "independence": "31-MAY-10",
        "wasdependent": "GB",
        "government": "republic",
        "_id": 2891316719555472955
    },
    {
        "country": "LS",
        "independence": "04-OCT-66",
        "wasdependent": "GB",
        "government": "parliamentary constitutional monarchy",
        "_id": -4120915782530495930
    },
    {
        "country": "SD",
        "independence": "06-SEP-68",
        "wasdependent": "GB",
        "government": "monarchy",
        "_id": -880291223091134060
    },
    {
        "country": "MOC",
        "independence": "25-JUN-75",
        "wasdependent": "P",
        "government": "republic",
        "_id": -914808821425255264
    },
    {
        "country": "ZW",
        "independence": "18-APR-80",
        "wasdependent": "GB",
        "government": "parliamentary democracy",
        "_id": 24596270063330759
    },
    {
        "country": "Z",
        "independence": "24-OCT-64",
        "wasdependent": "GB",
        "government": "republic",
        "_id": -6171162559755830210
    },
    {
        "country": "MW",
        "independence": "06-JUL-64",
        "wasdependent": "GB",
        "government": "multiparty democracy",
        "_id": 7998703159058883995
    },
    {
        "country": "EAT",
        "independence": "26-APR-64",
        "wasdependent": "GB",
        "government": "republic",
        "_id": -4131106298897316795
    },
    {
        "country": "BI",
        "independence": "01-JUL-62",
        "wasdependent": "United Nations",
        "government": "republic",
        "_id": -8630304988310183245
    },
    {
        "country": "RWA",
        "independence": "01-JUL-62",
        "wasdependent": "United Nations",
        "government": "republic; presidential, multiparty system",
        "_id": -8015932589725712473
    },
    {
        "country": "EAU",
        "independence": "09-OCT-62",
        "wasdependent": "GB",
        "government": "republic",
        "_id": 9065155816538358547
    },
    {
        "country": "EAK",
        "independence": "12-DEC-63",
        "wasdependent": "GB",
        "government": "republic",
        "_id": 5946330756296569990
    },
    {
        "country": "SO",
        "independence": "01-JUL-60",
        "wasdependent": "GB",
        "government": "in the process of building a federal parliamentary republic",
        "_id": 327940544518682752
    },
    {
        "country": "DJI",
        "independence": "27-JUN-77",
        "wasdependent": "F",
        "government": "republic",
        "_id": -4672706276922748452
    },
    {
        "country": "ETH",
        "government": "federal republic",
        "_id": 5685972047342962833
    },
    {
        "country": "ER",
        "independence": "27-MAY-93",
        "wasdependent": "ETH",
        "government": "transitional government",
        "_id": 1285490981210067442
    },
    {
        "country": "CV",
        "independence": "05-JUL-75",
        "wasdependent": "P",
        "government": "republic",
        "_id": -1872655272970657900
    },
    {
        "country": "STP",
        "independence": "12-JUL-75",
        "wasdependent": "P",
        "government": "republic",
        "_id": -1335802885095990287
    },
    {
        "country": "SY",
        "independence": "29-JUN-76",
        "wasdependent": "GB",
        "government": "republic",
        "_id": 8887954014048295206
    },
    {
        "country": "COM",
        "independence": "06-JUL-75",
        "wasdependent": "F",
        "government": "republic",
        "_id": 4490448897888542402
    },
    {
        "country": "MAYO",
        "dependent": "F",
        "government": "territorial collectivity of France",
        "_id": 982440870257259936
    },
    {
        "country": "RM",
        "independence": "26-JUN-60",
        "wasdependent": "F",
        "government": "republic",
        "_id": 945234441702830601
    },
    {
        "country": "MS",
        "independence": "12-MAR-68",
        "wasdependent": "GB",
        "government": "parliamentary democracy",
        "_id": -2158729678749802410
    },
    {
        "country": "REUN",
        "dependent": "F",
        "government": "overseas department of France",
        "_id": -1020063172293209550
    },
    {
        "country": "HELX",
        "dependent": "GB",
        "government": "British Overseas Territories",
        "_id": 1589929887441522244
    },
    {
        "country": "GL",
        "dependent": "DK",
        "government": "parliamentary democracy within a constitutional monarchy",
        "_id": -7375067730339217002
    },
    {
        "country": "SPMI",
        "dependent": "F",
        "government": "parliamentary representative democracy",
        "_id": 4160244343734531163
    },
    {
        "country": "BERM",
        "dependent": "GB",
        "government": "parliamentary; self-governing territory",
        "_id": 5218932596982873574
    },
    {
        "country": "CDN",
        "independence": "01-JUL-67",
        "wasdependent": "GB",
        "government": "a parliamentary democracy, a federation, and a constitutional monarchy",
        "_id": -5891008655035166627
    },
    {
        "country": "USA",
        "independence": "04-JUL-76",
        "wasdependent": "GB",
        "government": "constitution-based federal republic; strong democratic tradition",
        "_id": -4737827805064022116
    },
    {
        "country": "MEX",
        "independence": "16-SEP-10",
        "wasdependent": "E",
        "government": "federal republic",
        "_id": 3906881355594668009
    },
    {
        "country": "BZ",
        "independence": "21-SEP-81",
        "wasdependent": "GB",
        "government": "parliamentary democracy and a Commonwealth realm",
        "_id": -6252152999896475680
    },
    {
        "country": "GCA",
        "independence": "15-SEP-21",
        "wasdependent": "E",
        "government": "constitutional democratic republic",
        "_id": -3412844283103031886
    },
    {
        "country": "ES",
        "independence": "15-SEP-21",
        "wasdependent": "E",
        "government": "republic",
        "_id": 397031513932696918
    },
    {
        "country": "HN",
        "independence": "15-SEP-21",
        "wasdependent": "E",
        "government": "democratic constitutional republic",
        "_id": 3301328647772343415
    },
    {
        "country": "NIC",
        "independence": "15-SEP-21",
        "wasdependent": "E",
        "government": "republic",
        "_id": 7541604135136817728
    },
    {
        "country": "CR",
        "independence": "15-SEP-21",
        "wasdependent": "E",
        "government": "democratic republic",
        "_id": -5124218285212256676
    },
    {
        "country": "PA",
        "independence": "03-NOV-03",
        "wasdependent": "CO",
        "government": "constitutional democracy",
        "_id": 8372083764709144994
    },
    {
        "country": "BS",
        "independence": "10-JUL-73",
        "wasdependent": "GB",
        "government": "constitutional parliamentary democracy and a Commonwealth realm",
        "_id": 8084341713163495265
    },
    {
        "country": "TUCA",
        "dependent": "GB",
        "government": "British Overseas Territories",
        "_id": -7723533076915412976
    },
    {
        "country": "CAYM",
        "dependent": "GB",
        "government": "parliamentary democracy",
        "_id": -1946729780627340738
    },
    {
        "country": "C",
        "independence": "20-MAY-02",
        "wasdependent": "E",
        "government": "Communist state",
        "_id": -6759362451149622816
    },
    {
        "country": "JA",
        "independence": "06-AUG-62",
        "wasdependent": "GB",
        "government": "constitutional parliamentary democracy and a Commonwealth realm",
        "_id": 836058283710984401
    },
    {
        "country": "RH",
        "independence": "01-JAN-04",
        "wasdependent": "F",
        "government": "republic",
        "_id": -4597331898235032270
    },
    {
        "country": "DOM",
        "independence": "27-FEB-44",
        "wasdependent": "RH",
        "government": "democratic republic",
        "_id": -5177509408173176207
    },
    {
        "country": "PR",
        "dependent": "USA",
        "government": "commonwealth",
        "_id": -288440685992890707
    },
    {
        "country": "VIRG",
        "dependent": "USA",
        "government": "organized",
        "_id": 2309966219778392878
    },
    {
        "country": "BVI",
        "dependent": "GB",
        "government": "British Overseas Territories",
        "_id": 6352769496354590322
    },
    {
        "country": "AXA",
        "dependent": "GB",
        "government": "British Overseas Territories",
        "_id": 7562854614726570207
    },
    {
        "country": "SMAR",
        "dependent": "F",
        "government": "overseas collectivity of France",
        "_id": -3441619301411699279
    },
    {
        "country": "SX",
        "dependent": "NL",
        "government": "parliamentary",
        "_id": 4160044212340428511
    },
    {
        "country": "SBAR",
        "dependent": "F",
        "government": "overseas collectivity of France",
        "_id": 6979957400266463354
    },
    {
        "country": "KN",
        "independence": "19-SEP-83",
        "wasdependent": "GB",
        "government": "parliamentary democracy and a Commonwealth realm",
        "_id": 4735309153282921100
    },
    {
        "country": "AG",
        "independence": "01-NOV-81",
        "wasdependent": "GB",
        "government": "constitutional monarchy with a parliamentary system of government and a Commonwealth realm",
        "_id": 690176984015163626
    },
    {
        "country": "MNTS",
        "dependent": "GB",
        "government": "British Overseas Territories",
        "_id": 8884993687189912058
    },
    {
        "country": "GUAD",
        "dependent": "F",
        "government": "overseas department of France",
        "_id": 4031527198276189006
    },
    {
        "country": "WD",
        "independence": "03-NOV-78",
        "wasdependent": "GB",
        "government": "parliamentary democracy",
        "_id": -2259563795290523152
    },
    {
        "country": "MART",
        "dependent": "F",
        "government": "overseas department of France",
        "_id": 7282731808324977461
    },
    {
        "country": "WL",
        "independence": "22-FEB-79",
        "wasdependent": "GB",
        "government": "parliamentary democracy and a Commonwealth realm",
        "_id": -2710186439519019940
    },
    {
        "country": "BDS",
        "independence": "30-NOV-66",
        "wasdependent": "GB",
        "government": "parliamentary democracy and a Commonwealth realm",
        "_id": 1413780993589970389
    },
    {
        "country": "WV",
        "independence": "27-OCT-79",
        "wasdependent": "GB",
        "government": "parliamentary democracy and a Commonwealth realm",
        "_id": -3494589309380301481
    },
    {
        "country": "WG",
        "independence": "07-FEB-74",
        "wasdependent": "GB",
        "government": "parliamentary democracy and a Commonwealth realm",
        "_id": 4836699695876361441
    },
    {
        "country": "TT",
        "independence": "31-AUG-62",
        "wasdependent": "GB",
        "government": "parliamentary democracy",
        "_id": -6477366592276342808
    },
    {
        "country": "NLB",
        "dependent": "NL",
        "government": "democracy",
        "_id": 491300543557024484
    },
    {
        "country": "CUR",
        "dependent": "NL",
        "government": "parliamentary",
        "_id": 5057971683512860626
    },
    {
        "country": "ARU",
        "dependent": "NL",
        "government": "parliamentary democracy",
        "_id": -4197526207992812492
    },
    {
        "country": "YV",
        "independence": "05-JUL-11",
        "wasdependent": "E",
        "government": "federal republic",
        "_id": 4498416396399501782
    },
    {
        "country": "GUY",
        "independence": "26-MAY-66",
        "wasdependent": "GB",
        "government": "republic",
        "_id": -951001515270687693
    },
    {
        "country": "SME",
        "independence": "25-NOV-75",
        "wasdependent": "NL",
        "government": "constitutional democracy",
        "_id": -5015837733247251430
    },
    {
        "country": "FGU",
        "dependent": "F",
        "government": "overseas department of France",
        "_id": 5784758016280230271
    },
    {
        "country": "CO",
        "independence": "20-JUL-10",
        "wasdependent": "E",
        "government": "republic; executive branch dominates government structure",
        "_id": -1553565398485798751
    },
    {
        "country": "EC",
        "independence": "24-MAY-22",
        "wasdependent": "E",
        "government": "republic",
        "_id": -6600070548843086731
    },
    {
        "country": "PE",
        "independence": "28-JUL-21",
        "wasdependent": "E",
        "government": "constitutional republic",
        "_id": 6681588030937372082
    },
    {
        "country": "BOL",
        "independence": "06-AUG-25",
        "wasdependent": "E",
        "government": "republic; Social Unitarian State",
        "_id": 7725214972973265051
    },
    {
        "country": "RCH",
        "independence": "18-SEP-10",
        "wasdependent": "E",
        "government": "republic",
        "_id": 2620467555957349121
    },
    {
        "country": "RA",
        "independence": "09-JUL-16",
        "wasdependent": "E",
        "government": "republic",
        "_id": -8926405761035690374
    },
    {
        "country": "PY",
        "independence": "14-MAY-11",
        "wasdependent": "E",
        "government": "constitutional republic",
        "_id": 4140657346732132184
    },
    {
        "country": "ROU",
        "independence": "25-AUG-28",
        "wasdependent": "BR",
        "government": "constitutional republic",
        "_id": -5553349207138715250
    },
    {
        "country": "BR",
        "independence": "07-SEP-22",
        "wasdependent": "P",
        "government": "federal republic",
        "_id": -1168847435161164475
    },
    {
        "country": "FALK",
        "dependent": "GB",
        "government": "British Overseas Territories",
        "_id": -556246887208928686
    }
]