[
    {
        "country_code": "A",
        "population_growth": "0.01",
        "infant_mortality": "4.16",
        "_id": -3661087480658097141
    },
    {
        "country_code": "AFG",
        "population_growth": "2.29",
        "infant_mortality": "117.23",
        "_id": 8632365205278616659
    },
    {
        "country_code": "AG",
        "population_growth": "1.25",
        "infant_mortality": "13.29",
        "_id": -4467149212728885394
    },
    {
        "country_code": "AL",
        "population_growth": "0.3",
        "infant_mortality": "13.19",
        "_id": 5901127700282262468
    },
    {
        "country_code": "AMSA",
        "population_growth": "-0.35",
        "infant_mortality": "8.92",
        "_id": -7820634710246979329
    },
    {
        "country_code": "AND",
        "population_growth": "0.17",
        "infant_mortality": "3.69",
        "_id": -3517409290398501040
    },
    {
        "country_code": "ANG",
        "population_growth": "2.78",
        "infant_mortality": "79.99",
        "_id": -2346675371072688703
    },
    {
        "country_code": "ARM",
        "population_growth": "-0.13",
        "infant_mortality": "13.97",
        "_id": -6758317920279636598
    },
    {
        "country_code": "ARU",
        "population_growth": "1.36",
        "infant_mortality": "11.74",
        "_id": 3364669336581159851
    },
    {
        "country_code": "AUS",
        "population_growth": "1.09",
        "infant_mortality": "4.43",
        "_id": -5981148870436130628
    },
    {
        "country_code": "AXA",
        "population_growth": "2.06",
        "infant_mortality": "3.4",
        "_id": -5142729493422520314
    },
    {
        "country_code": "AZ",
        "population_growth": "0.99",
        "infant_mortality": "26.67",
        "_id": 7874124391178950076
    },
    {
        "country_code": "B",
        "population_growth": "0.05",
        "infant_mortality": "4.18",
        "_id": 59043287879195587
    },
    {
        "country_code": "BD",
        "population_growth": "1.6",
        "infant_mortality": "45.67",
        "_id": -8320254505469525535
    },
    {
        "country_code": "BDS",
        "population_growth": "0.33",
        "infant_mortality": "10.93",
        "_id": -6595061994244703373
    },
    {
        "country_code": "BEN",
        "population_growth": "2.81",
        "infant_mortality": "57.09",
        "_id": 5422784555537995346
    },
    {
        "country_code": "BERM",
        "population_growth": "0.52",
        "infant_mortality": "2.48",
        "_id": 7338457292302932825
    },
    {
        "country_code": "BF",
        "population_growth": "3.05",
        "infant_mortality": "76.8",
        "_id": -6450552713831388566
    },
    {
        "country_code": "BG",
        "population_growth": "-0.83",
        "infant_mortality": "15.08",
        "_id": 2657974161154374682
    },
    {
        "country_code": "BHT",
        "population_growth": "1.13",
        "infant_mortality": "37.89",
        "_id": -4204310341541030021
    },
    {
        "country_code": "BI",
        "population_growth": "3.28",
        "infant_mortality": "63.44",
        "_id": -5916378526490570745
    },
    {
        "country_code": "BIH",
        "population_growth": "-0.11",
        "infant_mortality": "5.84",
        "_id": 5483012487257738286
    },
    {
        "country_code": "BOL",
        "population_growth": "1.6",
        "infant_mortality": "38.61",
        "_id": -3522606552479791481
    },
    {
        "country_code": "BR",
        "population_growth": "0.8",
        "infant_mortality": "19.21",
        "_id": 5947907638508247159
    },
    {
        "country_code": "BRN",
        "population_growth": "2.49",
        "infant_mortality": "9.68",
        "_id": -5342864175862323972
    },
    {
        "country_code": "BRU",
        "population_growth": "1.65",
        "infant_mortality": "10.48",
        "_id": 8234597051277385781
    },
    {
        "country_code": "BS",
        "population_growth": "0.87",
        "infant_mortality": "12.5",
        "_id": 763948342260938212
    },
    {
        "country_code": "BVI",
        "population_growth": "2.36",
        "infant_mortality": "13.45",
        "_id": -7951321630309318383
    },
    {
        "country_code": "BY",
        "population_growth": "-0.19",
        "infant_mortality": "3.64",
        "_id": 827314431636659246
    },
    {
        "country_code": "BZ",
        "population_growth": "1.92",
        "infant_mortality": "20.31",
        "_id": -1860109024189214003
    },
    {
        "country_code": "C",
        "population_growth": "-0.14",
        "infant_mortality": "4.7",
        "_id": 3203375232546289399
    },
    {
        "country_code": "CAM",
        "population_growth": "2.6",
        "infant_mortality": "55.1",
        "_id": 3962319576232348204
    },
    {
        "country_code": "CAYM",
        "population_growth": "2.14",
        "infant_mortality": "6.21",
        "_id": -7915117114600156241
    },
    {
        "country_code": "CDN",
        "population_growth": "0.76",
        "infant_mortality": "4.71",
        "_id": 4362229092246983451
    },
    {
        "country_code": "CEU",
        "_id": 2226298054408564315
    },
    {
        "country_code": "CGO",
        "population_growth": "2.5",
        "infant_mortality": "73.15",
        "_id": 2105622873238854937
    },
    {
        "country_code": "CH",
        "population_growth": "0.78",
        "infant_mortality": "3.73",
        "_id": 3716576073700938105
    },
    {
        "country_code": "CI",
        "population_growth": "1.96",
        "infant_mortality": "60.16",
        "_id": -6022013558090252398
    },
    {
        "country_code": "CL",
        "population_growth": "0.86",
        "infant_mortality": "9.02",
        "_id": 5176726964793329911
    },
    {
        "country_code": "CN",
        "population_growth": "0.44",
        "infant_mortality": "14.79",
        "_id": -2737208655644507739
    },
    {
        "country_code": "CO",
        "population_growth": "1.07",
        "infant_mortality": "15.02",
        "_id": -1274397448522277988
    },
    {
        "country_code": "COCO",
        "_id": -4660684930144919238
    },
    {
        "country_code": "COM",
        "population_growth": "1.87",
        "infant_mortality": "65.31",
        "_id": -7089035667671354282
    },
    {
        "country_code": "COOK",
        "population_growth": "-3",
        "infant_mortality": "14.33",
        "_id": -2833952032377066417
    },
    {
        "country_code": "CR",
        "population_growth": "1.24",
        "infant_mortality": "8.7",
        "_id": -8275860166503241501
    },
    {
        "country_code": "CUR",
        "_id": 863198086668572363
    },
    {
        "country_code": "CV",
        "population_growth": "1.39",
        "infant_mortality": "24.28",
        "_id": -1438018742623058285
    },
    {
        "country_code": "CY",
        "population_growth": "1.48",
        "infant_mortality": "8.54",
        "_id": 5248474205376001225
    },
    {
        "country_code": "CZ",
        "population_growth": "0.17",
        "infant_mortality": "2.63",
        "_id": -3388640989652469493
    },
    {
        "country_code": "D",
        "population_growth": "-0.18",
        "infant_mortality": "3.46",
        "_id": -9182950936030525692
    },
    {
        "country_code": "DJI",
        "population_growth": "2.23",
        "infant_mortality": "50.2",
        "_id": -2840125558611245761
    },
    {
        "country_code": "DK",
        "population_growth": "0.22",
        "infant_mortality": "4.1",
        "_id": -58691514056543660
    },
    {
        "country_code": "DOM",
        "population_growth": "1.25",
        "infant_mortality": "19.63",
        "_id": -1887629823336630760
    },
    {
        "country_code": "DZ",
        "population_growth": "1.88",
        "infant_mortality": "21.76",
        "_id": 2962271177907518208
    },
    {
        "country_code": "E",
        "population_growth": "0.78",
        "infant_mortality": "2.7",
        "_id": 7776956077458616255
    },
    {
        "country_code": "EAK",
        "population_growth": "2.11",
        "infant_mortality": "40.71",
        "_id": -3520829713317310158
    },
    {
        "country_code": "EAT",
        "population_growth": "2.8",
        "infant_mortality": "43.74",
        "_id": -2455159803679875234
    },
    {
        "country_code": "EAU",
        "population_growth": "3.24",
        "infant_mortality": "60.82",
        "_id": 1810165433242820091
    },
    {
        "country_code": "EC",
        "population_growth": "1.37",
        "infant_mortality": "17.93",
        "_id": 6311430147297366758
    },
    {
        "country_code": "ER",
        "population_growth": "2.3",
        "infant_mortality": "38.44",
        "_id": -5726368601925118078
    },
    {
        "country_code": "ES",
        "population_growth": "0.27",
        "infant_mortality": "18.44",
        "_id": -6530680540311133818
    },
    {
        "country_code": "EST",
        "population_growth": "-0.68",
        "infant_mortality": "6.7",
        "_id": 3060242923277642373
    },
    {
        "country_code": "ET",
        "population_growth": "1.84",
        "infant_mortality": "22.41",
        "_id": 5914422694788204400
    },
    {
        "country_code": "ETH",
        "population_growth": "2.89",
        "infant_mortality": "55.77",
        "_id": -4762883676273263136
    },
    {
        "country_code": "F",
        "population_growth": "0.45",
        "infant_mortality": "3.31",
        "_id": -363987432618281291
    },
    {
        "country_code": "FALK",
        "population_growth": "0.01",
        "_id": 900350044825209491
    },
    {
        "country_code": "FGU",
        "population_growth": "3.86",
        "infant_mortality": "14.6",
        "_id": -7231065372938436697
    },
    {
        "country_code": "FJI",
        "population_growth": "0.7",
        "infant_mortality": "10.2",
        "_id": -4432199672462736757
    },
    {
        "country_code": "FL",
        "population_growth": "0.82",
        "infant_mortality": "4.33",
        "_id": 603971478326131186
    },
    {
        "country_code": "FO",
        "population_growth": "0.49",
        "infant_mortality": "5.71",
        "_id": -9092029947143762003
    },
    {
        "country_code": "FPOL",
        "population_growth": "0.97",
        "infant_mortality": "4.78",
        "_id": 7935020159913235040
    },
    {
        "country_code": "FSM",
        "population_growth": "-0.42",
        "infant_mortality": "21.93",
        "_id": 4744982410003180262
    },
    {
        "country_code": "G",
        "population_growth": "1.94",
        "infant_mortality": "47.03",
        "_id": -2340010617474070574
    },
    {
        "country_code": "GAZA",
        "population_growth": "4.55",
        "infant_mortality": "30.6",
        "_id": -6791455568182303572
    },
    {
        "country_code": "GB",
        "population_growth": "0.54",
        "infant_mortality": "4.44",
        "_id": -8620112776338730624
    },
    {
        "country_code": "GBG",
        "population_growth": "0.36",
        "infant_mortality": "3.47",
        "_id": 989535299302658359
    },
    {
        "country_code": "GBJ",
        "population_growth": "0.81",
        "infant_mortality": "3.86",
        "_id": -5974980869038329457
    },
    {
        "country_code": "GBM",
        "population_growth": "0.8",
        "infant_mortality": "4.17",
        "_id": 2408433190675491776
    },
    {
        "country_code": "GBZ",
        "population_growth": "0.25",
        "infant_mortality": "6.29",
        "_id": -3665403680558166359
    },
    {
        "country_code": "GCA",
        "population_growth": "1.86",
        "infant_mortality": "23.51",
        "_id": 8064333816249727387
    },
    {
        "country_code": "GE",
        "population_growth": "-0.11",
        "infant_mortality": "16.68",
        "_id": -2132745238796460145
    },
    {
        "country_code": "GH",
        "population_growth": "2.19",
        "infant_mortality": "38.52",
        "_id": 2378755703681901624
    },
    {
        "country_code": "GL",
        "population_growth": "0.02",
        "infant_mortality": "9.42",
        "_id": -39253593806000316
    },
    {
        "country_code": "GQ",
        "population_growth": "2.54",
        "infant_mortality": "71.12",
        "_id": -1454151183617913012
    },
    {
        "country_code": "GR",
        "population_growth": "0.01",
        "infant_mortality": "4.78",
        "_id": 3654066722759181916
    },
    {
        "country_code": "GUAD",
        "population_growth": "1.2",
        "infant_mortality": "8.3",
        "_id": -2428822142113733503
    },
    {
        "country_code": "GUAM",
        "population_growth": "0.44",
        "infant_mortality": "5.51",
        "_id": -6941142452058461597
    },
    {
        "country_code": "GUB",
        "population_growth": "1.93",
        "infant_mortality": "90.92",
        "_id": 5388709984155734099
    },
    {
        "country_code": "GUY",
        "population_growth": "-0.11",
        "infant_mortality": "33.56",
        "_id": -1210700194799429369
    },
    {
        "country_code": "H",
        "population_growth": "-0.21",
        "infant_mortality": "5.09",
        "_id": -4451212761358460881
    },
    {
        "country_code": "HELX",
        "population_growth": "0.45",
        "infant_mortality": "17.63",
        "_id": -9110157732377513955
    },
    {
        "country_code": "HK",
        "population_growth": "0.41",
        "infant_mortality": "2.73",
        "_id": -1606557671665377308
    },
    {
        "country_code": "HN",
        "population_growth": "1.74",
        "infant_mortality": "18.72",
        "_id": 8099877007695679406
    },
    {
        "country_code": "HR",
        "population_growth": "-0.12",
        "infant_mortality": "5.87",
        "_id": -5025529722721585045
    },
    {
        "country_code": "I",
        "population_growth": "0.3",
        "infant_mortality": "3.31",
        "_id": 5503760808516759286
    },
    {
        "country_code": "IL",
        "population_growth": "1.46",
        "infant_mortality": "3.98",
        "_id": 5329731578016541592
    },
    {
        "country_code": "IND",
        "population_growth": "1.25",
        "infant_mortality": "43.19",
        "_id": -6062395359177440662
    },
    {
        "country_code": "IR",
        "population_growth": "1.22",
        "infant_mortality": "39",
        "_id": -6991126490684045893
    },
    {
        "country_code": "IRL",
        "population_growth": "1.2",
        "infant_mortality": "3.74",
        "_id": -2864655882517110088
    },
    {
        "country_code": "IRQ",
        "population_growth": "2.23",
        "infant_mortality": "37.53",
        "_id": 4861762283819760568
    },
    {
        "country_code": "IS",
        "population_growth": "0.65",
        "infant_mortality": "3.15",
        "_id": 8982548393248385260
    },
    {
        "country_code": "J",
        "population_growth": "-0.13",
        "infant_mortality": "2.13",
        "_id": 2697698653450594619
    },
    {
        "country_code": "JA",
        "population_growth": "0.69",
        "infant_mortality": "13.69",
        "_id": -4885200226643672659
    },
    {
        "country_code": "JOR",
        "population_growth": "3.86",
        "infant_mortality": "15.73",
        "_id": 8085222292689559729
    },
    {
        "country_code": "K",
        "population_growth": "1.63",
        "infant_mortality": "51.36",
        "_id": 8571649420302757522
    },
    {
        "country_code": "KG",
        "population_growth": "1.04",
        "infant_mortality": "28.71",
        "_id": 8508929095870696117
    },
    {
        "country_code": "KIR",
        "population_growth": "1.18",
        "infant_mortality": "35.37",
        "_id": 7013668938613022322
    },
    {
        "country_code": "KN",
        "population_growth": "0.78",
        "infant_mortality": "8.98",
        "_id": 8108381959572861983
    },
    {
        "country_code": "KOS",
        "_id": -7933783939003251569
    },
    {
        "country_code": "KP",
        "population_growth": "0.53",
        "infant_mortality": "24.5",
        "_id": -8694068894134117681
    },
    {
        "country_code": "KWT",
        "population_growth": "1.7",
        "infant_mortality": "7.51",
        "_id": -6145251648265169000
    },
    {
        "country_code": "KZ",
        "population_growth": "1.17",
        "infant_mortality": "21.61",
        "_id": -2272878220530809454
    },
    {
        "country_code": "L",
        "population_growth": "1.12",
        "infant_mortality": "4.28",
        "_id": -873391395255046525
    },
    {
        "country_code": "LAO",
        "population_growth": "1.59",
        "infant_mortality": "54.53",
        "_id": -5073875487837071268
    },
    {
        "country_code": "LAR",
        "population_growth": "3.08",
        "infant_mortality": "11.87",
        "_id": -9158635479673629264
    },
    {
        "country_code": "LB",
        "population_growth": "2.52",
        "infant_mortality": "69.19",
        "_id": 3208740256685080212
    },
    {
        "country_code": "LS",
        "population_growth": "0.34",
        "infant_mortality": "50.48",
        "_id": -2354077341272923888
    },
    {
        "country_code": "LT",
        "population_growth": "-0.29",
        "infant_mortality": "6",
        "_id": -2890240762721217806
    },
    {
        "country_code": "LV",
        "population_growth": "-0.62",
        "infant_mortality": "7.91",
        "_id": 982426656676130191
    },
    {
        "country_code": "M",
        "population_growth": "0.33",
        "infant_mortality": "3.59",
        "_id": 7887798765464589918
    },
    {
        "country_code": "MA",
        "population_growth": "1.02",
        "infant_mortality": "24.52",
        "_id": 5759304549003921066
    },
    {
        "country_code": "MACX",
        "population_growth": "0.83",
        "infant_mortality": "3.13",
        "_id": -7167915836244324067
    },
    {
        "country_code": "MAL",
        "population_growth": "1.47",
        "infant_mortality": "13.69",
        "_id": 4872096703066532983
    },
    {
        "country_code": "MART",
        "population_growth": "1.1",
        "infant_mortality": "7.1",
        "_id": -5273217308871024807
    },
    {
        "country_code": "MAYO",
        "population_growth": "3.32",
        "infant_mortality": "56.29",
        "_id": 7799881754448566125
    },
    {
        "country_code": "MC",
        "population_growth": "0.06",
        "infant_mortality": "1.81",
        "_id": 5030141202317497495
    },
    {
        "country_code": "MD",
        "population_growth": "-1.02",
        "infant_mortality": "12.93",
        "_id": -1430877260678563381
    },
    {
        "country_code": "MEL",
        "_id": 990441458464599555
    },
    {
        "country_code": "MEX",
        "population_growth": "1.21",
        "infant_mortality": "12.58",
        "_id": -4862695812464753322
    },
    {
        "country_code": "MH",
        "population_growth": "1.72",
        "infant_mortality": "21.39",
        "_id": 8646392495076976519
    },
    {
        "country_code": "MK",
        "population_growth": "0.21",
        "infant_mortality": "7.9",
        "_id": 4668722034503070888
    },
    {
        "country_code": "MNE",
        "population_growth": "-0.49",
        "_id": -6868749875667767462
    },
    {
        "country_code": "MNG",
        "population_growth": "1.37",
        "infant_mortality": "23.15",
        "_id": 711036999209211529
    },
    {
        "country_code": "MNTS",
        "population_growth": "0.48",
        "infant_mortality": "13.66",
        "_id": 3630525751443454547
    },
    {
        "country_code": "MOC",
        "population_growth": "2.45",
        "infant_mortality": "72.42",
        "_id": 8282978718957044181
    },
    {
        "country_code": "MS",
        "population_growth": "0.66",
        "infant_mortality": "10.59",
        "_id": -7800630103569756715
    },
    {
        "country_code": "MV",
        "population_growth": "-0.09",
        "infant_mortality": "24.59",
        "_id": -3578077884080515676
    },
    {
        "country_code": "MW",
        "population_growth": "3.32",
        "infant_mortality": "48.01",
        "_id": 7471401195194298631
    },
    {
        "country_code": "MYA",
        "population_growth": "1.03",
        "infant_mortality": "44.91",
        "_id": -4244989010160469627
    },
    {
        "country_code": "N",
        "population_growth": "1.19",
        "infant_mortality": "2.48",
        "_id": 1326149939426055703
    },
    {
        "country_code": "NAM",
        "population_growth": "0.67",
        "infant_mortality": "45.64",
        "_id": -7628810102353074581
    },
    {
        "country_code": "NAU",
        "population_growth": "0.56",
        "infant_mortality": "8.21",
        "_id": -6190373719686697211
    },
    {
        "country_code": "NCL",
        "population_growth": "1.42",
        "infant_mortality": "5.46",
        "_id": -6334388964782701266
    },
    {
        "country_code": "NEP",
        "population_growth": "1.82",
        "infant_mortality": "40.43",
        "_id": -7506682319393481220
    },
    {
        "country_code": "NGR",
        "population_growth": "2.47",
        "infant_mortality": "74.09",
        "_id": 9204850053373196539
    },
    {
        "country_code": "NIC",
        "population_growth": "1.02",
        "infant_mortality": "20.36",
        "_id": 1725079983683079188
    },
    {
        "country_code": "NIUE",
        "population_growth": "-0.03",
        "_id": -5568025704802675768
    },
    {
        "country_code": "NL",
        "population_growth": "0.42",
        "infant_mortality": "3.66",
        "_id": -8943742424642002300
    },
    {
        "country_code": "NLB",
        "_id": 3944204397662367161
    },
    {
        "country_code": "NMIS",
        "population_growth": "1.13",
        "infant_mortality": "5.5",
        "_id": 6186863237781788242
    },
    {
        "country_code": "NORF",
        "_id": 487251113528063717
    },
    {
        "country_code": "NZ",
        "population_growth": "0.83",
        "infant_mortality": "4.59",
        "_id": -1911385188072414233
    },
    {
        "country_code": "OM",
        "population_growth": "2.06",
        "infant_mortality": "14",
        "_id": 7793019949940944145
    },
    {
        "country_code": "P",
        "population_growth": "0.12",
        "infant_mortality": "4.48",
        "_id": 1844897449523770899
    },
    {
        "country_code": "PA",
        "population_growth": "1.35",
        "infant_mortality": "10.7",
        "_id": 854470906935252821
    },
    {
        "country_code": "PAL",
        "population_growth": "0.37",
        "infant_mortality": "11.46",
        "_id": 1445096525038810838
    },
    {
        "country_code": "PE",
        "population_growth": "0.99",
        "infant_mortality": "20.21",
        "_id": 8865849250415044254
    },
    {
        "country_code": "PITC",
        "population_growth": "0",
        "_id": 1459273615117357616
    },
    {
        "country_code": "PK",
        "population_growth": "1.49",
        "infant_mortality": "57.48",
        "_id": 5373615363971454279
    },
    {
        "country_code": "PL",
        "population_growth": "-0.11",
        "infant_mortality": "6.19",
        "_id": -570319014461496593
    },
    {
        "country_code": "PNG",
        "population_growth": "1.84",
        "infant_mortality": "39.67",
        "_id": 5722718623531501980
    },
    {
        "country_code": "PR",
        "population_growth": "-0.65",
        "infant_mortality": "7.73",
        "_id": 3255387482743202266
    },
    {
        "country_code": "PY",
        "population_growth": "1.19",
        "infant_mortality": "20.75",
        "_id": -4155780550013432838
    },
    {
        "country_code": "Q",
        "population_growth": "3.58",
        "infant_mortality": "6.42",
        "_id": 6418049938523166224
    },
    {
        "country_code": "R",
        "population_growth": "-0.03",
        "infant_mortality": "7.08",
        "_id": -3576684449597583402
    },
    {
        "country_code": "RA",
        "population_growth": "0.95",
        "infant_mortality": "9.96",
        "_id": -8790047703224268724
    },
    {
        "country_code": "RB",
        "population_growth": "1.26",
        "infant_mortality": "9.38",
        "_id": 7756457327842025186
    },
    {
        "country_code": "RC",
        "population_growth": "0.25",
        "infant_mortality": "4.49",
        "_id": 2115556082355902498
    },
    {
        "country_code": "RCA",
        "population_growth": "2.13",
        "infant_mortality": "92.86",
        "_id": -571702393136041921
    },
    {
        "country_code": "RCB",
        "population_growth": "1.94",
        "infant_mortality": "59.34",
        "_id": -3106445268867269843
    },
    {
        "country_code": "RCH",
        "population_growth": "0.84",
        "infant_mortality": "7.02",
        "_id": -7905760326961273324
    },
    {
        "country_code": "REUN",
        "population_growth": "1.93",
        "infant_mortality": "7.5",
        "_id": -2059143015099625153
    },
    {
        "country_code": "RG",
        "population_growth": "2.63",
        "infant_mortality": "55.24",
        "_id": 6809732265198439487
    },
    {
        "country_code": "RH",
        "population_growth": "1.31",
        "infant_mortality": "49.43",
        "_id": -3941557752014775235
    },
    {
        "country_code": "RI",
        "population_growth": "0.95",
        "infant_mortality": "25.16",
        "_id": -6484341178278007677
    },
    {
        "country_code": "RIM",
        "population_growth": "2.26",
        "infant_mortality": "56.06",
        "_id": -6190301913057258045
    },
    {
        "country_code": "RL",
        "population_growth": "9.37",
        "infant_mortality": "7.98",
        "_id": 6189126616143761392
    },
    {
        "country_code": "RM",
        "population_growth": "2.62",
        "infant_mortality": "44.88",
        "_id": -826073032330922263
    },
    {
        "country_code": "RMM",
        "population_growth": "3",
        "infant_mortality": "104.34",
        "_id": 8016449062295189410
    },
    {
        "country_code": "RN",
        "population_growth": "3.28",
        "infant_mortality": "86.27",
        "_id": -8040176766458246818
    },
    {
        "country_code": "RO",
        "population_growth": "-0.29",
        "infant_mortality": "10.16",
        "_id": -1679810308815246306
    },
    {
        "country_code": "ROK",
        "population_growth": "0.16",
        "infant_mortality": "3.93",
        "_id": 4069688663280478294
    },
    {
        "country_code": "ROU",
        "population_growth": "0.26",
        "infant_mortality": "8.97",
        "_id": 3051064549049384890
    },
    {
        "country_code": "RP",
        "population_growth": "1.81",
        "infant_mortality": "17.64",
        "_id": -3646020299256434993
    },
    {
        "country_code": "RSA",
        "population_growth": "-0.48",
        "infant_mortality": "41.61",
        "_id": 8091066600494567001
    },
    {
        "country_code": "RSM",
        "population_growth": "0.87",
        "infant_mortality": "4.52",
        "_id": -2630230496911343274
    },
    {
        "country_code": "RT",
        "population_growth": "2.71",
        "infant_mortality": "46.73",
        "_id": -1877387420987693549
    },
    {
        "country_code": "RWA",
        "population_growth": "2.63",
        "infant_mortality": "59.59",
        "_id": 200754452572855222
    },
    {
        "country_code": "S",
        "population_growth": "0.79",
        "infant_mortality": "2.6",
        "_id": -6585304614828769035
    },
    {
        "country_code": "SA",
        "population_growth": "1.49",
        "infant_mortality": "14.58",
        "_id": 8095850908302241293
    },
    {
        "country_code": "SBAR",
        "_id": 386515427938478680
    },
    {
        "country_code": "SD",
        "population_growth": "1.14",
        "infant_mortality": "54.82",
        "_id": 6940881470420976423
    },
    {
        "country_code": "SF",
        "population_growth": "0.05",
        "infant_mortality": "3.36",
        "_id": -8989137568631610559
    },
    {
        "country_code": "SGP",
        "population_growth": "1.92",
        "infant_mortality": "2.53",
        "_id": 6136127486318296910
    },
    {
        "country_code": "SK",
        "population_growth": "0.03",
        "infant_mortality": "5.35",
        "_id": -4193577306650140886
    },
    {
        "country_code": "SLE",
        "population_growth": "2.33",
        "infant_mortality": "73.29",
        "_id": 22116123586603938
    },
    {
        "country_code": "SLO",
        "population_growth": "-0.23",
        "infant_mortality": "4.04",
        "_id": 3454337527832409509
    },
    {
        "country_code": "SMAR",
        "_id": 6508837818719429375
    },
    {
        "country_code": "SME",
        "population_growth": "1.12",
        "infant_mortality": "27.07",
        "_id": 8186838071145797937
    },
    {
        "country_code": "SN",
        "population_growth": "2.48",
        "infant_mortality": "52.72",
        "_id": -3736093200802232760
    },
    {
        "country_code": "SO",
        "population_growth": "1.75",
        "infant_mortality": "100.14",
        "_id": 1876938744074310236
    },
    {
        "country_code": "SOL",
        "population_growth": "2.07",
        "infant_mortality": "16.17",
        "_id": -5316956725603410308
    },
    {
        "country_code": "SPMI",
        "population_growth": "-1.02",
        "infant_mortality": "6.95",
        "_id": 2754183200252251226
    },
    {
        "country_code": "SRB",
        "population_growth": "-0.46",
        "infant_mortality": "6.16",
        "_id": 3999463351977734189
    },
    {
        "country_code": "SSD",
        "population_growth": "4.12",
        "infant_mortality": "68.16",
        "_id": 1719234758861921409
    },
    {
        "country_code": "STP",
        "population_growth": "1.89",
        "infant_mortality": "49.16",
        "_id": 7334032416888710924
    },
    {
        "country_code": "SUD",
        "population_growth": "1.78",
        "infant_mortality": "52.86",
        "_id": -3492272315885569446
    },
    {
        "country_code": "SVA",
        "population_growth": "-0.03",
        "_id": 730353002505875643
    },
    {
        "country_code": "SX",
        "population_growth": "1.51",
        "infant_mortality": "9.05",
        "_id": -1615406174371734082
    },
    {
        "country_code": "SY",
        "population_growth": "0.4",
        "infant_mortality": "10.77",
        "_id": -4668363440168887333
    },
    {
        "country_code": "SYR",
        "population_growth": "-9.73",
        "infant_mortality": "15.79",
        "_id": -5948678931714193949
    },
    {
        "country_code": "TCH",
        "population_growth": "1.92",
        "infant_mortality": "90.3",
        "_id": -8232470749026393437
    },
    {
        "country_code": "THA",
        "population_growth": "0.35",
        "infant_mortality": "9.86",
        "_id": 3715351469799275856
    },
    {
        "country_code": "TJ",
        "population_growth": "1.75",
        "infant_mortality": "35.03",
        "_id": 2886376620715364217
    },
    {
        "country_code": "TL",
        "population_growth": "2.44",
        "infant_mortality": "38.79",
        "_id": -3265610485341854304
    },
    {
        "country_code": "TM",
        "population_growth": "1.14",
        "infant_mortality": "38.13",
        "_id": -2294847124362289897
    },
    {
        "country_code": "TN",
        "population_growth": "0.92",
        "infant_mortality": "23.19",
        "_id": -5931838204631842076
    },
    {
        "country_code": "TO",
        "population_growth": "0.09",
        "infant_mortality": "12.36",
        "_id": 1644623594376488661
    },
    {
        "country_code": "TOK",
        "population_growth": "-0.01",
        "_id": 7381580054852413999
    },
    {
        "country_code": "TR",
        "population_growth": "1.12",
        "infant_mortality": "21.43",
        "_id": 8560489106590128240
    },
    {
        "country_code": "TT",
        "population_growth": "-0.11",
        "infant_mortality": "24.82",
        "_id": -6292749083755278740
    },
    {
        "country_code": "TUCA",
        "population_growth": "2.58",
        "infant_mortality": "10.97",
        "_id": -5714348763862776165
    },
    {
        "country_code": "TUV",
        "population_growth": "0.8",
        "infant_mortality": "31.69",
        "_id": 9157978377158971469
    },
    {
        "country_code": "UA",
        "population_growth": "-0.64",
        "infant_mortality": "8.1",
        "_id": 5921436930096113240
    },
    {
        "country_code": "UAE",
        "population_growth": "2.71",
        "infant_mortality": "10.92",
        "_id": 8631382993020152694
    },
    {
        "country_code": "USA",
        "population_growth": "0.77",
        "infant_mortality": "6.17",
        "_id": 2023661169603760769
    },
    {
        "country_code": "UZ",
        "population_growth": "0.93",
        "infant_mortality": "19.84",
        "_id": -6509785148906690136
    },
    {
        "country_code": "V",
        "_id": -5876046356000029771
    },
    {
        "country_code": "VIRG",
        "population_growth": "-0.56",
        "infant_mortality": "6.79",
        "_id": -2232830135864666494
    },
    {
        "country_code": "VN",
        "population_growth": "1",
        "infant_mortality": "18.99",
        "_id": 5821902507523935190
    },
    {
        "country_code": "VU",
        "population_growth": "2.01",
        "infant_mortality": "16.41",
        "_id": -6074784190598259949
    },
    {
        "country_code": "WAG",
        "population_growth": "2.23",
        "infant_mortality": "65.74",
        "_id": 1261060682400179602
    },
    {
        "country_code": "WB",
        "population_growth": "4.99",
        "infant_mortality": "28.6",
        "_id": 4681795979761211811
    },
    {
        "country_code": "WD",
        "population_growth": "0.22",
        "infant_mortality": "11.61",
        "_id": 3865116397366797648
    },
    {
        "country_code": "WF",
        "population_growth": "0.33",
        "infant_mortality": "4.49",
        "_id": -2416141872108644425
    },
    {
        "country_code": "WG",
        "population_growth": "0.5",
        "infant_mortality": "10.5",
        "_id": 2085487083282407539
    },
    {
        "country_code": "WL",
        "population_growth": "0.35",
        "infant_mortality": "11.75",
        "_id": 3608062072687465340
    },
    {
        "country_code": "WS",
        "population_growth": "0.59",
        "infant_mortality": "20.5",
        "_id": -2371603419082489938
    },
    {
        "country_code": "WSA",
        "population_growth": "2.46",
        "infant_mortality": "145.82",
        "_id": 3213896212143834787
    },
    {
        "country_code": "WV",
        "population_growth": "-0.29",
        "infant_mortality": "13.07",
        "_id": -2039192885313661029
    },
    {
        "country_code": "XMAS",
        "_id": -5600787977016914551
    },
    {
        "country_code": "YE",
        "population_growth": "2.72",
        "infant_mortality": "50.41",
        "_id": 7900409143232582941
    },
    {
        "country_code": "YV",
        "population_growth": "1.42",
        "infant_mortality": "19.33",
        "_id": 8218838943543987491
    },
    {
        "country_code": "Z",
        "population_growth": "2.88",
        "infant_mortality": "66.62",
        "_id": 8692852408266233558
    },
    {
        "country_code": "ZW",
        "population_growth": "4.36",
        "infant_mortality": "26.55",
        "_id": -8720926383481706092
    }
]