<?xml version = '1.0' encoding = 'UTF-8'?>
<Table class="oracle.dbtools.crest.model.design.relational.Table" directorySegmentName="seg_0" id="131C5299-7E9C-642E-475F-423CFFA3AE08" schemaObject="42B4711F-9896-BD1E-55F5-EAB2ACED0F80" name="IS_MEMBER">
<sourceConnName>csora</sourceConnName>
<sourceObjSchema>RCHADDHA</sourceObjSchema>
<sourceObjName>IS_MEMBER</sourceObjName>
<createdBy>risha</createdBy>
<createdTime>2021-12-03 03:28:36 UTC</createdTime>
<ownerDesignName>Project2SchemaDesign</ownerDesignName>
<allowColumnReorder>false</allowColumnReorder>
<existDependencyGenerateInDDl>true</existDependencyGenerateInDDl>
<parsed>true</parsed>
<columns itemClass="oracle.dbtools.crest.model.design.relational.Column">
<Column name="ORGANIZATION_ABBREVIATION" id="F71B0CBB-6ED3-3D21-0F22-9ACFFB8901E9">
<sourceConnName>csora</sourceConnName>
<sourceObjSchema>IS_MEMBER</sourceObjSchema>
<sourceObjName>ORGANIZATION_ABBREVIATION</sourceObjName>
<createdBy>risha</createdBy>
<createdTime>2021-12-03 03:28:37 UTC</createdTime>
<ownerDesignName>Project2SchemaDesign</ownerDesignName>
<useDomainConstraints>false</useDomainConstraints>
<use>1</use>
<logicalDatatype>LOGDT024</logicalDatatype>
<dataTypeSize>20 BYTE</dataTypeSize>
<ownDataTypeParameters>20 BYTE,,</ownDataTypeParameters>
<autoIncrementCycle>false</autoIncrementCycle>
<associations>
<colAssociation fkAssociation="DE2EC88C-D40F-236B-E91B-D1EE6CFBFC67" referredColumn="D3C3A65B-BB4C-D46A-734D-80C496A426BF"/>
</associations>
</Column>
<Column name="COUNTRY_CODE" id="70ED37C4-1E02-7B3B-9820-EBCB0AC6DEA6">
<sourceConnName>csora</sourceConnName>
<sourceObjSchema>IS_MEMBER</sourceObjSchema>
<sourceObjName>COUNTRY_CODE</sourceObjName>
<createdBy>risha</createdBy>
<createdTime>2021-12-03 03:28:37 UTC</createdTime>
<ownerDesignName>Project2SchemaDesign</ownerDesignName>
<useDomainConstraints>false</useDomainConstraints>
<use>1</use>
<logicalDatatype>LOGDT024</logicalDatatype>
<dataTypeSize>5 BYTE</dataTypeSize>
<ownDataTypeParameters>5 BYTE,,</ownDataTypeParameters>
<autoIncrementCycle>false</autoIncrementCycle>
<associations>
<colAssociation fkAssociation="343A770D-C4A4-BF54-8F12-FE663B3F6C1C" referredColumn="9D3BEE30-907A-DABE-BEC4-AB51BE7B7153"/>
</associations>
</Column>
<Column name="TYPE_OF_MEMBERSHIP" id="09C95D56-D623-C91C-4974-09AD91E0ACA7">
<sourceConnName>csora</sourceConnName>
<sourceObjSchema>IS_MEMBER</sourceObjSchema>
<sourceObjName>TYPE_OF_MEMBERSHIP</sourceObjName>
<createdBy>risha</createdBy>
<createdTime>2021-12-03 03:28:37 UTC</createdTime>
<ownerDesignName>Project2SchemaDesign</ownerDesignName>
<nullsAllowed>true</nullsAllowed>
<useDomainConstraints>false</useDomainConstraints>
<use>1</use>
<logicalDatatype>LOGDT024</logicalDatatype>
<dataTypeSize>255 BYTE</dataTypeSize>
<ownDataTypeParameters>255 BYTE,,</ownDataTypeParameters>
<autoIncrementCycle>false</autoIncrementCycle>
</Column>
</columns>
<indexes itemClass="oracle.dbtools.crest.model.design.relational.Index">
<ind_PK_UK id="B21EEBE9-0431-50E1-3367-5FF0C3947D0E" name="PK_IS_MEMBER">
<sourceConnName>csora</sourceConnName>
<sourceObjSchema>RCHADDHA</sourceObjSchema>
<sourceObjName>PK_IS_MEMBER</sourceObjName>
<createdBy>risha</createdBy>
<createdTime>2021-12-03 03:28:44 UTC</createdTime>
<ownerDesignName>Project2SchemaDesign</ownerDesignName>
<pk>true</pk>
<indexState>Primary Constraint</indexState>
<isSurrogateKey>false</isSurrogateKey>
<indexColumnUsage>
<colUsage columnID="F71B0CBB-6ED3-3D21-0F22-9ACFFB8901E9"/>
<colUsage columnID="70ED37C4-1E02-7B3B-9820-EBCB0AC6DEA6"/>
</indexColumnUsage>
</ind_PK_UK>
<ind_PK_UK id="83B1A216-54FC-AF87-DC91-0DD4A66EAD0E" schemaObject="42B4711F-9896-BD1E-55F5-EAB2ACED0F80" name="PK_IS_MEMBER">
<sourceConnName>csora</sourceConnName>
<sourceObjSchema>RCHADDHA</sourceObjSchema>
<sourceObjName>PK_IS_MEMBER</sourceObjName>
<createdBy>risha</createdBy>
<createdTime>2021-12-03 03:28:43 UTC</createdTime>
<ownerDesignName>Project2SchemaDesign</ownerDesignName>
<indexState>Unique Plain Index</indexState>
<isSurrogateKey>false</isSurrogateKey>
<indexColumnUsage>
<colUsage columnID="F71B0CBB-6ED3-3D21-0F22-9ACFFB8901E9"/>
<colUsage columnID="70ED37C4-1E02-7B3B-9820-EBCB0AC6DEA6"/>
</indexColumnUsage>
</ind_PK_UK>
<ind_PK_UK id="FAC96A13-1386-6014-F18C-FE3DAD4ADE8E" name="FK_IS_MEMBER_COUNTRY">
<createdBy>risha</createdBy>
<createdTime>2021-12-03 03:28:46 UTC</createdTime>
<ownerDesignName>Project2SchemaDesign</ownerDesignName>
<indexState>Foreign Key</indexState>
<isSurrogateKey>false</isSurrogateKey>
<indexColumnUsage>
<colUsage columnID="70ED37C4-1E02-7B3B-9820-EBCB0AC6DEA6"/>
</indexColumnUsage>
</ind_PK_UK>
<ind_PK_UK id="68FF561B-2BE2-66A0-792C-67C7D05811E4" name="FK_IS_MEMBER_ORGANIZATION">
<createdBy>risha</createdBy>
<createdTime>2021-12-03 03:28:46 UTC</createdTime>
<ownerDesignName>Project2SchemaDesign</ownerDesignName>
<indexState>Foreign Key</indexState>
<isSurrogateKey>false</isSurrogateKey>
<indexColumnUsage>
<colUsage columnID="F71B0CBB-6ED3-3D21-0F22-9ACFFB8901E9"/>
</indexColumnUsage>
</ind_PK_UK>
</indexes>
</Table>