<?xml version = '1.0' encoding = 'UTF-8'?>
<Table class="oracle.dbtools.crest.model.design.relational.Table" directorySegmentName="seg_0" id="17E6FD3B-3336-5209-60DE-D5446201DEF5" schemaObject="42B4711F-9896-BD1E-55F5-EAB2ACED0F80" name="PROVINCE_CAPITAL">
<sourceConnName>csora</sourceConnName>
<sourceObjSchema>RCHADDHA</sourceObjSchema>
<sourceObjName>PROVINCE_CAPITAL</sourceObjName>
<createdBy>risha</createdBy>
<createdTime>2021-12-03 03:28:36 UTC</createdTime>
<ownerDesignName>Project2SchemaDesign</ownerDesignName>
<allowColumnReorder>false</allowColumnReorder>
<existDependencyGenerateInDDl>true</existDependencyGenerateInDDl>
<parsed>true</parsed>
<columns itemClass="oracle.dbtools.crest.model.design.relational.Column">
<Column name="PROVINCE_NAME" id="938B6C9D-C9AB-6E23-1CD0-96945DBA6B8C">
<sourceConnName>csora</sourceConnName>
<sourceObjSchema>PROVINCE_CAPITAL</sourceObjSchema>
<sourceObjName>PROVINCE_NAME</sourceObjName>
<createdBy>risha</createdBy>
<createdTime>2021-12-03 03:28:37 UTC</createdTime>
<ownerDesignName>Project2SchemaDesign</ownerDesignName>
<useDomainConstraints>false</useDomainConstraints>
<use>1</use>
<logicalDatatype>LOGDT024</logicalDatatype>
<dataTypeSize>255 BYTE</dataTypeSize>
<ownDataTypeParameters>255 BYTE,,</ownDataTypeParameters>
<autoIncrementCycle>false</autoIncrementCycle>
<associations>
<colAssociation fkAssociation="7AFA1879-1F30-07E7-4407-FB548E9CBC2A" referredColumn="B53624EA-8D22-00FC-C5BA-F941200663D3"/>
<colAssociation fkAssociation="337D795E-6A8E-3EA8-749C-ECF3EA926D65" referredColumn="92AF547C-1E4C-5AED-5426-DC68D8D25F80"/>
</associations>
</Column>
<Column name="COUNTRY_CODE" id="D63EFA43-2FD6-AD8C-E9BC-696336123E7D">
<sourceConnName>csora</sourceConnName>
<sourceObjSchema>PROVINCE_CAPITAL</sourceObjSchema>
<sourceObjName>COUNTRY_CODE</sourceObjName>
<createdBy>risha</createdBy>
<createdTime>2021-12-03 03:28:37 UTC</createdTime>
<ownerDesignName>Project2SchemaDesign</ownerDesignName>
<useDomainConstraints>false</useDomainConstraints>
<use>1</use>
<logicalDatatype>LOGDT024</logicalDatatype>
<dataTypeSize>5 BYTE</dataTypeSize>
<ownDataTypeParameters>5 BYTE,,</ownDataTypeParameters>
<autoIncrementCycle>false</autoIncrementCycle>
<associations>
<colAssociation fkAssociation="5B6E5966-F7FF-6F51-E845-F8BCA06E5255" referredColumn="0D175EE0-A2A2-52BB-E719-954B91147BE5"/>
<colAssociation fkAssociation="7AFA1879-1F30-07E7-4407-FB548E9CBC2A" referredColumn="500399C4-EF12-C5AE-3D2C-B04248F5B8BE"/>
<colAssociation fkAssociation="337D795E-6A8E-3EA8-749C-ECF3EA926D65" referredColumn="0D175EE0-A2A2-52BB-E719-954B91147BE5"/>
</associations>
</Column>
<Column name="CAPITAL" id="002635B0-7A57-B12D-0419-A92338AC0E62">
<sourceConnName>csora</sourceConnName>
<sourceObjSchema>PROVINCE_CAPITAL</sourceObjSchema>
<sourceObjName>CAPITAL</sourceObjName>
<createdBy>risha</createdBy>
<createdTime>2021-12-03 03:28:37 UTC</createdTime>
<ownerDesignName>Project2SchemaDesign</ownerDesignName>
<nullsAllowed>true</nullsAllowed>
<useDomainConstraints>false</useDomainConstraints>
<use>1</use>
<logicalDatatype>LOGDT024</logicalDatatype>
<dataTypeSize>255 BYTE</dataTypeSize>
<ownDataTypeParameters>255 BYTE,,</ownDataTypeParameters>
<autoIncrementCycle>false</autoIncrementCycle>
<associations>
<colAssociation fkAssociation="7AFA1879-1F30-07E7-4407-FB548E9CBC2A" referredColumn="DC8A1796-3D3C-9621-537C-00EC0B5BBD53"/>
</associations>
</Column>
<Column name="CAPPROV" id="515FE348-575F-1F50-BD18-F778D8DF106A">
<sourceConnName>csora</sourceConnName>
<sourceObjSchema>PROVINCE_CAPITAL</sourceObjSchema>
<sourceObjName>CAPPROV</sourceObjName>
<createdBy>risha</createdBy>
<createdTime>2021-12-03 03:28:37 UTC</createdTime>
<ownerDesignName>Project2SchemaDesign</ownerDesignName>
<nullsAllowed>true</nullsAllowed>
<useDomainConstraints>false</useDomainConstraints>
<use>1</use>
<logicalDatatype>LOGDT024</logicalDatatype>
<dataTypeSize>255 BYTE</dataTypeSize>
<ownDataTypeParameters>255 BYTE,,</ownDataTypeParameters>
<autoIncrementCycle>false</autoIncrementCycle>
<associations>
<colAssociation fkAssociation="5B6E5966-F7FF-6F51-E845-F8BCA06E5255" referredColumn="92AF547C-1E4C-5AED-5426-DC68D8D25F80"/>
</associations>
</Column>
</columns>
<indexes itemClass="oracle.dbtools.crest.model.design.relational.Index">
<ind_PK_UK id="9E57F6A7-BF73-A62E-BA20-C5CD796EE33A" name="PK_PROVINCE_CAPITAL">
<sourceConnName>csora</sourceConnName>
<sourceObjSchema>RCHADDHA</sourceObjSchema>
<sourceObjName>PK_PROVINCE_CAPITAL</sourceObjName>
<createdBy>risha</createdBy>
<createdTime>2021-12-03 03:28:44 UTC</createdTime>
<ownerDesignName>Project2SchemaDesign</ownerDesignName>
<pk>true</pk>
<indexState>Primary Constraint</indexState>
<isSurrogateKey>false</isSurrogateKey>
<indexColumnUsage>
<colUsage columnID="938B6C9D-C9AB-6E23-1CD0-96945DBA6B8C"/>
<colUsage columnID="D63EFA43-2FD6-AD8C-E9BC-696336123E7D"/>
</indexColumnUsage>
</ind_PK_UK>
<ind_PK_UK id="A2B83EE2-55F2-884F-F600-5A6BE38EF896" schemaObject="42B4711F-9896-BD1E-55F5-EAB2ACED0F80" name="PK_PROVINCE_CAPITAL">
<sourceConnName>csora</sourceConnName>
<sourceObjSchema>RCHADDHA</sourceObjSchema>
<sourceObjName>PK_PROVINCE_CAPITAL</sourceObjName>
<createdBy>risha</createdBy>
<createdTime>2021-12-03 03:28:44 UTC</createdTime>
<ownerDesignName>Project2SchemaDesign</ownerDesignName>
<indexState>Unique Plain Index</indexState>
<isSurrogateKey>false</isSurrogateKey>
<indexColumnUsage>
<colUsage columnID="938B6C9D-C9AB-6E23-1CD0-96945DBA6B8C"/>
<colUsage columnID="D63EFA43-2FD6-AD8C-E9BC-696336123E7D"/>
</indexColumnUsage>
</ind_PK_UK>
<ind_PK_UK id="99C6B0E1-EA93-9BF8-949C-C85BBDD1837F" name="FK_PROVINCE_CAPITAL_CAPPROV_PROVINCE">
<createdBy>risha</createdBy>
<createdTime>2021-12-03 03:28:46 UTC</createdTime>
<ownerDesignName>Project2SchemaDesign</ownerDesignName>
<indexState>Foreign Key</indexState>
<isSurrogateKey>false</isSurrogateKey>
<indexColumnUsage>
<colUsage columnID="515FE348-575F-1F50-BD18-F778D8DF106A"/>
<colUsage columnID="D63EFA43-2FD6-AD8C-E9BC-696336123E7D"/>
</indexColumnUsage>
</ind_PK_UK>
<ind_PK_UK id="C8C94025-DB2F-D7AC-DE3C-1C699261D5D6" name="FK_PROVINCE_CAPITAL_CITY">
<createdBy>risha</createdBy>
<createdTime>2021-12-03 03:28:46 UTC</createdTime>
<ownerDesignName>Project2SchemaDesign</ownerDesignName>
<indexState>Foreign Key</indexState>
<isSurrogateKey>false</isSurrogateKey>
<indexColumnUsage>
<colUsage columnID="002635B0-7A57-B12D-0419-A92338AC0E62"/>
<colUsage columnID="938B6C9D-C9AB-6E23-1CD0-96945DBA6B8C"/>
<colUsage columnID="D63EFA43-2FD6-AD8C-E9BC-696336123E7D"/>
</indexColumnUsage>
</ind_PK_UK>
<ind_PK_UK id="D0526D2F-CE30-D056-1728-EA1FBAED4FB0" name="FK_PROVINCE_CAPITAL_PROVINCE">
<createdBy>risha</createdBy>
<createdTime>2021-12-03 03:28:46 UTC</createdTime>
<ownerDesignName>Project2SchemaDesign</ownerDesignName>
<indexState>Foreign Key</indexState>
<isSurrogateKey>false</isSurrogateKey>
<indexColumnUsage>
<colUsage columnID="938B6C9D-C9AB-6E23-1CD0-96945DBA6B8C"/>
<colUsage columnID="D63EFA43-2FD6-AD8C-E9BC-696336123E7D"/>
</indexColumnUsage>
</ind_PK_UK>
</indexes>
</Table>