<?xml version = '1.0' encoding = 'UTF-8'?>
<Table class="oracle.dbtools.crest.model.design.relational.Table" directorySegmentName="seg_0" id="1C508DE6-BA58-A790-FCC5-91E0E4BB9DDD" schemaObject="42B4711F-9896-BD1E-55F5-EAB2ACED0F80" name="COUNTRY_POPULATIONS">
<sourceConnName>csora</sourceConnName>
<sourceObjSchema>RCHADDHA</sourceObjSchema>
<sourceObjName>COUNTRY_POPULATIONS</sourceObjName>
<createdBy>risha</createdBy>
<createdTime>2021-12-03 03:28:36 UTC</createdTime>
<ownerDesignName>Project2SchemaDesign</ownerDesignName>
<allowColumnReorder>false</allowColumnReorder>
<existDependencyGenerateInDDl>true</existDependencyGenerateInDDl>
<parsed>true</parsed>
<columns itemClass="oracle.dbtools.crest.model.design.relational.Column">
<Column name="COUNTRY_CODE" id="2D2D7DDC-F3EC-0B61-6912-A9F79A516C10">
<sourceConnName>csora</sourceConnName>
<sourceObjSchema>COUNTRY_POPULATIONS</sourceObjSchema>
<sourceObjName>COUNTRY_CODE</sourceObjName>
<createdBy>risha</createdBy>
<createdTime>2021-12-03 03:28:37 UTC</createdTime>
<ownerDesignName>Project2SchemaDesign</ownerDesignName>
<useDomainConstraints>false</useDomainConstraints>
<use>1</use>
<logicalDatatype>LOGDT024</logicalDatatype>
<dataTypeSize>5 BYTE</dataTypeSize>
<ownDataTypeParameters>5 BYTE,,</ownDataTypeParameters>
<autoIncrementCycle>false</autoIncrementCycle>
<associations>
<colAssociation fkAssociation="2C8368C1-3E37-96AA-3DE9-8CAEAB041776" referredColumn="9D3BEE30-907A-DABE-BEC4-AB51BE7B7153"/>
</associations>
</Column>
<Column name="POPULATION" id="33B15565-046C-EB41-B73D-9FB3E8F87434">
<sourceConnName>csora</sourceConnName>
<sourceObjSchema>COUNTRY_POPULATIONS</sourceObjSchema>
<sourceObjName>POPULATION</sourceObjName>
<createdBy>risha</createdBy>
<createdTime>2021-12-03 03:28:37 UTC</createdTime>
<ownerDesignName>Project2SchemaDesign</ownerDesignName>
<constraintName>CHECK_COUNTRY_POPULATIONS</constraintName>
<nullsAllowed>true</nullsAllowed>
<useDomainConstraints>false</useDomainConstraints>
<use>1</use>
<logicalDatatype>LOGDT019</logicalDatatype>
<dataTypePrecision>11</dataTypePrecision>
<dataTypeScale>0</dataTypeScale>
<checkConstraint>
<implementationDef dbType="Generic Constraint" definition="population &gt; 0"/>
<implementationDef dbType="Oracle Database 12cR2" definition="population &gt; 0"/>
</checkConstraint>
<ownDataTypeParameters>,11,0</ownDataTypeParameters>
<autoIncrementCycle>false</autoIncrementCycle>
</Column>
<Column name="YEAR" id="A3F70F27-AFC3-F1A5-1B87-9B695F00B4A8">
<sourceConnName>csora</sourceConnName>
<sourceObjSchema>COUNTRY_POPULATIONS</sourceObjSchema>
<sourceObjName>YEAR</sourceObjName>
<createdBy>risha</createdBy>
<createdTime>2021-12-03 03:28:37 UTC</createdTime>
<ownerDesignName>Project2SchemaDesign</ownerDesignName>
<constraintName>CHECK_COUNTRY_POPULATIONS_YEAR</constraintName>
<useDomainConstraints>false</useDomainConstraints>
<use>1</use>
<logicalDatatype>LOGDT019</logicalDatatype>
<dataTypePrecision>5</dataTypePrecision>
<dataTypeScale>0</dataTypeScale>
<checkConstraint>
<implementationDef dbType="Generic Constraint" definition="year &gt; 0"/>
<implementationDef dbType="Oracle Database 12cR2" definition="year &gt; 0"/>
</checkConstraint>
<ownDataTypeParameters>,5,0</ownDataTypeParameters>
<autoIncrementCycle>false</autoIncrementCycle>
</Column>
</columns>
<indexes itemClass="oracle.dbtools.crest.model.design.relational.Index">
<ind_PK_UK id="F869C6DF-8580-354F-EFB0-2E9CB0BD381D" name="PK_COUNTRY_POPULATIONS">
<sourceConnName>csora</sourceConnName>
<sourceObjSchema>RCHADDHA</sourceObjSchema>
<sourceObjName>PK_COUNTRY_POPULATIONS</sourceObjName>
<createdBy>risha</createdBy>
<createdTime>2021-12-03 03:28:44 UTC</createdTime>
<ownerDesignName>Project2SchemaDesign</ownerDesignName>
<pk>true</pk>
<indexState>Primary Constraint</indexState>
<isSurrogateKey>false</isSurrogateKey>
<indexColumnUsage>
<colUsage columnID="2D2D7DDC-F3EC-0B61-6912-A9F79A516C10"/>
<colUsage columnID="A3F70F27-AFC3-F1A5-1B87-9B695F00B4A8"/>
</indexColumnUsage>
</ind_PK_UK>
<ind_PK_UK id="B7201C5F-FB3B-DFB9-796C-66DE6BD6A4C5" schemaObject="42B4711F-9896-BD1E-55F5-EAB2ACED0F80" name="PK_COUNTRY_POPULATIONS">
<sourceConnName>csora</sourceConnName>
<sourceObjSchema>RCHADDHA</sourceObjSchema>
<sourceObjName>PK_COUNTRY_POPULATIONS</sourceObjName>
<createdBy>risha</createdBy>
<createdTime>2021-12-03 03:28:43 UTC</createdTime>
<ownerDesignName>Project2SchemaDesign</ownerDesignName>
<indexState>Unique Plain Index</indexState>
<isSurrogateKey>false</isSurrogateKey>
<indexColumnUsage>
<colUsage columnID="2D2D7DDC-F3EC-0B61-6912-A9F79A516C10"/>
<colUsage columnID="A3F70F27-AFC3-F1A5-1B87-9B695F00B4A8"/>
</indexColumnUsage>
</ind_PK_UK>
<ind_PK_UK id="FB15C9B5-529C-47D9-D093-9089C1F38A83" name="FK_COUNTRY_POPULATIONS_COUNTRY">
<createdBy>risha</createdBy>
<createdTime>2021-12-03 03:28:46 UTC</createdTime>
<ownerDesignName>Project2SchemaDesign</ownerDesignName>
<indexState>Foreign Key</indexState>
<isSurrogateKey>false</isSurrogateKey>
<indexColumnUsage>
<colUsage columnID="2D2D7DDC-F3EC-0B61-6912-A9F79A516C10"/>
</indexColumnUsage>
</ind_PK_UK>
</indexes>
</Table>