<?xml version = '1.0' encoding = 'UTF-8'?>
<Table class="oracle.dbtools.crest.model.design.relational.Table" directorySegmentName="seg_0" id="2BE7E9A9-2E07-F95A-7CBD-A95C1A1342F2" schemaObject="42B4711F-9896-BD1E-55F5-EAB2ACED0F80" name="PROVINCE_LOCAL_NAME">
<sourceConnName>csora</sourceConnName>
<sourceObjSchema>RCHADDHA</sourceObjSchema>
<sourceObjName>PROVINCE_LOCAL_NAME</sourceObjName>
<createdBy>risha</createdBy>
<createdTime>2021-12-03 03:28:36 UTC</createdTime>
<ownerDesignName>Project2SchemaDesign</ownerDesignName>
<allowColumnReorder>false</allowColumnReorder>
<existDependencyGenerateInDDl>true</existDependencyGenerateInDDl>
<parsed>true</parsed>
<columns itemClass="oracle.dbtools.crest.model.design.relational.Column">
<Column name="PROVINCE_NAME" id="515177BC-E8D6-0018-5B90-08E701F1ED02">
<sourceConnName>csora</sourceConnName>
<sourceObjSchema>PROVINCE_LOCAL_NAME</sourceObjSchema>
<sourceObjName>PROVINCE_NAME</sourceObjName>
<createdBy>risha</createdBy>
<createdTime>2021-12-03 03:28:37 UTC</createdTime>
<ownerDesignName>Project2SchemaDesign</ownerDesignName>
<useDomainConstraints>false</useDomainConstraints>
<use>1</use>
<logicalDatatype>LOGDT024</logicalDatatype>
<dataTypeSize>255 BYTE</dataTypeSize>
<ownDataTypeParameters>255 BYTE,,</ownDataTypeParameters>
<autoIncrementCycle>false</autoIncrementCycle>
<associations>
<colAssociation fkAssociation="1080B35A-7BA6-2D72-ED6F-3C75E0A315D5" referredColumn="92AF547C-1E4C-5AED-5426-DC68D8D25F80"/>
</associations>
</Column>
<Column name="COUNTRY_CODE" id="6F622F87-65EB-9F32-68FF-1FDA02C47BC7">
<sourceConnName>csora</sourceConnName>
<sourceObjSchema>PROVINCE_LOCAL_NAME</sourceObjSchema>
<sourceObjName>COUNTRY_CODE</sourceObjName>
<createdBy>risha</createdBy>
<createdTime>2021-12-03 03:28:37 UTC</createdTime>
<ownerDesignName>Project2SchemaDesign</ownerDesignName>
<useDomainConstraints>false</useDomainConstraints>
<use>1</use>
<logicalDatatype>LOGDT024</logicalDatatype>
<dataTypeSize>5 BYTE</dataTypeSize>
<ownDataTypeParameters>5 BYTE,,</ownDataTypeParameters>
<autoIncrementCycle>false</autoIncrementCycle>
<associations>
<colAssociation fkAssociation="1080B35A-7BA6-2D72-ED6F-3C75E0A315D5" referredColumn="0D175EE0-A2A2-52BB-E719-954B91147BE5"/>
</associations>
</Column>
<Column name="PROVINCE_LOCAL_NAME" id="A2768AD9-EF44-8B41-81E2-506D79F8F5E4">
<sourceConnName>csora</sourceConnName>
<sourceObjSchema>PROVINCE_LOCAL_NAME</sourceObjSchema>
<sourceObjName>PROVINCE_LOCAL_NAME</sourceObjName>
<createdBy>risha</createdBy>
<createdTime>2021-12-03 03:28:37 UTC</createdTime>
<ownerDesignName>Project2SchemaDesign</ownerDesignName>
<nullsAllowed>true</nullsAllowed>
<useDomainConstraints>false</useDomainConstraints>
<use>1</use>
<logicalDatatype>LOGDT024</logicalDatatype>
<dataTypeSize>255 BYTE</dataTypeSize>
<ownDataTypeParameters>255 BYTE,,</ownDataTypeParameters>
<autoIncrementCycle>false</autoIncrementCycle>
</Column>
</columns>
<indexes itemClass="oracle.dbtools.crest.model.design.relational.Index">
<ind_PK_UK id="3F555FAD-67AB-5B59-E41E-7C2BCF137CB3" name="PK_PROVINCE_LOCAL_NAME">
<sourceConnName>csora</sourceConnName>
<sourceObjSchema>RCHADDHA</sourceObjSchema>
<sourceObjName>PK_PROVINCE_LOCAL_NAME</sourceObjName>
<createdBy>risha</createdBy>
<createdTime>2021-12-03 03:28:44 UTC</createdTime>
<ownerDesignName>Project2SchemaDesign</ownerDesignName>
<pk>true</pk>
<indexState>Primary Constraint</indexState>
<isSurrogateKey>false</isSurrogateKey>
<indexColumnUsage>
<colUsage columnID="515177BC-E8D6-0018-5B90-08E701F1ED02"/>
<colUsage columnID="6F622F87-65EB-9F32-68FF-1FDA02C47BC7"/>
</indexColumnUsage>
</ind_PK_UK>
<ind_PK_UK id="71FFD507-194A-6E9A-6BC8-4B784B439419" schemaObject="42B4711F-9896-BD1E-55F5-EAB2ACED0F80" name="PK_PROVINCE_LOCAL_NAME">
<sourceConnName>csora</sourceConnName>
<sourceObjSchema>RCHADDHA</sourceObjSchema>
<sourceObjName>PK_PROVINCE_LOCAL_NAME</sourceObjName>
<createdBy>risha</createdBy>
<createdTime>2021-12-03 03:28:44 UTC</createdTime>
<ownerDesignName>Project2SchemaDesign</ownerDesignName>
<indexState>Unique Plain Index</indexState>
<isSurrogateKey>false</isSurrogateKey>
<indexColumnUsage>
<colUsage columnID="515177BC-E8D6-0018-5B90-08E701F1ED02"/>
<colUsage columnID="6F622F87-65EB-9F32-68FF-1FDA02C47BC7"/>
</indexColumnUsage>
</ind_PK_UK>
<ind_PK_UK id="F6008BFC-31B5-C721-DA07-87857C01F67C" name="FK_PROVINCE_LOCAL_NAME_PROVINCE">
<createdBy>risha</createdBy>
<createdTime>2021-12-03 03:28:46 UTC</createdTime>
<ownerDesignName>Project2SchemaDesign</ownerDesignName>
<indexState>Foreign Key</indexState>
<isSurrogateKey>false</isSurrogateKey>
<indexColumnUsage>
<colUsage columnID="515177BC-E8D6-0018-5B90-08E701F1ED02"/>
<colUsage columnID="6F622F87-65EB-9F32-68FF-1FDA02C47BC7"/>
</indexColumnUsage>
</ind_PK_UK>
</indexes>
</Table>