<?xml version = '1.0' encoding = 'UTF-8'?>
<Table class="oracle.dbtools.crest.model.design.relational.Table" directorySegmentName="seg_0" id="2FC9F962-3A01-410B-7AE6-9B2F8575A549" schemaObject="42B4711F-9896-BD1E-55F5-EAB2ACED0F80" name="PROVINCE">
<sourceConnName>csora</sourceConnName>
<sourceObjSchema>RCHADDHA</sourceObjSchema>
<sourceObjName>PROVINCE</sourceObjName>
<createdBy>risha</createdBy>
<createdTime>2021-12-03 03:28:36 UTC</createdTime>
<ownerDesignName>Project2SchemaDesign</ownerDesignName>
<allowColumnReorder>false</allowColumnReorder>
<existDependencyGenerateInDDl>true</existDependencyGenerateInDDl>
<parsed>true</parsed>
<columns itemClass="oracle.dbtools.crest.model.design.relational.Column">
<Column name="NAME" id="92AF547C-1E4C-5AED-5426-DC68D8D25F80">
<sourceConnName>csora</sourceConnName>
<sourceObjSchema>PROVINCE</sourceObjSchema>
<sourceObjName>NAME</sourceObjName>
<createdBy>risha</createdBy>
<createdTime>2021-12-03 03:28:37 UTC</createdTime>
<ownerDesignName>Project2SchemaDesign</ownerDesignName>
<useDomainConstraints>false</useDomainConstraints>
<use>1</use>
<logicalDatatype>LOGDT024</logicalDatatype>
<dataTypeSize>255 BYTE</dataTypeSize>
<ownDataTypeParameters>255 BYTE,,</ownDataTypeParameters>
<autoIncrementCycle>false</autoIncrementCycle>
</Column>
<Column name="COUNTRY_CODE" id="0D175EE0-A2A2-52BB-E719-954B91147BE5">
<sourceConnName>csora</sourceConnName>
<sourceObjSchema>PROVINCE</sourceObjSchema>
<sourceObjName>COUNTRY_CODE</sourceObjName>
<createdBy>risha</createdBy>
<createdTime>2021-12-03 03:28:37 UTC</createdTime>
<ownerDesignName>Project2SchemaDesign</ownerDesignName>
<useDomainConstraints>false</useDomainConstraints>
<use>1</use>
<logicalDatatype>LOGDT024</logicalDatatype>
<dataTypeSize>5 BYTE</dataTypeSize>
<ownDataTypeParameters>5 BYTE,,</ownDataTypeParameters>
<autoIncrementCycle>false</autoIncrementCycle>
<associations>
<colAssociation fkAssociation="292DBA28-61C2-9226-6BE5-A8077E6890C9" referredColumn="9D3BEE30-907A-DABE-BEC4-AB51BE7B7153"/>
</associations>
</Column>
<Column name="AREA" id="FE32081E-B082-4D2A-2D77-29A76490AA13">
<sourceConnName>csora</sourceConnName>
<sourceObjSchema>PROVINCE</sourceObjSchema>
<sourceObjName>AREA</sourceObjName>
<createdBy>risha</createdBy>
<createdTime>2021-12-03 03:28:37 UTC</createdTime>
<ownerDesignName>Project2SchemaDesign</ownerDesignName>
<constraintName>CHECK_PROVINCE</constraintName>
<nullsAllowed>true</nullsAllowed>
<useDomainConstraints>false</useDomainConstraints>
<use>1</use>
<logicalDatatype>LOGDT019</logicalDatatype>
<checkConstraint>
<implementationDef dbType="Generic Constraint" definition="area&gt;0"/>
<implementationDef dbType="Oracle Database 12cR2" definition="area&gt;0"/>
</checkConstraint>
<ownDataTypeParameters>,,</ownDataTypeParameters>
<autoIncrementCycle>false</autoIncrementCycle>
</Column>
</columns>
<indexes itemClass="oracle.dbtools.crest.model.design.relational.Index">
<ind_PK_UK id="2973BE1A-F6A6-E0C6-C66A-3266B22FF7D8" name="PK_PROVINCE">
<sourceConnName>csora</sourceConnName>
<sourceObjSchema>RCHADDHA</sourceObjSchema>
<sourceObjName>PK_PROVINCE</sourceObjName>
<createdBy>risha</createdBy>
<createdTime>2021-12-03 03:28:44 UTC</createdTime>
<ownerDesignName>Project2SchemaDesign</ownerDesignName>
<pk>true</pk>
<indexState>Primary Constraint</indexState>
<isSurrogateKey>false</isSurrogateKey>
<indexColumnUsage>
<colUsage columnID="92AF547C-1E4C-5AED-5426-DC68D8D25F80"/>
<colUsage columnID="0D175EE0-A2A2-52BB-E719-954B91147BE5"/>
</indexColumnUsage>
</ind_PK_UK>
<ind_PK_UK id="E6A06FA0-7069-6EF5-1D50-FFADE40FF5FF" schemaObject="42B4711F-9896-BD1E-55F5-EAB2ACED0F80" name="PK_PROVINCE">
<sourceConnName>csora</sourceConnName>
<sourceObjSchema>RCHADDHA</sourceObjSchema>
<sourceObjName>PK_PROVINCE</sourceObjName>
<createdBy>risha</createdBy>
<createdTime>2021-12-03 03:28:43 UTC</createdTime>
<ownerDesignName>Project2SchemaDesign</ownerDesignName>
<indexState>Unique Plain Index</indexState>
<isSurrogateKey>false</isSurrogateKey>
<indexColumnUsage>
<colUsage columnID="92AF547C-1E4C-5AED-5426-DC68D8D25F80"/>
<colUsage columnID="0D175EE0-A2A2-52BB-E719-954B91147BE5"/>
</indexColumnUsage>
</ind_PK_UK>
<ind_PK_UK id="3D0C7B91-1A6E-C53E-CA39-29372F60CB96" name="FK_PROVINCE_COUNTRY">
<createdBy>risha</createdBy>
<createdTime>2021-12-03 03:28:46 UTC</createdTime>
<ownerDesignName>Project2SchemaDesign</ownerDesignName>
<indexState>Foreign Key</indexState>
<isSurrogateKey>false</isSurrogateKey>
<indexColumnUsage>
<colUsage columnID="0D175EE0-A2A2-52BB-E719-954B91147BE5"/>
</indexColumnUsage>
</ind_PK_UK>
</indexes>
</Table>