<?xml version = '1.0' encoding = 'UTF-8'?>
<Table class="oracle.dbtools.crest.model.design.relational.Table" directorySegmentName="seg_0" id="3004AE91-47AF-7757-BFBB-EB5F9DE3D257" schemaObject="42B4711F-9896-BD1E-55F5-EAB2ACED0F80" name="CITY_POPULATIONS">
<sourceConnName>csora</sourceConnName>
<sourceObjSchema>RCHADDHA</sourceObjSchema>
<sourceObjName>CITY_POPULATIONS</sourceObjName>
<createdBy>risha</createdBy>
<createdTime>2021-12-03 03:28:36 UTC</createdTime>
<ownerDesignName>Project2SchemaDesign</ownerDesignName>
<allowColumnReorder>false</allowColumnReorder>
<existDependencyGenerateInDDl>true</existDependencyGenerateInDDl>
<parsed>true</parsed>
<columns itemClass="oracle.dbtools.crest.model.design.relational.Column">
<Column name="CITY_NAME" id="19A4D0D7-5FEA-90C8-A0DE-97C28941E454">
<sourceConnName>csora</sourceConnName>
<sourceObjSchema>CITY_POPULATIONS</sourceObjSchema>
<sourceObjName>CITY_NAME</sourceObjName>
<createdBy>risha</createdBy>
<createdTime>2021-12-03 03:28:37 UTC</createdTime>
<ownerDesignName>Project2SchemaDesign</ownerDesignName>
<useDomainConstraints>false</useDomainConstraints>
<use>1</use>
<logicalDatatype>LOGDT024</logicalDatatype>
<dataTypeSize>255 BYTE</dataTypeSize>
<ownDataTypeParameters>255 BYTE,,</ownDataTypeParameters>
<autoIncrementCycle>false</autoIncrementCycle>
<associations>
<colAssociation fkAssociation="B71DDD5B-7F0C-7940-1464-32CFF464A2AE" referredColumn="DC8A1796-3D3C-9621-537C-00EC0B5BBD53"/>
</associations>
</Column>
<Column name="PROVINCE_NAME" id="BC497A8C-C62C-44A5-907A-410AB085999F">
<sourceConnName>csora</sourceConnName>
<sourceObjSchema>CITY_POPULATIONS</sourceObjSchema>
<sourceObjName>PROVINCE_NAME</sourceObjName>
<createdBy>risha</createdBy>
<createdTime>2021-12-03 03:28:37 UTC</createdTime>
<ownerDesignName>Project2SchemaDesign</ownerDesignName>
<useDomainConstraints>false</useDomainConstraints>
<use>1</use>
<logicalDatatype>LOGDT024</logicalDatatype>
<dataTypeSize>255 BYTE</dataTypeSize>
<ownDataTypeParameters>255 BYTE,,</ownDataTypeParameters>
<autoIncrementCycle>false</autoIncrementCycle>
<associations>
<colAssociation fkAssociation="B71DDD5B-7F0C-7940-1464-32CFF464A2AE" referredColumn="B53624EA-8D22-00FC-C5BA-F941200663D3"/>
</associations>
</Column>
<Column name="COUNTRY_CODE" id="5C181413-1B2E-63F9-AABE-4718E2BDFB8F">
<sourceConnName>csora</sourceConnName>
<sourceObjSchema>CITY_POPULATIONS</sourceObjSchema>
<sourceObjName>COUNTRY_CODE</sourceObjName>
<createdBy>risha</createdBy>
<createdTime>2021-12-03 03:28:37 UTC</createdTime>
<ownerDesignName>Project2SchemaDesign</ownerDesignName>
<useDomainConstraints>false</useDomainConstraints>
<use>1</use>
<logicalDatatype>LOGDT024</logicalDatatype>
<dataTypeSize>5 BYTE</dataTypeSize>
<ownDataTypeParameters>5 BYTE,,</ownDataTypeParameters>
<autoIncrementCycle>false</autoIncrementCycle>
<associations>
<colAssociation fkAssociation="B71DDD5B-7F0C-7940-1464-32CFF464A2AE" referredColumn="500399C4-EF12-C5AE-3D2C-B04248F5B8BE"/>
</associations>
</Column>
<Column name="POPULATION" id="AB94E507-CD34-245B-7C1B-673FCE30E0BC">
<sourceConnName>csora</sourceConnName>
<sourceObjSchema>CITY_POPULATIONS</sourceObjSchema>
<sourceObjName>POPULATION</sourceObjName>
<createdBy>risha</createdBy>
<createdTime>2021-12-03 03:28:37 UTC</createdTime>
<ownerDesignName>Project2SchemaDesign</ownerDesignName>
<constraintName>CHECK_CITY_POPULATIONS_POPULATION</constraintName>
<nullsAllowed>true</nullsAllowed>
<useDomainConstraints>false</useDomainConstraints>
<use>1</use>
<logicalDatatype>LOGDT019</logicalDatatype>
<dataTypePrecision>11</dataTypePrecision>
<dataTypeScale>0</dataTypeScale>
<checkConstraint>
<implementationDef dbType="Generic Constraint" definition="population&gt;0"/>
<implementationDef dbType="Oracle Database 12cR2" definition="population&gt;0"/>
</checkConstraint>
<ownDataTypeParameters>,11,0</ownDataTypeParameters>
<autoIncrementCycle>false</autoIncrementCycle>
</Column>
<Column name="YEAR" id="ACB04A93-8EDA-D2C7-71BD-44A36C805E55">
<sourceConnName>csora</sourceConnName>
<sourceObjSchema>CITY_POPULATIONS</sourceObjSchema>
<sourceObjName>YEAR</sourceObjName>
<createdBy>risha</createdBy>
<createdTime>2021-12-03 03:28:37 UTC</createdTime>
<ownerDesignName>Project2SchemaDesign</ownerDesignName>
<constraintName>CHECK_CITY_POPULATIONS_YEAR</constraintName>
<useDomainConstraints>false</useDomainConstraints>
<use>1</use>
<logicalDatatype>LOGDT019</logicalDatatype>
<dataTypePrecision>4</dataTypePrecision>
<dataTypeScale>0</dataTypeScale>
<checkConstraint>
<implementationDef dbType="Generic Constraint" definition="year &gt;= 0"/>
<implementationDef dbType="Oracle Database 12cR2" definition="year &gt;= 0"/>
</checkConstraint>
<ownDataTypeParameters>,4,0</ownDataTypeParameters>
<autoIncrementCycle>false</autoIncrementCycle>
</Column>
</columns>
<indexes itemClass="oracle.dbtools.crest.model.design.relational.Index">
<ind_PK_UK id="6DCD1669-D093-AD00-753F-0B9E0E522AC6" name="PK_CITY_POPULATIONS">
<sourceConnName>csora</sourceConnName>
<sourceObjSchema>RCHADDHA</sourceObjSchema>
<sourceObjName>PK_CITY_POPULATIONS</sourceObjName>
<createdBy>risha</createdBy>
<createdTime>2021-12-03 03:28:44 UTC</createdTime>
<ownerDesignName>Project2SchemaDesign</ownerDesignName>
<pk>true</pk>
<indexState>Primary Constraint</indexState>
<isSurrogateKey>false</isSurrogateKey>
<indexColumnUsage>
<colUsage columnID="19A4D0D7-5FEA-90C8-A0DE-97C28941E454"/>
<colUsage columnID="BC497A8C-C62C-44A5-907A-410AB085999F"/>
<colUsage columnID="5C181413-1B2E-63F9-AABE-4718E2BDFB8F"/>
<colUsage columnID="ACB04A93-8EDA-D2C7-71BD-44A36C805E55"/>
</indexColumnUsage>
</ind_PK_UK>
<ind_PK_UK id="10E69107-A450-9A52-F0F7-2C5C6F05D749" schemaObject="42B4711F-9896-BD1E-55F5-EAB2ACED0F80" name="PK_CITY_POPULATIONS">
<sourceConnName>csora</sourceConnName>
<sourceObjSchema>RCHADDHA</sourceObjSchema>
<sourceObjName>PK_CITY_POPULATIONS</sourceObjName>
<createdBy>risha</createdBy>
<createdTime>2021-12-03 03:28:43 UTC</createdTime>
<ownerDesignName>Project2SchemaDesign</ownerDesignName>
<indexState>Unique Plain Index</indexState>
<isSurrogateKey>false</isSurrogateKey>
<indexColumnUsage>
<colUsage columnID="19A4D0D7-5FEA-90C8-A0DE-97C28941E454"/>
<colUsage columnID="BC497A8C-C62C-44A5-907A-410AB085999F"/>
<colUsage columnID="5C181413-1B2E-63F9-AABE-4718E2BDFB8F"/>
<colUsage columnID="ACB04A93-8EDA-D2C7-71BD-44A36C805E55"/>
</indexColumnUsage>
</ind_PK_UK>
<ind_PK_UK id="B65C3853-0394-C82C-51D4-ACE46F784E0A" name="FK_CITY_POPULATIONS_CITY">
<createdBy>risha</createdBy>
<createdTime>2021-12-03 03:28:46 UTC</createdTime>
<ownerDesignName>Project2SchemaDesign</ownerDesignName>
<indexState>Foreign Key</indexState>
<isSurrogateKey>false</isSurrogateKey>
<indexColumnUsage>
<colUsage columnID="19A4D0D7-5FEA-90C8-A0DE-97C28941E454"/>
<colUsage columnID="BC497A8C-C62C-44A5-907A-410AB085999F"/>
<colUsage columnID="5C181413-1B2E-63F9-AABE-4718E2BDFB8F"/>
</indexColumnUsage>
</ind_PK_UK>
</indexes>
</Table>