<?xml version = '1.0' encoding = 'UTF-8'?>
<Table class="oracle.dbtools.crest.model.design.relational.Table" directorySegmentName="seg_0" id="40079685-E066-56DA-C3AA-7C9C709E4AE8" schemaObject="42B4711F-9896-BD1E-55F5-EAB2ACED0F80" name="COUNTRY_OTHER_LOCAL_NAME">
<sourceConnName>csora</sourceConnName>
<sourceObjSchema>RCHADDHA</sourceObjSchema>
<sourceObjName>COUNTRY_OTHER_LOCAL_NAME</sourceObjName>
<createdBy>risha</createdBy>
<createdTime>2021-12-03 03:28:36 UTC</createdTime>
<ownerDesignName>Project2SchemaDesign</ownerDesignName>
<allowColumnReorder>false</allowColumnReorder>
<existDependencyGenerateInDDl>true</existDependencyGenerateInDDl>
<parsed>true</parsed>
<columns itemClass="oracle.dbtools.crest.model.design.relational.Column">
<Column name="COUNTRY_CODE" id="ED29766E-4546-9C6D-EFDB-FC03D8C3B3C8">
<sourceConnName>csora</sourceConnName>
<sourceObjSchema>COUNTRY_OTHER_LOCAL_NAME</sourceObjSchema>
<sourceObjName>COUNTRY_CODE</sourceObjName>
<createdBy>risha</createdBy>
<createdTime>2021-12-03 03:28:37 UTC</createdTime>
<ownerDesignName>Project2SchemaDesign</ownerDesignName>
<useDomainConstraints>false</useDomainConstraints>
<use>1</use>
<logicalDatatype>LOGDT024</logicalDatatype>
<dataTypeSize>5 BYTE</dataTypeSize>
<ownDataTypeParameters>5 BYTE,,</ownDataTypeParameters>
<autoIncrementCycle>false</autoIncrementCycle>
<associations>
<colAssociation fkAssociation="6C0644F7-6B6A-FD29-6E6A-AFE6BAE83B37" referredColumn="9D3BEE30-907A-DABE-BEC4-AB51BE7B7153"/>
</associations>
</Column>
<Column name="COUNTRY_LOCAL_NAME" id="65D29E6F-4BDC-CDF2-272F-A24F3F539547">
<sourceConnName>csora</sourceConnName>
<sourceObjSchema>COUNTRY_OTHER_LOCAL_NAME</sourceObjSchema>
<sourceObjName>COUNTRY_LOCAL_NAME</sourceObjName>
<createdBy>risha</createdBy>
<createdTime>2021-12-03 03:28:37 UTC</createdTime>
<ownerDesignName>Project2SchemaDesign</ownerDesignName>
<nullsAllowed>true</nullsAllowed>
<useDomainConstraints>false</useDomainConstraints>
<use>1</use>
<logicalDatatype>LOGDT024</logicalDatatype>
<dataTypeSize>255 BYTE</dataTypeSize>
<ownDataTypeParameters>255 BYTE,,</ownDataTypeParameters>
<autoIncrementCycle>false</autoIncrementCycle>
</Column>
<Column name="COUNTRY_OTHER_NAME" id="7A975777-78BA-7BC8-8AF8-59302BFF3F01">
<sourceConnName>csora</sourceConnName>
<sourceObjSchema>COUNTRY_OTHER_LOCAL_NAME</sourceObjSchema>
<sourceObjName>COUNTRY_OTHER_NAME</sourceObjName>
<createdBy>risha</createdBy>
<createdTime>2021-12-03 03:28:37 UTC</createdTime>
<ownerDesignName>Project2SchemaDesign</ownerDesignName>
<nullsAllowed>true</nullsAllowed>
<useDomainConstraints>false</useDomainConstraints>
<use>1</use>
<logicalDatatype>LOGDT024</logicalDatatype>
<dataTypeSize>255 BYTE</dataTypeSize>
<ownDataTypeParameters>255 BYTE,,</ownDataTypeParameters>
<autoIncrementCycle>false</autoIncrementCycle>
</Column>
</columns>
<indexes itemClass="oracle.dbtools.crest.model.design.relational.Index">
<ind_PK_UK id="1AC5191F-F08D-037D-3E64-CCEB65460090" name="PK_COUNTRY_OTHER_LOCAL_NAME">
<sourceConnName>csora</sourceConnName>
<sourceObjSchema>RCHADDHA</sourceObjSchema>
<sourceObjName>PK_COUNTRY_OTHER_LOCAL_NAME</sourceObjName>
<createdBy>risha</createdBy>
<createdTime>2021-12-03 03:28:44 UTC</createdTime>
<ownerDesignName>Project2SchemaDesign</ownerDesignName>
<pk>true</pk>
<indexState>Primary Constraint</indexState>
<isSurrogateKey>false</isSurrogateKey>
<indexColumnUsage>
<colUsage columnID="ED29766E-4546-9C6D-EFDB-FC03D8C3B3C8"/>
</indexColumnUsage>
</ind_PK_UK>
<ind_PK_UK id="477022E2-8652-A25B-621B-9FE7A1C3FF66" schemaObject="42B4711F-9896-BD1E-55F5-EAB2ACED0F80" name="PK_COUNTRY_OTHER_LOCAL_NAME">
<sourceConnName>csora</sourceConnName>
<sourceObjSchema>RCHADDHA</sourceObjSchema>
<sourceObjName>PK_COUNTRY_OTHER_LOCAL_NAME</sourceObjName>
<createdBy>risha</createdBy>
<createdTime>2021-12-03 03:28:43 UTC</createdTime>
<ownerDesignName>Project2SchemaDesign</ownerDesignName>
<indexState>Unique Plain Index</indexState>
<isSurrogateKey>false</isSurrogateKey>
<indexColumnUsage>
<colUsage columnID="ED29766E-4546-9C6D-EFDB-FC03D8C3B3C8"/>
</indexColumnUsage>
</ind_PK_UK>
<ind_PK_UK id="62C2DB2F-9163-032E-1754-28459B40C8FB" name="FK_COUNTRY_OTHER_LOCAL_NAME_COUNTRY">
<createdBy>risha</createdBy>
<createdTime>2021-12-03 03:28:46 UTC</createdTime>
<ownerDesignName>Project2SchemaDesign</ownerDesignName>
<indexState>Foreign Key</indexState>
<isSurrogateKey>false</isSurrogateKey>
<indexColumnUsage>
<colUsage columnID="ED29766E-4546-9C6D-EFDB-FC03D8C3B3C8"/>
</indexColumnUsage>
</ind_PK_UK>
</indexes>
</Table>