<?xml version = '1.0' encoding = 'UTF-8'?>
<Table class="oracle.dbtools.crest.model.design.relational.Table" directorySegmentName="seg_0" id="442B458F-C5FD-BD23-2BC9-B4472F678186" schemaObject="42B4711F-9896-BD1E-55F5-EAB2ACED0F80" name="PROVINCE_OTHER_NAME">
<sourceConnName>csora</sourceConnName>
<sourceObjSchema>RCHADDHA</sourceObjSchema>
<sourceObjName>PROVINCE_OTHER_NAME</sourceObjName>
<createdBy>risha</createdBy>
<createdTime>2021-12-03 03:28:36 UTC</createdTime>
<ownerDesignName>Project2SchemaDesign</ownerDesignName>
<allowColumnReorder>false</allowColumnReorder>
<existDependencyGenerateInDDl>true</existDependencyGenerateInDDl>
<parsed>true</parsed>
<columns itemClass="oracle.dbtools.crest.model.design.relational.Column">
<Column name="PROVINCE_NAME" id="CEB4F7E3-708B-9A07-2976-092057F19C86">
<sourceConnName>csora</sourceConnName>
<sourceObjSchema>PROVINCE_OTHER_NAME</sourceObjSchema>
<sourceObjName>PROVINCE_NAME</sourceObjName>
<createdBy>risha</createdBy>
<createdTime>2021-12-03 03:28:37 UTC</createdTime>
<ownerDesignName>Project2SchemaDesign</ownerDesignName>
<useDomainConstraints>false</useDomainConstraints>
<use>1</use>
<logicalDatatype>LOGDT024</logicalDatatype>
<dataTypeSize>255 BYTE</dataTypeSize>
<ownDataTypeParameters>255 BYTE,,</ownDataTypeParameters>
<autoIncrementCycle>false</autoIncrementCycle>
<associations>
<colAssociation fkAssociation="CB78FB92-DC6B-74F3-67E3-2E0C57350AED" referredColumn="92AF547C-1E4C-5AED-5426-DC68D8D25F80"/>
</associations>
</Column>
<Column name="COUNTRY_CODE" id="0165ECFC-A4B6-3065-B045-AFAB3B9B0BE5">
<sourceConnName>csora</sourceConnName>
<sourceObjSchema>PROVINCE_OTHER_NAME</sourceObjSchema>
<sourceObjName>COUNTRY_CODE</sourceObjName>
<createdBy>risha</createdBy>
<createdTime>2021-12-03 03:28:37 UTC</createdTime>
<ownerDesignName>Project2SchemaDesign</ownerDesignName>
<useDomainConstraints>false</useDomainConstraints>
<use>1</use>
<logicalDatatype>LOGDT024</logicalDatatype>
<dataTypeSize>5 BYTE</dataTypeSize>
<ownDataTypeParameters>5 BYTE,,</ownDataTypeParameters>
<autoIncrementCycle>false</autoIncrementCycle>
<associations>
<colAssociation fkAssociation="CB78FB92-DC6B-74F3-67E3-2E0C57350AED" referredColumn="0D175EE0-A2A2-52BB-E719-954B91147BE5"/>
</associations>
</Column>
<Column name="PROVINCE_OTHER_NAME" id="D7B71C51-D4DA-FD7C-C546-E43455AF83D5">
<sourceConnName>csora</sourceConnName>
<sourceObjSchema>PROVINCE_OTHER_NAME</sourceObjSchema>
<sourceObjName>PROVINCE_OTHER_NAME</sourceObjName>
<createdBy>risha</createdBy>
<createdTime>2021-12-03 03:28:37 UTC</createdTime>
<ownerDesignName>Project2SchemaDesign</ownerDesignName>
<useDomainConstraints>false</useDomainConstraints>
<use>1</use>
<logicalDatatype>LOGDT024</logicalDatatype>
<dataTypeSize>255 BYTE</dataTypeSize>
<ownDataTypeParameters>255 BYTE,,</ownDataTypeParameters>
<autoIncrementCycle>false</autoIncrementCycle>
</Column>
</columns>
<indexes itemClass="oracle.dbtools.crest.model.design.relational.Index">
<ind_PK_UK id="6FDD3047-D147-C304-9C94-FDA11A75BF2E" name="PK_PROVINCE_OTHER_NAME">
<sourceConnName>csora</sourceConnName>
<sourceObjSchema>RCHADDHA</sourceObjSchema>
<sourceObjName>PK_PROVINCE_OTHER_NAME</sourceObjName>
<createdBy>risha</createdBy>
<createdTime>2021-12-03 03:28:44 UTC</createdTime>
<ownerDesignName>Project2SchemaDesign</ownerDesignName>
<pk>true</pk>
<indexState>Primary Constraint</indexState>
<isSurrogateKey>false</isSurrogateKey>
<indexColumnUsage>
<colUsage columnID="CEB4F7E3-708B-9A07-2976-092057F19C86"/>
<colUsage columnID="0165ECFC-A4B6-3065-B045-AFAB3B9B0BE5"/>
<colUsage columnID="D7B71C51-D4DA-FD7C-C546-E43455AF83D5"/>
</indexColumnUsage>
</ind_PK_UK>
<ind_PK_UK id="CE206638-4F66-0329-01FE-82A6B193726A" schemaObject="42B4711F-9896-BD1E-55F5-EAB2ACED0F80" name="PK_PROVINCE_OTHER_NAME">
<sourceConnName>csora</sourceConnName>
<sourceObjSchema>RCHADDHA</sourceObjSchema>
<sourceObjName>PK_PROVINCE_OTHER_NAME</sourceObjName>
<createdBy>risha</createdBy>
<createdTime>2021-12-03 03:28:44 UTC</createdTime>
<ownerDesignName>Project2SchemaDesign</ownerDesignName>
<indexState>Unique Plain Index</indexState>
<isSurrogateKey>false</isSurrogateKey>
<indexColumnUsage>
<colUsage columnID="CEB4F7E3-708B-9A07-2976-092057F19C86"/>
<colUsage columnID="0165ECFC-A4B6-3065-B045-AFAB3B9B0BE5"/>
<colUsage columnID="D7B71C51-D4DA-FD7C-C546-E43455AF83D5"/>
</indexColumnUsage>
</ind_PK_UK>
<ind_PK_UK id="3B0B0D1F-9E25-48D5-7602-63C7365C1E90" name="FK_PROVINCE_OTHER_NAME_PROVINCE">
<createdBy>risha</createdBy>
<createdTime>2021-12-03 03:28:46 UTC</createdTime>
<ownerDesignName>Project2SchemaDesign</ownerDesignName>
<indexState>Foreign Key</indexState>
<isSurrogateKey>false</isSurrogateKey>
<indexColumnUsage>
<colUsage columnID="CEB4F7E3-708B-9A07-2976-092057F19C86"/>
<colUsage columnID="0165ECFC-A4B6-3065-B045-AFAB3B9B0BE5"/>
</indexColumnUsage>
</ind_PK_UK>
</indexes>
</Table>