<?xml version = '1.0' encoding = 'UTF-8'?>
<Table class="oracle.dbtools.crest.model.design.relational.Table" directorySegmentName="seg_0" id="4C4FCABD-5279-2AC2-FDCA-06BE2DA56422" schemaObject="42B4711F-9896-BD1E-55F5-EAB2ACED0F80" name="ECONOMY">
<sourceConnName>csora</sourceConnName>
<sourceObjSchema>RCHADDHA</sourceObjSchema>
<sourceObjName>ECONOMY</sourceObjName>
<createdBy>risha</createdBy>
<createdTime>2021-12-03 03:28:36 UTC</createdTime>
<ownerDesignName>Project2SchemaDesign</ownerDesignName>
<allowColumnReorder>false</allowColumnReorder>
<existDependencyGenerateInDDl>true</existDependencyGenerateInDDl>
<parsed>true</parsed>
<columns itemClass="oracle.dbtools.crest.model.design.relational.Column">
<Column name="COUNTRY_CODE" id="B8794CF9-B6ED-9DD8-BF3F-0D9ADDA50C44">
<sourceConnName>csora</sourceConnName>
<sourceObjSchema>ECONOMY</sourceObjSchema>
<sourceObjName>COUNTRY_CODE</sourceObjName>
<createdBy>risha</createdBy>
<createdTime>2021-12-03 03:28:37 UTC</createdTime>
<ownerDesignName>Project2SchemaDesign</ownerDesignName>
<useDomainConstraints>false</useDomainConstraints>
<use>1</use>
<logicalDatatype>LOGDT024</logicalDatatype>
<dataTypeSize>5 BYTE</dataTypeSize>
<ownDataTypeParameters>5 BYTE,,</ownDataTypeParameters>
<autoIncrementCycle>false</autoIncrementCycle>
<associations>
<colAssociation fkAssociation="454746F4-0B7F-97BF-AE09-B4881DF2914E" referredColumn="9D3BEE30-907A-DABE-BEC4-AB51BE7B7153"/>
</associations>
</Column>
<Column name="GDP" id="0DA06096-1608-C0EA-8AC3-873120E48173">
<sourceConnName>csora</sourceConnName>
<sourceObjSchema>ECONOMY</sourceObjSchema>
<sourceObjName>GDP</sourceObjName>
<createdBy>risha</createdBy>
<createdTime>2021-12-03 03:28:37 UTC</createdTime>
<ownerDesignName>Project2SchemaDesign</ownerDesignName>
<constraintName>CHECK_ECONOMY_GDP</constraintName>
<nullsAllowed>true</nullsAllowed>
<useDomainConstraints>false</useDomainConstraints>
<use>1</use>
<logicalDatatype>LOGDT019</logicalDatatype>
<checkConstraint>
<implementationDef dbType="Generic Constraint" definition="gdp &gt;= 0"/>
<implementationDef dbType="Oracle Database 12cR2" definition="gdp &gt;= 0"/>
</checkConstraint>
<ownDataTypeParameters>,,</ownDataTypeParameters>
<autoIncrementCycle>false</autoIncrementCycle>
</Column>
<Column name="AGRICULTURE_PERCENTAGE" id="34D1F86A-E903-E6E3-C177-012D9F46C70A">
<sourceConnName>csora</sourceConnName>
<sourceObjSchema>ECONOMY</sourceObjSchema>
<sourceObjName>AGRICULTURE_PERCENTAGE</sourceObjName>
<createdBy>risha</createdBy>
<createdTime>2021-12-03 03:28:37 UTC</createdTime>
<ownerDesignName>Project2SchemaDesign</ownerDesignName>
<constraintName>CHECK_ECONOMY_AGRICULTURE_PERCENTAGE</constraintName>
<nullsAllowed>true</nullsAllowed>
<useDomainConstraints>false</useDomainConstraints>
<use>1</use>
<logicalDatatype>LOGDT019</logicalDatatype>
<dataTypePrecision>5</dataTypePrecision>
<dataTypeScale>2</dataTypeScale>
<checkConstraint>
<implementationDef dbType="Generic Constraint" definition="agriculture_percentage &gt;= 0 AND agriculture_percentage &lt;= 100"/>
<implementationDef dbType="Oracle Database 12cR2" definition="agriculture_percentage &gt;= 0 AND agriculture_percentage &lt;= 100"/>
</checkConstraint>
<ownDataTypeParameters>,5,2</ownDataTypeParameters>
<autoIncrementCycle>false</autoIncrementCycle>
</Column>
<Column name="SERVICE_PERCENTAGE" id="E843880F-A031-1140-E1FA-B08F920BE7CA">
<sourceConnName>csora</sourceConnName>
<sourceObjSchema>ECONOMY</sourceObjSchema>
<sourceObjName>SERVICE_PERCENTAGE</sourceObjName>
<createdBy>risha</createdBy>
<createdTime>2021-12-03 03:28:37 UTC</createdTime>
<ownerDesignName>Project2SchemaDesign</ownerDesignName>
<constraintName>CHECK_ECONOMY_SERVICE_PERCENTAGE</constraintName>
<nullsAllowed>true</nullsAllowed>
<useDomainConstraints>false</useDomainConstraints>
<use>1</use>
<logicalDatatype>LOGDT019</logicalDatatype>
<dataTypePrecision>5</dataTypePrecision>
<dataTypeScale>2</dataTypeScale>
<checkConstraint>
<implementationDef dbType="Generic Constraint" definition="service_percentage &gt;= 0 AND service_percentage &lt;= 100"/>
<implementationDef dbType="Oracle Database 12cR2" definition="service_percentage &gt;= 0 AND service_percentage &lt;= 100"/>
</checkConstraint>
<ownDataTypeParameters>,5,2</ownDataTypeParameters>
<autoIncrementCycle>false</autoIncrementCycle>
</Column>
<Column name="INDUSTRY_PERCENTAGE" id="DE3C41AD-C172-9975-D68C-514F9536ABF7">
<sourceConnName>csora</sourceConnName>
<sourceObjSchema>ECONOMY</sourceObjSchema>
<sourceObjName>INDUSTRY_PERCENTAGE</sourceObjName>
<createdBy>risha</createdBy>
<createdTime>2021-12-03 03:28:37 UTC</createdTime>
<ownerDesignName>Project2SchemaDesign</ownerDesignName>
<constraintName>CHECK_ECONOMY_INDUSTRY_PERCENTAGE</constraintName>
<nullsAllowed>true</nullsAllowed>
<useDomainConstraints>false</useDomainConstraints>
<use>1</use>
<logicalDatatype>LOGDT019</logicalDatatype>
<dataTypePrecision>5</dataTypePrecision>
<dataTypeScale>2</dataTypeScale>
<checkConstraint>
<implementationDef dbType="Generic Constraint" definition="industry_percentage &gt;= 0 AND industry_percentage &lt;= 100"/>
<implementationDef dbType="Oracle Database 12cR2" definition="industry_percentage &gt;= 0 AND industry_percentage &lt;= 100"/>
</checkConstraint>
<ownDataTypeParameters>,5,2</ownDataTypeParameters>
<autoIncrementCycle>false</autoIncrementCycle>
</Column>
<Column name="INFLATION" id="AE782BD1-C511-AF73-22C3-AB3A0F552154">
<sourceConnName>csora</sourceConnName>
<sourceObjSchema>ECONOMY</sourceObjSchema>
<sourceObjName>INFLATION</sourceObjName>
<createdBy>risha</createdBy>
<createdTime>2021-12-03 03:28:37 UTC</createdTime>
<ownerDesignName>Project2SchemaDesign</ownerDesignName>
<nullsAllowed>true</nullsAllowed>
<useDomainConstraints>false</useDomainConstraints>
<use>1</use>
<logicalDatatype>LOGDT019</logicalDatatype>
<ownDataTypeParameters>,,</ownDataTypeParameters>
<autoIncrementCycle>false</autoIncrementCycle>
</Column>
<Column name="UNEMPLOYMENT" id="AB7591D0-3BCD-914E-0912-6E56D4FA07EE">
<sourceConnName>csora</sourceConnName>
<sourceObjSchema>ECONOMY</sourceObjSchema>
<sourceObjName>UNEMPLOYMENT</sourceObjName>
<createdBy>risha</createdBy>
<createdTime>2021-12-03 03:28:37 UTC</createdTime>
<ownerDesignName>Project2SchemaDesign</ownerDesignName>
<constraintName>CHECK_ECONOMY_UNEMPLOYMENT</constraintName>
<nullsAllowed>true</nullsAllowed>
<useDomainConstraints>false</useDomainConstraints>
<use>1</use>
<logicalDatatype>LOGDT019</logicalDatatype>
<checkConstraint>
<implementationDef dbType="Generic Constraint" definition="unemployment &gt;= 0"/>
<implementationDef dbType="Oracle Database 12cR2" definition="unemployment &gt;= 0"/>
</checkConstraint>
<ownDataTypeParameters>,,</ownDataTypeParameters>
<autoIncrementCycle>false</autoIncrementCycle>
</Column>
</columns>
<indexes itemClass="oracle.dbtools.crest.model.design.relational.Index">
<ind_PK_UK id="913EA20D-C49A-5DAD-5077-D54783FD04A6" name="PK_ECONOMY">
<sourceConnName>csora</sourceConnName>
<sourceObjSchema>RCHADDHA</sourceObjSchema>
<sourceObjName>PK_ECONOMY</sourceObjName>
<createdBy>risha</createdBy>
<createdTime>2021-12-03 03:28:44 UTC</createdTime>
<ownerDesignName>Project2SchemaDesign</ownerDesignName>
<pk>true</pk>
<indexState>Primary Constraint</indexState>
<isSurrogateKey>false</isSurrogateKey>
<indexColumnUsage>
<colUsage columnID="B8794CF9-B6ED-9DD8-BF3F-0D9ADDA50C44"/>
</indexColumnUsage>
</ind_PK_UK>
<ind_PK_UK id="9DC19B52-C797-8DDE-E07A-50F20F21F165" schemaObject="42B4711F-9896-BD1E-55F5-EAB2ACED0F80" name="ID_ECONOMY_COUNTRY">
<sourceConnName>csora</sourceConnName>
<sourceObjSchema>RCHADDHA</sourceObjSchema>
<sourceObjName>ID_ECONOMY_COUNTRY</sourceObjName>
<createdBy>risha</createdBy>
<createdTime>2021-12-03 03:28:43 UTC</createdTime>
<ownerDesignName>Project2SchemaDesign</ownerDesignName>
<isSurrogateKey>false</isSurrogateKey>
<indexColumnUsage>
<colUsage columnID="0DA06096-1608-C0EA-8AC3-873120E48173"/>
</indexColumnUsage>
</ind_PK_UK>
<ind_PK_UK id="D3DFC681-C8AA-D480-3BAB-DBF31435668B" schemaObject="42B4711F-9896-BD1E-55F5-EAB2ACED0F80" name="PK_ECONOMY">
<sourceConnName>csora</sourceConnName>
<sourceObjSchema>RCHADDHA</sourceObjSchema>
<sourceObjName>PK_ECONOMY</sourceObjName>
<createdBy>risha</createdBy>
<createdTime>2021-12-03 03:28:43 UTC</createdTime>
<ownerDesignName>Project2SchemaDesign</ownerDesignName>
<indexState>Unique Plain Index</indexState>
<isSurrogateKey>false</isSurrogateKey>
<indexColumnUsage>
<colUsage columnID="B8794CF9-B6ED-9DD8-BF3F-0D9ADDA50C44"/>
</indexColumnUsage>
</ind_PK_UK>
<ind_PK_UK id="314ACD1D-28EB-2B17-620B-F4E6EC97DDD6" name="FK_ECONOMY_COUNTRY">
<createdBy>risha</createdBy>
<createdTime>2021-12-03 03:28:46 UTC</createdTime>
<ownerDesignName>Project2SchemaDesign</ownerDesignName>
<indexState>Foreign Key</indexState>
<isSurrogateKey>false</isSurrogateKey>
<indexColumnUsage>
<colUsage columnID="B8794CF9-B6ED-9DD8-BF3F-0D9ADDA50C44"/>
</indexColumnUsage>
</ind_PK_UK>
</indexes>
</Table>