<?xml version = '1.0' encoding = 'UTF-8'?>
<Table class="oracle.dbtools.crest.model.design.relational.Table" directorySegmentName="seg_0" id="53119477-C080-3BE8-4DEA-470B41185EAB" schemaObject="42B4711F-9896-BD1E-55F5-EAB2ACED0F80" name="CITY">
<sourceConnName>csora</sourceConnName>
<sourceObjSchema>RCHADDHA</sourceObjSchema>
<sourceObjName>CITY</sourceObjName>
<createdBy>risha</createdBy>
<createdTime>2021-12-03 03:28:36 UTC</createdTime>
<ownerDesignName>Project2SchemaDesign</ownerDesignName>
<allowColumnReorder>false</allowColumnReorder>
<existDependencyGenerateInDDl>true</existDependencyGenerateInDDl>
<parsed>true</parsed>
<columns itemClass="oracle.dbtools.crest.model.design.relational.Column">
<Column name="NAME" id="DC8A1796-3D3C-9621-537C-00EC0B5BBD53">
<sourceConnName>csora</sourceConnName>
<sourceObjSchema>CITY</sourceObjSchema>
<sourceObjName>NAME</sourceObjName>
<createdBy>risha</createdBy>
<createdTime>2021-12-03 03:28:37 UTC</createdTime>
<ownerDesignName>Project2SchemaDesign</ownerDesignName>
<useDomainConstraints>false</useDomainConstraints>
<use>1</use>
<logicalDatatype>LOGDT024</logicalDatatype>
<dataTypeSize>255 BYTE</dataTypeSize>
<ownDataTypeParameters>255 BYTE,,</ownDataTypeParameters>
<autoIncrementCycle>false</autoIncrementCycle>
</Column>
<Column name="COUNTRY_CODE" id="500399C4-EF12-C5AE-3D2C-B04248F5B8BE">
<sourceConnName>csora</sourceConnName>
<sourceObjSchema>CITY</sourceObjSchema>
<sourceObjName>COUNTRY_CODE</sourceObjName>
<createdBy>risha</createdBy>
<createdTime>2021-12-03 03:28:37 UTC</createdTime>
<ownerDesignName>Project2SchemaDesign</ownerDesignName>
<useDomainConstraints>false</useDomainConstraints>
<use>1</use>
<logicalDatatype>LOGDT024</logicalDatatype>
<dataTypeSize>5 BYTE</dataTypeSize>
<ownDataTypeParameters>5 BYTE,,</ownDataTypeParameters>
<autoIncrementCycle>false</autoIncrementCycle>
<associations>
<colAssociation fkAssociation="E566F17E-51D0-A5BA-068C-113DB36B446C" referredColumn="0D175EE0-A2A2-52BB-E719-954B91147BE5"/>
</associations>
</Column>
<Column name="PROVINCE_NAME" id="B53624EA-8D22-00FC-C5BA-F941200663D3">
<sourceConnName>csora</sourceConnName>
<sourceObjSchema>CITY</sourceObjSchema>
<sourceObjName>PROVINCE_NAME</sourceObjName>
<createdBy>risha</createdBy>
<createdTime>2021-12-03 03:28:37 UTC</createdTime>
<ownerDesignName>Project2SchemaDesign</ownerDesignName>
<useDomainConstraints>false</useDomainConstraints>
<use>1</use>
<logicalDatatype>LOGDT024</logicalDatatype>
<dataTypeSize>255 BYTE</dataTypeSize>
<ownDataTypeParameters>255 BYTE,,</ownDataTypeParameters>
<autoIncrementCycle>false</autoIncrementCycle>
<associations>
<colAssociation fkAssociation="E566F17E-51D0-A5BA-068C-113DB36B446C" referredColumn="92AF547C-1E4C-5AED-5426-DC68D8D25F80"/>
</associations>
</Column>
<Column name="ELEVATION" id="B62D280A-093C-522C-6D44-04AD2BADB2CB">
<sourceConnName>csora</sourceConnName>
<sourceObjSchema>CITY</sourceObjSchema>
<sourceObjName>ELEVATION</sourceObjName>
<createdBy>risha</createdBy>
<createdTime>2021-12-03 03:28:37 UTC</createdTime>
<ownerDesignName>Project2SchemaDesign</ownerDesignName>
<nullsAllowed>true</nullsAllowed>
<useDomainConstraints>false</useDomainConstraints>
<use>1</use>
<logicalDatatype>LOGDT019</logicalDatatype>
<ownDataTypeParameters>,,</ownDataTypeParameters>
<autoIncrementCycle>false</autoIncrementCycle>
</Column>
<Column name="LATITUDE" id="E244D1AA-AB84-BAED-B047-41E9CDDD24B8">
<sourceConnName>csora</sourceConnName>
<sourceObjSchema>CITY</sourceObjSchema>
<sourceObjName>LATITUDE</sourceObjName>
<createdBy>risha</createdBy>
<createdTime>2021-12-03 03:28:37 UTC</createdTime>
<ownerDesignName>Project2SchemaDesign</ownerDesignName>
<constraintName>CHECK_CITY_LATITUDE</constraintName>
<nullsAllowed>true</nullsAllowed>
<useDomainConstraints>false</useDomainConstraints>
<use>1</use>
<logicalDatatype>LOGDT019</logicalDatatype>
<checkConstraint>
<implementationDef dbType="Generic Constraint" definition="latitude &gt;= -90 AND latitude &lt;= 90"/>
<implementationDef dbType="Oracle Database 12cR2" definition="latitude &gt;= -90 AND latitude &lt;= 90"/>
</checkConstraint>
<ownDataTypeParameters>,,</ownDataTypeParameters>
<autoIncrementCycle>false</autoIncrementCycle>
</Column>
<Column name="LONGITUDE" id="6FAB57D8-6CA4-C6DD-0370-312032350C88">
<sourceConnName>csora</sourceConnName>
<sourceObjSchema>CITY</sourceObjSchema>
<sourceObjName>LONGITUDE</sourceObjName>
<createdBy>risha</createdBy>
<createdTime>2021-12-03 03:28:37 UTC</createdTime>
<ownerDesignName>Project2SchemaDesign</ownerDesignName>
<constraintName>CHECK_CITY_LONGITUDE</constraintName>
<nullsAllowed>true</nullsAllowed>
<useDomainConstraints>false</useDomainConstraints>
<use>1</use>
<logicalDatatype>LOGDT019</logicalDatatype>
<checkConstraint>
<implementationDef dbType="Generic Constraint" definition="longitude &gt;= -180 AND longitude &lt;= 180"/>
<implementationDef dbType="Oracle Database 12cR2" definition="longitude &gt;= -180 AND longitude &lt;= 180"/>
</checkConstraint>
<ownDataTypeParameters>,,</ownDataTypeParameters>
<autoIncrementCycle>false</autoIncrementCycle>
</Column>
</columns>
<indexes itemClass="oracle.dbtools.crest.model.design.relational.Index">
<ind_PK_UK id="DA9E1C01-92B0-8FE0-2C23-8D965E1CCF65" name="PK_CITY">
<sourceConnName>csora</sourceConnName>
<sourceObjSchema>RCHADDHA</sourceObjSchema>
<sourceObjName>PK_CITY</sourceObjName>
<createdBy>risha</createdBy>
<createdTime>2021-12-03 03:28:44 UTC</createdTime>
<ownerDesignName>Project2SchemaDesign</ownerDesignName>
<pk>true</pk>
<indexState>Primary Constraint</indexState>
<isSurrogateKey>false</isSurrogateKey>
<indexColumnUsage>
<colUsage columnID="DC8A1796-3D3C-9621-537C-00EC0B5BBD53"/>
<colUsage columnID="B53624EA-8D22-00FC-C5BA-F941200663D3"/>
<colUsage columnID="500399C4-EF12-C5AE-3D2C-B04248F5B8BE"/>
</indexColumnUsage>
</ind_PK_UK>
<ind_PK_UK id="56C8112D-AE2F-8E36-E9F7-965E48DD2B0F" schemaObject="42B4711F-9896-BD1E-55F5-EAB2ACED0F80" name="PK_CITY">
<sourceConnName>csora</sourceConnName>
<sourceObjSchema>RCHADDHA</sourceObjSchema>
<sourceObjName>PK_CITY</sourceObjName>
<createdBy>risha</createdBy>
<createdTime>2021-12-03 03:28:41 UTC</createdTime>
<ownerDesignName>Project2SchemaDesign</ownerDesignName>
<indexState>Unique Plain Index</indexState>
<isSurrogateKey>false</isSurrogateKey>
<indexColumnUsage>
<colUsage columnID="DC8A1796-3D3C-9621-537C-00EC0B5BBD53"/>
<colUsage columnID="B53624EA-8D22-00FC-C5BA-F941200663D3"/>
<colUsage columnID="500399C4-EF12-C5AE-3D2C-B04248F5B8BE"/>
</indexColumnUsage>
</ind_PK_UK>
<ind_PK_UK id="D363E871-ED76-A96D-7607-6C740A1C9612" name="FK_CITY_PROVINCE">
<createdBy>risha</createdBy>
<createdTime>2021-12-03 03:28:46 UTC</createdTime>
<ownerDesignName>Project2SchemaDesign</ownerDesignName>
<indexState>Foreign Key</indexState>
<isSurrogateKey>false</isSurrogateKey>
<indexColumnUsage>
<colUsage columnID="B53624EA-8D22-00FC-C5BA-F941200663D3"/>
<colUsage columnID="500399C4-EF12-C5AE-3D2C-B04248F5B8BE"/>
</indexColumnUsage>
</ind_PK_UK>
</indexes>
</Table>