<?xml version = '1.0' encoding = 'UTF-8'?>
<Table class="oracle.dbtools.crest.model.design.relational.Table" directorySegmentName="seg_0" id="603E10C0-08D3-123E-CA1A-62B2CE201409" schemaObject="42B4711F-9896-BD1E-55F5-EAB2ACED0F80" name="CONTINENT">
<sourceConnName>csora</sourceConnName>
<sourceObjSchema>RCHADDHA</sourceObjSchema>
<sourceObjName>CONTINENT</sourceObjName>
<createdBy>risha</createdBy>
<createdTime>2021-12-03 03:28:36 UTC</createdTime>
<ownerDesignName>Project2SchemaDesign</ownerDesignName>
<allowColumnReorder>false</allowColumnReorder>
<existDependencyGenerateInDDl>true</existDependencyGenerateInDDl>
<parsed>true</parsed>
<columns itemClass="oracle.dbtools.crest.model.design.relational.Column">
<Column name="NAME" id="9EB57C9B-3E80-E55B-00E8-7C2755BD875F">
<sourceConnName>csora</sourceConnName>
<sourceObjSchema>CONTINENT</sourceObjSchema>
<sourceObjName>NAME</sourceObjName>
<createdBy>risha</createdBy>
<createdTime>2021-12-03 03:28:37 UTC</createdTime>
<ownerDesignName>Project2SchemaDesign</ownerDesignName>
<useDomainConstraints>false</useDomainConstraints>
<use>1</use>
<logicalDatatype>LOGDT024</logicalDatatype>
<dataTypeSize>20 BYTE</dataTypeSize>
<ownDataTypeParameters>20 BYTE,,</ownDataTypeParameters>
<autoIncrementCycle>false</autoIncrementCycle>
</Column>
<Column name="AREA" id="972ECD5D-8309-3399-37A1-B433231890D1">
<sourceConnName>csora</sourceConnName>
<sourceObjSchema>CONTINENT</sourceObjSchema>
<sourceObjName>AREA</sourceObjName>
<createdBy>risha</createdBy>
<createdTime>2021-12-03 03:28:37 UTC</createdTime>
<ownerDesignName>Project2SchemaDesign</ownerDesignName>
<constraintName>CHECK_CONTINENT_AREA</constraintName>
<nullsAllowed>true</nullsAllowed>
<useDomainConstraints>false</useDomainConstraints>
<use>1</use>
<logicalDatatype>LOGDT019</logicalDatatype>
<checkConstraint>
<implementationDef dbType="Generic Constraint" definition="area &gt;= 0"/>
<implementationDef dbType="Oracle Database 12cR2" definition="area &gt;= 0"/>
</checkConstraint>
<ownDataTypeParameters>,,</ownDataTypeParameters>
<autoIncrementCycle>false</autoIncrementCycle>
</Column>
</columns>
<indexes itemClass="oracle.dbtools.crest.model.design.relational.Index">
<ind_PK_UK id="298A13B5-BD64-0AA5-7E42-AE11E9342EE3" name="PK_CONTINENT">
<sourceConnName>csora</sourceConnName>
<sourceObjSchema>RCHADDHA</sourceObjSchema>
<sourceObjName>PK_CONTINENT</sourceObjName>
<createdBy>risha</createdBy>
<createdTime>2021-12-03 03:28:44 UTC</createdTime>
<ownerDesignName>Project2SchemaDesign</ownerDesignName>
<pk>true</pk>
<indexState>Primary Constraint</indexState>
<isSurrogateKey>false</isSurrogateKey>
<indexColumnUsage>
<colUsage columnID="9EB57C9B-3E80-E55B-00E8-7C2755BD875F"/>
</indexColumnUsage>
</ind_PK_UK>
<ind_PK_UK id="A4D09374-AFE5-0795-1F81-700605F4B5FA" schemaObject="42B4711F-9896-BD1E-55F5-EAB2ACED0F80" name="PK_CONTINENT">
<sourceConnName>csora</sourceConnName>
<sourceObjSchema>RCHADDHA</sourceObjSchema>
<sourceObjName>PK_CONTINENT</sourceObjName>
<createdBy>risha</createdBy>
<createdTime>2021-12-03 03:28:43 UTC</createdTime>
<ownerDesignName>Project2SchemaDesign</ownerDesignName>
<indexState>Unique Plain Index</indexState>
<isSurrogateKey>false</isSurrogateKey>
<indexColumnUsage>
<colUsage columnID="9EB57C9B-3E80-E55B-00E8-7C2755BD875F"/>
</indexColumnUsage>
</ind_PK_UK>
</indexes>
</Table>