<?xml version = '1.0' encoding = 'UTF-8'?>
<Table class="oracle.dbtools.crest.model.design.relational.Table" directorySegmentName="seg_0" id="681A736A-2795-D56C-815D-9A6A255B5F0D" schemaObject="42B4711F-9896-BD1E-55F5-EAB2ACED0F80" name="COUNTRY_POPULATION">
<sourceConnName>csora</sourceConnName>
<sourceObjSchema>RCHADDHA</sourceObjSchema>
<sourceObjName>COUNTRY_POPULATION</sourceObjName>
<createdBy>risha</createdBy>
<createdTime>2021-12-03 03:28:36 UTC</createdTime>
<ownerDesignName>Project2SchemaDesign</ownerDesignName>
<allowColumnReorder>false</allowColumnReorder>
<existDependencyGenerateInDDl>true</existDependencyGenerateInDDl>
<parsed>true</parsed>
<columns itemClass="oracle.dbtools.crest.model.design.relational.Column">
<Column name="COUNTRY_CODE" id="A502FEF4-C194-7DF5-02D6-89778693C74B">
<sourceConnName>csora</sourceConnName>
<sourceObjSchema>COUNTRY_POPULATION</sourceObjSchema>
<sourceObjName>COUNTRY_CODE</sourceObjName>
<createdBy>risha</createdBy>
<createdTime>2021-12-03 03:28:37 UTC</createdTime>
<ownerDesignName>Project2SchemaDesign</ownerDesignName>
<useDomainConstraints>false</useDomainConstraints>
<use>1</use>
<logicalDatatype>LOGDT024</logicalDatatype>
<dataTypeSize>5 BYTE</dataTypeSize>
<ownDataTypeParameters>5 BYTE,,</ownDataTypeParameters>
<autoIncrementCycle>false</autoIncrementCycle>
<associations>
<colAssociation fkAssociation="76BBFD70-FF72-D20F-13B3-1D706DD105C6" referredColumn="9D3BEE30-907A-DABE-BEC4-AB51BE7B7153"/>
</associations>
</Column>
<Column name="POPULATION_GROWTH" id="7494E13F-AE4E-1FA3-D189-537C83C65D47">
<sourceConnName>csora</sourceConnName>
<sourceObjSchema>COUNTRY_POPULATION</sourceObjSchema>
<sourceObjName>POPULATION_GROWTH</sourceObjName>
<createdBy>risha</createdBy>
<createdTime>2021-12-03 03:28:37 UTC</createdTime>
<ownerDesignName>Project2SchemaDesign</ownerDesignName>
<nullsAllowed>true</nullsAllowed>
<useDomainConstraints>false</useDomainConstraints>
<use>1</use>
<logicalDatatype>LOGDT019</logicalDatatype>
<ownDataTypeParameters>,,</ownDataTypeParameters>
<autoIncrementCycle>false</autoIncrementCycle>
</Column>
<Column name="INFANT_MORTALITY" id="D901D9E6-D0EA-6D5C-DCCB-7B1D81CBF4B4">
<sourceConnName>csora</sourceConnName>
<sourceObjSchema>COUNTRY_POPULATION</sourceObjSchema>
<sourceObjName>INFANT_MORTALITY</sourceObjName>
<createdBy>risha</createdBy>
<createdTime>2021-12-03 03:28:37 UTC</createdTime>
<ownerDesignName>Project2SchemaDesign</ownerDesignName>
<constraintName>CHECK_COUNTRY_POP_INFANT_MORTALITY</constraintName>
<nullsAllowed>true</nullsAllowed>
<useDomainConstraints>false</useDomainConstraints>
<use>1</use>
<logicalDatatype>LOGDT019</logicalDatatype>
<dataTypePrecision>4</dataTypePrecision>
<dataTypeScale>0</dataTypeScale>
<checkConstraint>
<implementationDef dbType="Generic Constraint" definition="infant_mortality &gt;= 0 AND infant_mortality&lt;=1000"/>
<implementationDef dbType="Oracle Database 12cR2" definition="infant_mortality &gt;= 0 AND infant_mortality&lt;=1000"/>
</checkConstraint>
<ownDataTypeParameters>,4,0</ownDataTypeParameters>
<autoIncrementCycle>false</autoIncrementCycle>
</Column>
</columns>
<indexes itemClass="oracle.dbtools.crest.model.design.relational.Index">
<ind_PK_UK id="B88A7159-AC58-6CEE-BEFB-54123126803F" name="PK_COUNTRY_POPULATION">
<sourceConnName>csora</sourceConnName>
<sourceObjSchema>RCHADDHA</sourceObjSchema>
<sourceObjName>PK_COUNTRY_POPULATION</sourceObjName>
<createdBy>risha</createdBy>
<createdTime>2021-12-03 03:28:44 UTC</createdTime>
<ownerDesignName>Project2SchemaDesign</ownerDesignName>
<pk>true</pk>
<indexState>Primary Constraint</indexState>
<isSurrogateKey>false</isSurrogateKey>
<indexColumnUsage>
<colUsage columnID="A502FEF4-C194-7DF5-02D6-89778693C74B"/>
</indexColumnUsage>
</ind_PK_UK>
<ind_PK_UK id="3859503A-E1A2-33B1-D39C-B1200A7C7C17" schemaObject="42B4711F-9896-BD1E-55F5-EAB2ACED0F80" name="PK_COUNTRY_POPULATION">
<sourceConnName>csora</sourceConnName>
<sourceObjSchema>RCHADDHA</sourceObjSchema>
<sourceObjName>PK_COUNTRY_POPULATION</sourceObjName>
<createdBy>risha</createdBy>
<createdTime>2021-12-03 03:28:43 UTC</createdTime>
<ownerDesignName>Project2SchemaDesign</ownerDesignName>
<indexState>Unique Plain Index</indexState>
<isSurrogateKey>false</isSurrogateKey>
<indexColumnUsage>
<colUsage columnID="A502FEF4-C194-7DF5-02D6-89778693C74B"/>
</indexColumnUsage>
</ind_PK_UK>
<ind_PK_UK id="EC0851C9-AD1E-8FC3-1DD0-35FF061371DA" name="FN_COUNTRY_POPULATION_COUNTRY">
<createdBy>risha</createdBy>
<createdTime>2021-12-03 03:28:46 UTC</createdTime>
<ownerDesignName>Project2SchemaDesign</ownerDesignName>
<indexState>Foreign Key</indexState>
<isSurrogateKey>false</isSurrogateKey>
<indexColumnUsage>
<colUsage columnID="A502FEF4-C194-7DF5-02D6-89778693C74B"/>
</indexColumnUsage>
</ind_PK_UK>
</indexes>
</Table>