<?xml version = '1.0' encoding = 'UTF-8'?>
<Table class="oracle.dbtools.crest.model.design.relational.Table" directorySegmentName="seg_0" id="92F9F9B6-2DC7-6AF4-E65D-E05BF93934D2" schemaObject="42B4711F-9896-BD1E-55F5-EAB2ACED0F80" name="AIRPORT">
<sourceConnName>csora</sourceConnName>
<sourceObjSchema>RCHADDHA</sourceObjSchema>
<sourceObjName>AIRPORT</sourceObjName>
<createdBy>risha</createdBy>
<createdTime>2021-12-03 03:28:36 UTC</createdTime>
<ownerDesignName>Project2SchemaDesign</ownerDesignName>
<allowColumnReorder>false</allowColumnReorder>
<existDependencyGenerateInDDl>true</existDependencyGenerateInDDl>
<parsed>true</parsed>
<columns itemClass="oracle.dbtools.crest.model.design.relational.Column">
<Column name="IATA_CODE" id="0C9431DB-B56E-F2B3-9D1C-A533BF1FE6BD">
<sourceConnName>csora</sourceConnName>
<sourceObjSchema>AIRPORT</sourceObjSchema>
<sourceObjName>IATA_CODE</sourceObjName>
<createdBy>risha</createdBy>
<createdTime>2021-12-03 03:28:37 UTC</createdTime>
<ownerDesignName>Project2SchemaDesign</ownerDesignName>
<constraintName>CHECK_IATA_CODE</constraintName>
<useDomainConstraints>false</useDomainConstraints>
<use>1</use>
<logicalDatatype>LOGDT024</logicalDatatype>
<dataTypeSize>3 BYTE</dataTypeSize>
<checkConstraint>
<implementationDef dbType="Generic Constraint" definition="UPPER(iata_code)=iata_code"/>
<implementationDef dbType="Oracle Database 12cR2" definition="UPPER(iata_code)=iata_code"/>
</checkConstraint>
<ownDataTypeParameters>3 BYTE,,</ownDataTypeParameters>
<autoIncrementCycle>false</autoIncrementCycle>
</Column>
<Column name="NAME" id="70933FE8-CFF1-C126-3921-364DFD5D7E15">
<sourceConnName>csora</sourceConnName>
<sourceObjSchema>AIRPORT</sourceObjSchema>
<sourceObjName>NAME</sourceObjName>
<createdBy>risha</createdBy>
<createdTime>2021-12-03 03:28:37 UTC</createdTime>
<ownerDesignName>Project2SchemaDesign</ownerDesignName>
<nullsAllowed>true</nullsAllowed>
<useDomainConstraints>false</useDomainConstraints>
<use>1</use>
<logicalDatatype>LOGDT024</logicalDatatype>
<dataTypeSize>255 BYTE</dataTypeSize>
<ownDataTypeParameters>255 BYTE,,</ownDataTypeParameters>
<autoIncrementCycle>false</autoIncrementCycle>
</Column>
<Column name="COUNTRY_CODE" id="C77E1C4C-413E-E705-6E0C-785CF5BD56B1">
<sourceConnName>csora</sourceConnName>
<sourceObjSchema>AIRPORT</sourceObjSchema>
<sourceObjName>COUNTRY_CODE</sourceObjName>
<createdBy>risha</createdBy>
<createdTime>2021-12-03 03:28:37 UTC</createdTime>
<ownerDesignName>Project2SchemaDesign</ownerDesignName>
<nullsAllowed>true</nullsAllowed>
<useDomainConstraints>false</useDomainConstraints>
<use>1</use>
<logicalDatatype>LOGDT024</logicalDatatype>
<dataTypeSize>5 BYTE</dataTypeSize>
<ownDataTypeParameters>5 BYTE,,</ownDataTypeParameters>
<autoIncrementCycle>false</autoIncrementCycle>
<associations>
<colAssociation fkAssociation="5F7AC432-B525-55D1-3FD7-C90D8D06CF63" referredColumn="500399C4-EF12-C5AE-3D2C-B04248F5B8BE"/>
<colAssociation fkAssociation="F77A5865-80C5-9D94-EE40-DA448357F966" referredColumn="9D3BEE30-907A-DABE-BEC4-AB51BE7B7153"/>
<colAssociation fkAssociation="4954BE4A-DF29-D470-6F40-BC4233D16784" referredColumn="476B6012-B6BA-5B17-E1E1-B308D5FB760C"/>
</associations>
</Column>
<Column name="CITY_NAME" id="9B3CA76B-EC16-1053-F8FD-07968C886EA2">
<sourceConnName>csora</sourceConnName>
<sourceObjSchema>AIRPORT</sourceObjSchema>
<sourceObjName>CITY_NAME</sourceObjName>
<createdBy>risha</createdBy>
<createdTime>2021-12-03 03:28:37 UTC</createdTime>
<ownerDesignName>Project2SchemaDesign</ownerDesignName>
<nullsAllowed>true</nullsAllowed>
<useDomainConstraints>false</useDomainConstraints>
<use>1</use>
<logicalDatatype>LOGDT024</logicalDatatype>
<dataTypeSize>255 BYTE</dataTypeSize>
<ownDataTypeParameters>255 BYTE,,</ownDataTypeParameters>
<autoIncrementCycle>false</autoIncrementCycle>
<associations>
<colAssociation fkAssociation="5F7AC432-B525-55D1-3FD7-C90D8D06CF63" referredColumn="DC8A1796-3D3C-9621-537C-00EC0B5BBD53"/>
<colAssociation fkAssociation="4954BE4A-DF29-D470-6F40-BC4233D16784" referredColumn="5CFC726B-2423-68E0-5B45-D9989DDED6D1"/>
</associations>
</Column>
<Column name="PROVINCE_NAME" id="62EE4526-A457-BE04-41ED-DFD7E7B112B2">
<sourceConnName>csora</sourceConnName>
<sourceObjSchema>AIRPORT</sourceObjSchema>
<sourceObjName>PROVINCE_NAME</sourceObjName>
<createdBy>risha</createdBy>
<createdTime>2021-12-03 03:28:37 UTC</createdTime>
<ownerDesignName>Project2SchemaDesign</ownerDesignName>
<nullsAllowed>true</nullsAllowed>
<useDomainConstraints>false</useDomainConstraints>
<use>1</use>
<logicalDatatype>LOGDT024</logicalDatatype>
<dataTypeSize>255 BYTE</dataTypeSize>
<ownDataTypeParameters>255 BYTE,,</ownDataTypeParameters>
<autoIncrementCycle>false</autoIncrementCycle>
<associations>
<colAssociation fkAssociation="5F7AC432-B525-55D1-3FD7-C90D8D06CF63" referredColumn="B53624EA-8D22-00FC-C5BA-F941200663D3"/>
<colAssociation fkAssociation="4954BE4A-DF29-D470-6F40-BC4233D16784" referredColumn="5FB65460-3AB1-D4F2-549B-75C594B67004"/>
</associations>
</Column>
<Column name="ISLAND" id="8FC36E7A-AC9C-C806-AF9E-77CE434DC7D4">
<sourceConnName>csora</sourceConnName>
<sourceObjSchema>AIRPORT</sourceObjSchema>
<sourceObjName>ISLAND</sourceObjName>
<createdBy>risha</createdBy>
<createdTime>2021-12-03 03:28:37 UTC</createdTime>
<ownerDesignName>Project2SchemaDesign</ownerDesignName>
<nullsAllowed>true</nullsAllowed>
<useDomainConstraints>false</useDomainConstraints>
<use>1</use>
<logicalDatatype>LOGDT024</logicalDatatype>
<dataTypeSize>255 BYTE</dataTypeSize>
<ownDataTypeParameters>255 BYTE,,</ownDataTypeParameters>
<autoIncrementCycle>false</autoIncrementCycle>
<associations>
<colAssociation fkAssociation="4954BE4A-DF29-D470-6F40-BC4233D16784" referredColumn="51409AED-BC77-FD7E-B4D8-973E868B102D"/>
</associations>
</Column>
<Column name="LATITUDE" id="D4A51468-4C6F-02AB-EE36-4E43C103182B">
<sourceConnName>csora</sourceConnName>
<sourceObjSchema>AIRPORT</sourceObjSchema>
<sourceObjName>LATITUDE</sourceObjName>
<createdBy>risha</createdBy>
<createdTime>2021-12-03 03:28:37 UTC</createdTime>
<ownerDesignName>Project2SchemaDesign</ownerDesignName>
<constraintName>CHECK_LATITUDE</constraintName>
<nullsAllowed>true</nullsAllowed>
<useDomainConstraints>false</useDomainConstraints>
<use>1</use>
<logicalDatatype>LOGDT019</logicalDatatype>
<checkConstraint>
<implementationDef dbType="Generic Constraint" definition="latitude &gt;= -90 AND latitude &lt;= 90"/>
<implementationDef dbType="Oracle Database 12cR2" definition="latitude &gt;= -90 AND latitude &lt;= 90"/>
</checkConstraint>
<ownDataTypeParameters>,,</ownDataTypeParameters>
<autoIncrementCycle>false</autoIncrementCycle>
</Column>
<Column name="LONGITUDE" id="A307F202-E480-105F-37F7-1965C2E5A8C6">
<sourceConnName>csora</sourceConnName>
<sourceObjSchema>AIRPORT</sourceObjSchema>
<sourceObjName>LONGITUDE</sourceObjName>
<createdBy>risha</createdBy>
<createdTime>2021-12-03 03:28:37 UTC</createdTime>
<ownerDesignName>Project2SchemaDesign</ownerDesignName>
<constraintName>CHECK_LONGITUDE</constraintName>
<nullsAllowed>true</nullsAllowed>
<useDomainConstraints>false</useDomainConstraints>
<use>1</use>
<logicalDatatype>LOGDT019</logicalDatatype>
<checkConstraint>
<implementationDef dbType="Generic Constraint" definition="longitude &gt;= -180 AND longitude &lt;= 180"/>
<implementationDef dbType="Oracle Database 12cR2" definition="longitude &gt;= -180 AND longitude &lt;= 180"/>
</checkConstraint>
<ownDataTypeParameters>,,</ownDataTypeParameters>
<autoIncrementCycle>false</autoIncrementCycle>
</Column>
<Column name="ELEVATION" id="13CE1BDC-BE07-E78C-93D9-9A1069D6203D">
<sourceConnName>csora</sourceConnName>
<sourceObjSchema>AIRPORT</sourceObjSchema>
<sourceObjName>ELEVATION</sourceObjName>
<createdBy>risha</createdBy>
<createdTime>2021-12-03 03:28:37 UTC</createdTime>
<ownerDesignName>Project2SchemaDesign</ownerDesignName>
<nullsAllowed>true</nullsAllowed>
<useDomainConstraints>false</useDomainConstraints>
<use>1</use>
<logicalDatatype>LOGDT019</logicalDatatype>
<ownDataTypeParameters>,,</ownDataTypeParameters>
<autoIncrementCycle>false</autoIncrementCycle>
</Column>
<Column name="GMT_OFFSET" id="C98C3F40-381B-E8D0-8044-72D6EB414AC8">
<sourceConnName>csora</sourceConnName>
<sourceObjSchema>AIRPORT</sourceObjSchema>
<sourceObjName>GMT_OFFSET</sourceObjName>
<createdBy>risha</createdBy>
<createdTime>2021-12-03 03:28:37 UTC</createdTime>
<ownerDesignName>Project2SchemaDesign</ownerDesignName>
<constraintName>CHECK_GMT_OFFSET</constraintName>
<nullsAllowed>true</nullsAllowed>
<useDomainConstraints>false</useDomainConstraints>
<use>1</use>
<logicalDatatype>LOGDT019</logicalDatatype>
<dataTypePrecision>2</dataTypePrecision>
<dataTypeScale>0</dataTypeScale>
<checkConstraint>
<implementationDef dbType="Generic Constraint" definition="gmt_offset &gt;= -12 AND gmt_offset &lt;=14"/>
<implementationDef dbType="Oracle Database 12cR2" definition="gmt_offset &gt;= -12 AND gmt_offset &lt;=14"/>
</checkConstraint>
<ownDataTypeParameters>,2,0</ownDataTypeParameters>
<autoIncrementCycle>false</autoIncrementCycle>
</Column>
</columns>
<indexes itemClass="oracle.dbtools.crest.model.design.relational.Index">
<ind_PK_UK id="98242F51-A9AC-35CC-9F46-1361261EA221" name="PK_AIRPORT">
<sourceConnName>csora</sourceConnName>
<sourceObjSchema>RCHADDHA</sourceObjSchema>
<sourceObjName>PK_AIRPORT</sourceObjName>
<createdBy>risha</createdBy>
<createdTime>2021-12-03 03:28:44 UTC</createdTime>
<ownerDesignName>Project2SchemaDesign</ownerDesignName>
<pk>true</pk>
<indexState>Primary Constraint</indexState>
<isSurrogateKey>false</isSurrogateKey>
<indexColumnUsage>
<colUsage columnID="0C9431DB-B56E-F2B3-9D1C-A533BF1FE6BD"/>
</indexColumnUsage>
</ind_PK_UK>
<ind_PK_UK id="880CA508-7732-1282-07E4-52F1593B8223" schemaObject="42B4711F-9896-BD1E-55F5-EAB2ACED0F80" name="ID_AIRPORT_CITY">
<sourceConnName>csora</sourceConnName>
<sourceObjSchema>RCHADDHA</sourceObjSchema>
<sourceObjName>ID_AIRPORT_CITY</sourceObjName>
<createdBy>risha</createdBy>
<createdTime>2021-12-03 03:28:40 UTC</createdTime>
<ownerDesignName>Project2SchemaDesign</ownerDesignName>
<isSurrogateKey>false</isSurrogateKey>
<indexColumnUsage>
<colUsage columnID="9B3CA76B-EC16-1053-F8FD-07968C886EA2"/>
<colUsage columnID="62EE4526-A457-BE04-41ED-DFD7E7B112B2"/>
<colUsage columnID="C77E1C4C-413E-E705-6E0C-785CF5BD56B1"/>
</indexColumnUsage>
</ind_PK_UK>
<ind_PK_UK id="BE0C09AD-11BD-F9D8-CCF1-C9DFC032A0F7" schemaObject="42B4711F-9896-BD1E-55F5-EAB2ACED0F80" name="PK_AIRPORT">
<sourceConnName>csora</sourceConnName>
<sourceObjSchema>RCHADDHA</sourceObjSchema>
<sourceObjName>PK_AIRPORT</sourceObjName>
<createdBy>risha</createdBy>
<createdTime>2021-12-03 03:28:40 UTC</createdTime>
<ownerDesignName>Project2SchemaDesign</ownerDesignName>
<indexState>Unique Plain Index</indexState>
<isSurrogateKey>false</isSurrogateKey>
<indexColumnUsage>
<colUsage columnID="0C9431DB-B56E-F2B3-9D1C-A533BF1FE6BD"/>
</indexColumnUsage>
</ind_PK_UK>
<ind_PK_UK id="D8D25F4E-C405-30CD-628D-29D975587F0C" name="FK_AIRPORT_CITY">
<createdBy>risha</createdBy>
<createdTime>2021-12-03 03:28:46 UTC</createdTime>
<ownerDesignName>Project2SchemaDesign</ownerDesignName>
<indexState>Foreign Key</indexState>
<isSurrogateKey>false</isSurrogateKey>
<indexColumnUsage>
<colUsage columnID="9B3CA76B-EC16-1053-F8FD-07968C886EA2"/>
<colUsage columnID="62EE4526-A457-BE04-41ED-DFD7E7B112B2"/>
<colUsage columnID="C77E1C4C-413E-E705-6E0C-785CF5BD56B1"/>
</indexColumnUsage>
</ind_PK_UK>
<ind_PK_UK id="8F4B7D72-77B0-4796-98FE-58C15E3944FC" name="FK_AIRPORT_COUNTRY">
<createdBy>risha</createdBy>
<createdTime>2021-12-03 03:28:46 UTC</createdTime>
<ownerDesignName>Project2SchemaDesign</ownerDesignName>
<indexState>Foreign Key</indexState>
<isSurrogateKey>false</isSurrogateKey>
<indexColumnUsage>
<colUsage columnID="C77E1C4C-413E-E705-6E0C-785CF5BD56B1"/>
</indexColumnUsage>
</ind_PK_UK>
<ind_PK_UK id="7B149A4A-F3BF-E012-557F-C0E25E97CFE1" name="FN_AIRPORT_ISLAND">
<createdBy>risha</createdBy>
<createdTime>2021-12-03 03:28:46 UTC</createdTime>
<ownerDesignName>Project2SchemaDesign</ownerDesignName>
<indexState>Foreign Key</indexState>
<isSurrogateKey>false</isSurrogateKey>
<indexColumnUsage>
<colUsage columnID="9B3CA76B-EC16-1053-F8FD-07968C886EA2"/>
<colUsage columnID="62EE4526-A457-BE04-41ED-DFD7E7B112B2"/>
<colUsage columnID="C77E1C4C-413E-E705-6E0C-785CF5BD56B1"/>
<colUsage columnID="8FC36E7A-AC9C-C806-AF9E-77CE434DC7D4"/>
</indexColumnUsage>
</ind_PK_UK>
</indexes>
</Table>