<?xml version = '1.0' encoding = 'UTF-8'?>
<Table class="oracle.dbtools.crest.model.design.relational.Table" directorySegmentName="seg_0" id="9604D163-6F96-D72D-30C2-E90ECCBF0508" schemaObject="42B4711F-9896-BD1E-55F5-EAB2ACED0F80" name="COUNTRY_CONTINENT">
<sourceConnName>csora</sourceConnName>
<sourceObjSchema>RCHADDHA</sourceObjSchema>
<sourceObjName>COUNTRY_CONTINENT</sourceObjName>
<createdBy>risha</createdBy>
<createdTime>2021-12-03 03:28:36 UTC</createdTime>
<ownerDesignName>Project2SchemaDesign</ownerDesignName>
<allowColumnReorder>false</allowColumnReorder>
<existDependencyGenerateInDDl>true</existDependencyGenerateInDDl>
<parsed>true</parsed>
<columns itemClass="oracle.dbtools.crest.model.design.relational.Column">
<Column name="COUNTRY_CODE" id="49411059-856C-ED94-1200-A83DFDC4E203">
<sourceConnName>csora</sourceConnName>
<sourceObjSchema>COUNTRY_CONTINENT</sourceObjSchema>
<sourceObjName>COUNTRY_CODE</sourceObjName>
<createdBy>risha</createdBy>
<createdTime>2021-12-03 03:28:37 UTC</createdTime>
<ownerDesignName>Project2SchemaDesign</ownerDesignName>
<useDomainConstraints>false</useDomainConstraints>
<use>1</use>
<logicalDatatype>LOGDT024</logicalDatatype>
<dataTypeSize>5 BYTE</dataTypeSize>
<ownDataTypeParameters>5 BYTE,,</ownDataTypeParameters>
<autoIncrementCycle>false</autoIncrementCycle>
<associations>
<colAssociation fkAssociation="DFEF970A-3DC7-944D-A68E-8B04C48D4F41" referredColumn="9D3BEE30-907A-DABE-BEC4-AB51BE7B7153"/>
</associations>
</Column>
<Column name="CONTINENT_NAME" id="1C58CD4F-2732-5A34-7059-635C63437CFD">
<sourceConnName>csora</sourceConnName>
<sourceObjSchema>COUNTRY_CONTINENT</sourceObjSchema>
<sourceObjName>CONTINENT_NAME</sourceObjName>
<createdBy>risha</createdBy>
<createdTime>2021-12-03 03:28:37 UTC</createdTime>
<ownerDesignName>Project2SchemaDesign</ownerDesignName>
<useDomainConstraints>false</useDomainConstraints>
<use>1</use>
<logicalDatatype>LOGDT024</logicalDatatype>
<dataTypeSize>20 BYTE</dataTypeSize>
<ownDataTypeParameters>20 BYTE,,</ownDataTypeParameters>
<autoIncrementCycle>false</autoIncrementCycle>
<associations>
<colAssociation fkAssociation="8CE66CD2-078E-0DE7-0C9A-584907DD0726" referredColumn="9EB57C9B-3E80-E55B-00E8-7C2755BD875F"/>
</associations>
</Column>
<Column name="ENCOMPASS_PERCENTAGE" id="CF54BCF3-8EFB-CC2B-5871-9E7FAEA3EB5D">
<sourceConnName>csora</sourceConnName>
<sourceObjSchema>COUNTRY_CONTINENT</sourceObjSchema>
<sourceObjName>ENCOMPASS_PERCENTAGE</sourceObjName>
<createdBy>risha</createdBy>
<createdTime>2021-12-03 03:28:37 UTC</createdTime>
<ownerDesignName>Project2SchemaDesign</ownerDesignName>
<constraintName>CHECK_COUNTRY_CONTINENT_PERCENTAGE</constraintName>
<nullsAllowed>true</nullsAllowed>
<useDomainConstraints>false</useDomainConstraints>
<use>1</use>
<logicalDatatype>LOGDT019</logicalDatatype>
<dataTypePrecision>5</dataTypePrecision>
<dataTypeScale>2</dataTypeScale>
<checkConstraint>
<implementationDef dbType="Generic Constraint" definition="encompass_percentage &gt;= 0 AND encompass_percentage &lt;= 100"/>
<implementationDef dbType="Oracle Database 12cR2" definition="encompass_percentage &gt;= 0 AND encompass_percentage &lt;= 100"/>
</checkConstraint>
<ownDataTypeParameters>,5,2</ownDataTypeParameters>
<autoIncrementCycle>false</autoIncrementCycle>
</Column>
</columns>
<indexes itemClass="oracle.dbtools.crest.model.design.relational.Index">
<ind_PK_UK id="C93C0D07-4775-F615-04CC-57D654C1FCEA" name="PK_COUNTRY_CONTINENT">
<sourceConnName>csora</sourceConnName>
<sourceObjSchema>RCHADDHA</sourceObjSchema>
<sourceObjName>PK_COUNTRY_CONTINENT</sourceObjName>
<createdBy>risha</createdBy>
<createdTime>2021-12-03 03:28:44 UTC</createdTime>
<ownerDesignName>Project2SchemaDesign</ownerDesignName>
<pk>true</pk>
<indexState>Primary Constraint</indexState>
<isSurrogateKey>false</isSurrogateKey>
<indexColumnUsage>
<colUsage columnID="49411059-856C-ED94-1200-A83DFDC4E203"/>
<colUsage columnID="1C58CD4F-2732-5A34-7059-635C63437CFD"/>
</indexColumnUsage>
</ind_PK_UK>
<ind_PK_UK id="14612FE2-0B03-DF54-A4CA-C70396BBC069" schemaObject="42B4711F-9896-BD1E-55F5-EAB2ACED0F80" name="PK_COUNTRY_CONTINENT">
<sourceConnName>csora</sourceConnName>
<sourceObjSchema>RCHADDHA</sourceObjSchema>
<sourceObjName>PK_COUNTRY_CONTINENT</sourceObjName>
<createdBy>risha</createdBy>
<createdTime>2021-12-03 03:28:43 UTC</createdTime>
<ownerDesignName>Project2SchemaDesign</ownerDesignName>
<indexState>Unique Plain Index</indexState>
<isSurrogateKey>false</isSurrogateKey>
<indexColumnUsage>
<colUsage columnID="49411059-856C-ED94-1200-A83DFDC4E203"/>
<colUsage columnID="1C58CD4F-2732-5A34-7059-635C63437CFD"/>
</indexColumnUsage>
</ind_PK_UK>
<ind_PK_UK id="771392C3-8794-EDA4-8385-413B0ECC4894" name="FK_COUNTRY_CONTINENT_CONTINENT">
<createdBy>risha</createdBy>
<createdTime>2021-12-03 03:28:46 UTC</createdTime>
<ownerDesignName>Project2SchemaDesign</ownerDesignName>
<indexState>Foreign Key</indexState>
<isSurrogateKey>false</isSurrogateKey>
<indexColumnUsage>
<colUsage columnID="1C58CD4F-2732-5A34-7059-635C63437CFD"/>
</indexColumnUsage>
</ind_PK_UK>
<ind_PK_UK id="DEA9F600-D452-B262-16C1-394C8BA4E309" name="FK_COUNTRY_CONTINENT_COUNTRY">
<createdBy>risha</createdBy>
<createdTime>2021-12-03 03:28:46 UTC</createdTime>
<ownerDesignName>Project2SchemaDesign</ownerDesignName>
<indexState>Foreign Key</indexState>
<isSurrogateKey>false</isSurrogateKey>
<indexColumnUsage>
<colUsage columnID="49411059-856C-ED94-1200-A83DFDC4E203"/>
</indexColumnUsage>
</ind_PK_UK>
</indexes>
</Table>