<?xml version = '1.0' encoding = 'UTF-8'?>
<Table class="oracle.dbtools.crest.model.design.relational.Table" directorySegmentName="seg_0" id="A888292B-1044-E780-B9FD-F57EAE3ECEFE" schemaObject="42B4711F-9896-BD1E-55F5-EAB2ACED0F80" name="PROVINCE_POPULATION">
<sourceConnName>csora</sourceConnName>
<sourceObjSchema>RCHADDHA</sourceObjSchema>
<sourceObjName>PROVINCE_POPULATION</sourceObjName>
<createdBy>risha</createdBy>
<createdTime>2021-12-03 03:28:36 UTC</createdTime>
<ownerDesignName>Project2SchemaDesign</ownerDesignName>
<allowColumnReorder>false</allowColumnReorder>
<existDependencyGenerateInDDl>true</existDependencyGenerateInDDl>
<parsed>true</parsed>
<columns itemClass="oracle.dbtools.crest.model.design.relational.Column">
<Column name="PROVINCE_NAME" id="0BDDD8F5-EA0F-0413-29DA-5451D82FB869">
<sourceConnName>csora</sourceConnName>
<sourceObjSchema>PROVINCE_POPULATION</sourceObjSchema>
<sourceObjName>PROVINCE_NAME</sourceObjName>
<createdBy>risha</createdBy>
<createdTime>2021-12-03 03:28:37 UTC</createdTime>
<ownerDesignName>Project2SchemaDesign</ownerDesignName>
<useDomainConstraints>false</useDomainConstraints>
<use>1</use>
<logicalDatatype>LOGDT024</logicalDatatype>
<dataTypeSize>255 BYTE</dataTypeSize>
<ownDataTypeParameters>255 BYTE,,</ownDataTypeParameters>
<autoIncrementCycle>false</autoIncrementCycle>
<associations>
<colAssociation fkAssociation="D1B8FCAF-6323-84D3-9F04-EFF1319ACB5A" referredColumn="92AF547C-1E4C-5AED-5426-DC68D8D25F80"/>
</associations>
</Column>
<Column name="COUNTRY_CODE" id="0A5D0472-55EE-8263-EEBD-CBF74423B9B3">
<sourceConnName>csora</sourceConnName>
<sourceObjSchema>PROVINCE_POPULATION</sourceObjSchema>
<sourceObjName>COUNTRY_CODE</sourceObjName>
<createdBy>risha</createdBy>
<createdTime>2021-12-03 03:28:37 UTC</createdTime>
<ownerDesignName>Project2SchemaDesign</ownerDesignName>
<useDomainConstraints>false</useDomainConstraints>
<use>1</use>
<logicalDatatype>LOGDT024</logicalDatatype>
<dataTypeSize>5 BYTE</dataTypeSize>
<ownDataTypeParameters>5 BYTE,,</ownDataTypeParameters>
<autoIncrementCycle>false</autoIncrementCycle>
<associations>
<colAssociation fkAssociation="D1B8FCAF-6323-84D3-9F04-EFF1319ACB5A" referredColumn="0D175EE0-A2A2-52BB-E719-954B91147BE5"/>
</associations>
</Column>
<Column name="POPULATION" id="D983877A-D3AC-4923-4D18-DB6D3D05F450">
<sourceConnName>csora</sourceConnName>
<sourceObjSchema>PROVINCE_POPULATION</sourceObjSchema>
<sourceObjName>POPULATION</sourceObjName>
<createdBy>risha</createdBy>
<createdTime>2021-12-03 03:28:37 UTC</createdTime>
<ownerDesignName>Project2SchemaDesign</ownerDesignName>
<constraintName>CHECK_PROVINCE_POPULATION_POPULATION</constraintName>
<useDomainConstraints>false</useDomainConstraints>
<use>1</use>
<logicalDatatype>LOGDT019</logicalDatatype>
<dataTypePrecision>11</dataTypePrecision>
<dataTypeScale>0</dataTypeScale>
<checkConstraint>
<implementationDef dbType="Generic Constraint" definition="population &gt; 0"/>
<implementationDef dbType="Oracle Database 12cR2" definition="population &gt; 0"/>
</checkConstraint>
<ownDataTypeParameters>,11,0</ownDataTypeParameters>
<autoIncrementCycle>false</autoIncrementCycle>
</Column>
<Column name="YEAR" id="75DE474C-3B4C-DF34-4079-CA2B4113D7BD">
<sourceConnName>csora</sourceConnName>
<sourceObjSchema>PROVINCE_POPULATION</sourceObjSchema>
<sourceObjName>YEAR</sourceObjName>
<createdBy>risha</createdBy>
<createdTime>2021-12-03 03:28:37 UTC</createdTime>
<ownerDesignName>Project2SchemaDesign</ownerDesignName>
<constraintName>CHECK_PROVINCE_POPULATION_YEAR</constraintName>
<useDomainConstraints>false</useDomainConstraints>
<use>1</use>
<logicalDatatype>LOGDT019</logicalDatatype>
<dataTypePrecision>4</dataTypePrecision>
<dataTypeScale>0</dataTypeScale>
<checkConstraint>
<implementationDef dbType="Generic Constraint" definition="year &gt; 0"/>
<implementationDef dbType="Oracle Database 12cR2" definition="year &gt; 0"/>
</checkConstraint>
<ownDataTypeParameters>,4,0</ownDataTypeParameters>
<autoIncrementCycle>false</autoIncrementCycle>
</Column>
</columns>
<indexes itemClass="oracle.dbtools.crest.model.design.relational.Index">
<ind_PK_UK id="C318A43E-8F80-B66D-3A85-ED95E0EC03D8" name="PK_PROVINCE_POPULATION">
<sourceConnName>csora</sourceConnName>
<sourceObjSchema>RCHADDHA</sourceObjSchema>
<sourceObjName>PK_PROVINCE_POPULATION</sourceObjName>
<createdBy>risha</createdBy>
<createdTime>2021-12-03 03:28:44 UTC</createdTime>
<ownerDesignName>Project2SchemaDesign</ownerDesignName>
<pk>true</pk>
<indexState>Primary Constraint</indexState>
<isSurrogateKey>false</isSurrogateKey>
<indexColumnUsage>
<colUsage columnID="0BDDD8F5-EA0F-0413-29DA-5451D82FB869"/>
<colUsage columnID="0A5D0472-55EE-8263-EEBD-CBF74423B9B3"/>
<colUsage columnID="D983877A-D3AC-4923-4D18-DB6D3D05F450"/>
<colUsage columnID="75DE474C-3B4C-DF34-4079-CA2B4113D7BD"/>
</indexColumnUsage>
</ind_PK_UK>
<ind_PK_UK id="4D975600-F6E2-FBE1-FD6C-DF6AD2CDABCA" schemaObject="42B4711F-9896-BD1E-55F5-EAB2ACED0F80" name="PK_PROVINCE_POPULATION">
<sourceConnName>csora</sourceConnName>
<sourceObjSchema>RCHADDHA</sourceObjSchema>
<sourceObjName>PK_PROVINCE_POPULATION</sourceObjName>
<createdBy>risha</createdBy>
<createdTime>2021-12-03 03:28:44 UTC</createdTime>
<ownerDesignName>Project2SchemaDesign</ownerDesignName>
<indexState>Unique Plain Index</indexState>
<isSurrogateKey>false</isSurrogateKey>
<indexColumnUsage>
<colUsage columnID="0BDDD8F5-EA0F-0413-29DA-5451D82FB869"/>
<colUsage columnID="0A5D0472-55EE-8263-EEBD-CBF74423B9B3"/>
<colUsage columnID="D983877A-D3AC-4923-4D18-DB6D3D05F450"/>
<colUsage columnID="75DE474C-3B4C-DF34-4079-CA2B4113D7BD"/>
</indexColumnUsage>
</ind_PK_UK>
<ind_PK_UK id="6DB794FC-D62F-B811-100F-9629A8140392" name="FK_PROVINCE_POPULATION_PROVINCE">
<createdBy>risha</createdBy>
<createdTime>2021-12-03 03:28:46 UTC</createdTime>
<ownerDesignName>Project2SchemaDesign</ownerDesignName>
<indexState>Foreign Key</indexState>
<isSurrogateKey>false</isSurrogateKey>
<indexColumnUsage>
<colUsage columnID="0BDDD8F5-EA0F-0413-29DA-5451D82FB869"/>
<colUsage columnID="0A5D0472-55EE-8263-EEBD-CBF74423B9B3"/>
</indexColumnUsage>
</ind_PK_UK>
</indexes>
</Table>