<?xml version = '1.0' encoding = 'UTF-8'?>
<Table class="oracle.dbtools.crest.model.design.relational.Table" directorySegmentName="seg_0" id="B36AF580-F995-2CAE-2474-8B71C64ED978" schemaObject="42B4711F-9896-BD1E-55F5-EAB2ACED0F80" name="CITY_OTHER_NAME">
<sourceConnName>csora</sourceConnName>
<sourceObjSchema>RCHADDHA</sourceObjSchema>
<sourceObjName>CITY_OTHER_NAME</sourceObjName>
<createdBy>risha</createdBy>
<createdTime>2021-12-03 03:28:36 UTC</createdTime>
<ownerDesignName>Project2SchemaDesign</ownerDesignName>
<allowColumnReorder>false</allowColumnReorder>
<existDependencyGenerateInDDl>true</existDependencyGenerateInDDl>
<parsed>true</parsed>
<columns itemClass="oracle.dbtools.crest.model.design.relational.Column">
<Column name="CITY_NAME" id="AEF4BC12-5DAD-DB7E-2B9D-DDBF83F3074C">
<sourceConnName>csora</sourceConnName>
<sourceObjSchema>CITY_OTHER_NAME</sourceObjSchema>
<sourceObjName>CITY_NAME</sourceObjName>
<createdBy>risha</createdBy>
<createdTime>2021-12-03 03:28:37 UTC</createdTime>
<ownerDesignName>Project2SchemaDesign</ownerDesignName>
<useDomainConstraints>false</useDomainConstraints>
<use>1</use>
<logicalDatatype>LOGDT024</logicalDatatype>
<dataTypeSize>255 BYTE</dataTypeSize>
<ownDataTypeParameters>255 BYTE,,</ownDataTypeParameters>
<autoIncrementCycle>false</autoIncrementCycle>
<associations>
<colAssociation fkAssociation="C9929122-FD41-2004-3C5F-6C8650A4482A" referredColumn="DC8A1796-3D3C-9621-537C-00EC0B5BBD53"/>
</associations>
</Column>
<Column name="PROVINCE_NAME" id="99B9A0F0-4FF3-B10B-8D64-3FB8D16BE529">
<sourceConnName>csora</sourceConnName>
<sourceObjSchema>CITY_OTHER_NAME</sourceObjSchema>
<sourceObjName>PROVINCE_NAME</sourceObjName>
<createdBy>risha</createdBy>
<createdTime>2021-12-03 03:28:37 UTC</createdTime>
<ownerDesignName>Project2SchemaDesign</ownerDesignName>
<useDomainConstraints>false</useDomainConstraints>
<use>1</use>
<logicalDatatype>LOGDT024</logicalDatatype>
<dataTypeSize>255 BYTE</dataTypeSize>
<ownDataTypeParameters>255 BYTE,,</ownDataTypeParameters>
<autoIncrementCycle>false</autoIncrementCycle>
<associations>
<colAssociation fkAssociation="C9929122-FD41-2004-3C5F-6C8650A4482A" referredColumn="B53624EA-8D22-00FC-C5BA-F941200663D3"/>
</associations>
</Column>
<Column name="COUNTRY_CODE" id="FCE35C75-EEE7-1A9F-0AA1-7F9C740E8D2A">
<sourceConnName>csora</sourceConnName>
<sourceObjSchema>CITY_OTHER_NAME</sourceObjSchema>
<sourceObjName>COUNTRY_CODE</sourceObjName>
<createdBy>risha</createdBy>
<createdTime>2021-12-03 03:28:37 UTC</createdTime>
<ownerDesignName>Project2SchemaDesign</ownerDesignName>
<useDomainConstraints>false</useDomainConstraints>
<use>1</use>
<logicalDatatype>LOGDT024</logicalDatatype>
<dataTypeSize>5 BYTE</dataTypeSize>
<ownDataTypeParameters>5 BYTE,,</ownDataTypeParameters>
<autoIncrementCycle>false</autoIncrementCycle>
<associations>
<colAssociation fkAssociation="C9929122-FD41-2004-3C5F-6C8650A4482A" referredColumn="500399C4-EF12-C5AE-3D2C-B04248F5B8BE"/>
</associations>
</Column>
<Column name="CITY_OTHER_NAME" id="BC10A449-6BD9-4D1B-AFC6-13683F21B132">
<sourceConnName>csora</sourceConnName>
<sourceObjSchema>CITY_OTHER_NAME</sourceObjSchema>
<sourceObjName>CITY_OTHER_NAME</sourceObjName>
<createdBy>risha</createdBy>
<createdTime>2021-12-03 03:28:37 UTC</createdTime>
<ownerDesignName>Project2SchemaDesign</ownerDesignName>
<useDomainConstraints>false</useDomainConstraints>
<use>1</use>
<logicalDatatype>LOGDT024</logicalDatatype>
<dataTypeSize>255 BYTE</dataTypeSize>
<ownDataTypeParameters>255 BYTE,,</ownDataTypeParameters>
<autoIncrementCycle>false</autoIncrementCycle>
</Column>
</columns>
<indexes itemClass="oracle.dbtools.crest.model.design.relational.Index">
<ind_PK_UK id="70769DB0-515F-FC89-3F69-78372FB128A1" name="PK_CITY_OTHER_NAME">
<sourceConnName>csora</sourceConnName>
<sourceObjSchema>RCHADDHA</sourceObjSchema>
<sourceObjName>PK_CITY_OTHER_NAME</sourceObjName>
<createdBy>risha</createdBy>
<createdTime>2021-12-03 03:28:44 UTC</createdTime>
<ownerDesignName>Project2SchemaDesign</ownerDesignName>
<pk>true</pk>
<indexState>Primary Constraint</indexState>
<isSurrogateKey>false</isSurrogateKey>
<indexColumnUsage>
<colUsage columnID="AEF4BC12-5DAD-DB7E-2B9D-DDBF83F3074C"/>
<colUsage columnID="99B9A0F0-4FF3-B10B-8D64-3FB8D16BE529"/>
<colUsage columnID="FCE35C75-EEE7-1A9F-0AA1-7F9C740E8D2A"/>
<colUsage columnID="BC10A449-6BD9-4D1B-AFC6-13683F21B132"/>
</indexColumnUsage>
</ind_PK_UK>
<ind_PK_UK id="8DB46F30-792D-7AE7-085C-CB50728F30FC" schemaObject="42B4711F-9896-BD1E-55F5-EAB2ACED0F80" name="PK_CITY_OTHER_NAME">
<sourceConnName>csora</sourceConnName>
<sourceObjSchema>RCHADDHA</sourceObjSchema>
<sourceObjName>PK_CITY_OTHER_NAME</sourceObjName>
<createdBy>risha</createdBy>
<createdTime>2021-12-03 03:28:43 UTC</createdTime>
<ownerDesignName>Project2SchemaDesign</ownerDesignName>
<indexState>Unique Plain Index</indexState>
<isSurrogateKey>false</isSurrogateKey>
<indexColumnUsage>
<colUsage columnID="AEF4BC12-5DAD-DB7E-2B9D-DDBF83F3074C"/>
<colUsage columnID="99B9A0F0-4FF3-B10B-8D64-3FB8D16BE529"/>
<colUsage columnID="FCE35C75-EEE7-1A9F-0AA1-7F9C740E8D2A"/>
<colUsage columnID="BC10A449-6BD9-4D1B-AFC6-13683F21B132"/>
</indexColumnUsage>
</ind_PK_UK>
<ind_PK_UK id="06FF81FA-E828-5F76-8EAE-D0DFDB17A39F" name="FK_CITY_OTHER_NAME_CITY">
<createdBy>risha</createdBy>
<createdTime>2021-12-03 03:28:46 UTC</createdTime>
<ownerDesignName>Project2SchemaDesign</ownerDesignName>
<indexState>Foreign Key</indexState>
<isSurrogateKey>false</isSurrogateKey>
<indexColumnUsage>
<colUsage columnID="AEF4BC12-5DAD-DB7E-2B9D-DDBF83F3074C"/>
<colUsage columnID="99B9A0F0-4FF3-B10B-8D64-3FB8D16BE529"/>
<colUsage columnID="FCE35C75-EEE7-1A9F-0AA1-7F9C740E8D2A"/>
</indexColumnUsage>
</ind_PK_UK>
</indexes>
</Table>