<?xml version = '1.0' encoding = 'UTF-8'?>
<Table class="oracle.dbtools.crest.model.design.relational.Table" directorySegmentName="seg_0" id="DD10470E-17A8-FA18-3B97-0DF1ECADF9FA" schemaObject="42B4711F-9896-BD1E-55F5-EAB2ACED0F80" name="POLITICS">
<sourceConnName>csora</sourceConnName>
<sourceObjSchema>RCHADDHA</sourceObjSchema>
<sourceObjName>POLITICS</sourceObjName>
<createdBy>risha</createdBy>
<createdTime>2021-12-03 03:28:36 UTC</createdTime>
<ownerDesignName>Project2SchemaDesign</ownerDesignName>
<allowColumnReorder>false</allowColumnReorder>
<existDependencyGenerateInDDl>true</existDependencyGenerateInDDl>
<parsed>true</parsed>
<columns itemClass="oracle.dbtools.crest.model.design.relational.Column">
<Column name="COUNTRY_CODE" id="1F5B7359-468D-4D3C-9F11-F8A5C746C24B">
<sourceConnName>csora</sourceConnName>
<sourceObjSchema>POLITICS</sourceObjSchema>
<sourceObjName>COUNTRY_CODE</sourceObjName>
<createdBy>risha</createdBy>
<createdTime>2021-12-03 03:28:37 UTC</createdTime>
<ownerDesignName>Project2SchemaDesign</ownerDesignName>
<useDomainConstraints>false</useDomainConstraints>
<use>1</use>
<logicalDatatype>LOGDT024</logicalDatatype>
<dataTypeSize>5 BYTE</dataTypeSize>
<ownDataTypeParameters>5 BYTE,,</ownDataTypeParameters>
<autoIncrementCycle>false</autoIncrementCycle>
<associations>
<colAssociation fkAssociation="36AC2CB2-EB88-BAF6-88BA-B8E21D405C18" referredColumn="9D3BEE30-907A-DABE-BEC4-AB51BE7B7153"/>
</associations>
</Column>
<Column name="INDEPENDENCE_DATE" id="6E192F73-A1D5-72BA-57A3-BDDE281B1486">
<sourceConnName>csora</sourceConnName>
<sourceObjSchema>POLITICS</sourceObjSchema>
<sourceObjName>INDEPENDENCE_DATE</sourceObjName>
<createdBy>risha</createdBy>
<createdTime>2021-12-03 03:28:37 UTC</createdTime>
<ownerDesignName>Project2SchemaDesign</ownerDesignName>
<nullsAllowed>true</nullsAllowed>
<useDomainConstraints>false</useDomainConstraints>
<use>1</use>
<logicalDatatype>LOGDT007</logicalDatatype>
<dataTypeSize>7</dataTypeSize>
<ownDataTypeParameters>7,,</ownDataTypeParameters>
<autoIncrementCycle>false</autoIncrementCycle>
</Column>
<Column name="WAS_DEPENDENT" id="38AF0EEE-AE0B-5092-1014-C26FC2DBC840">
<sourceConnName>csora</sourceConnName>
<sourceObjSchema>POLITICS</sourceObjSchema>
<sourceObjName>WAS_DEPENDENT</sourceObjName>
<createdBy>risha</createdBy>
<createdTime>2021-12-03 03:28:37 UTC</createdTime>
<ownerDesignName>Project2SchemaDesign</ownerDesignName>
<nullsAllowed>true</nullsAllowed>
<useDomainConstraints>false</useDomainConstraints>
<use>1</use>
<logicalDatatype>LOGDT024</logicalDatatype>
<dataTypeSize>255 BYTE</dataTypeSize>
<ownDataTypeParameters>255 BYTE,,</ownDataTypeParameters>
<autoIncrementCycle>false</autoIncrementCycle>
</Column>
<Column name="DEPENDENT" id="15C19C58-AE95-B102-9F33-9AE4E3E01218">
<sourceConnName>csora</sourceConnName>
<sourceObjSchema>POLITICS</sourceObjSchema>
<sourceObjName>DEPENDENT</sourceObjName>
<createdBy>risha</createdBy>
<createdTime>2021-12-03 03:28:37 UTC</createdTime>
<ownerDesignName>Project2SchemaDesign</ownerDesignName>
<nullsAllowed>true</nullsAllowed>
<useDomainConstraints>false</useDomainConstraints>
<use>1</use>
<logicalDatatype>LOGDT024</logicalDatatype>
<dataTypeSize>5 BYTE</dataTypeSize>
<ownDataTypeParameters>5 BYTE,,</ownDataTypeParameters>
<autoIncrementCycle>false</autoIncrementCycle>
<associations>
<colAssociation fkAssociation="0735FF2F-E6C7-9432-B8E3-094380161BD0" referredColumn="9D3BEE30-907A-DABE-BEC4-AB51BE7B7153"/>
</associations>
</Column>
<Column name="GOVERNMENT" id="98F48BA6-0DC7-7043-C36F-F202A0848E50">
<sourceConnName>csora</sourceConnName>
<sourceObjSchema>POLITICS</sourceObjSchema>
<sourceObjName>GOVERNMENT</sourceObjName>
<createdBy>risha</createdBy>
<createdTime>2021-12-03 03:28:37 UTC</createdTime>
<ownerDesignName>Project2SchemaDesign</ownerDesignName>
<nullsAllowed>true</nullsAllowed>
<useDomainConstraints>false</useDomainConstraints>
<use>1</use>
<logicalDatatype>LOGDT024</logicalDatatype>
<dataTypeSize>255 BYTE</dataTypeSize>
<ownDataTypeParameters>255 BYTE,,</ownDataTypeParameters>
<autoIncrementCycle>false</autoIncrementCycle>
</Column>
</columns>
<indexes itemClass="oracle.dbtools.crest.model.design.relational.Index">
<ind_PK_UK id="DE0C1F4A-7016-0975-B489-8345C3DE49D9" name="PK_POLITICS">
<sourceConnName>csora</sourceConnName>
<sourceObjSchema>RCHADDHA</sourceObjSchema>
<sourceObjName>PK_POLITICS</sourceObjName>
<createdBy>risha</createdBy>
<createdTime>2021-12-03 03:28:44 UTC</createdTime>
<ownerDesignName>Project2SchemaDesign</ownerDesignName>
<pk>true</pk>
<indexState>Primary Constraint</indexState>
<isSurrogateKey>false</isSurrogateKey>
<indexColumnUsage>
<colUsage columnID="1F5B7359-468D-4D3C-9F11-F8A5C746C24B"/>
</indexColumnUsage>
</ind_PK_UK>
<ind_PK_UK id="7C992B18-C69D-92E0-C41C-E495997ED48A" schemaObject="42B4711F-9896-BD1E-55F5-EAB2ACED0F80" name="PK_POLITICS">
<sourceConnName>csora</sourceConnName>
<sourceObjSchema>RCHADDHA</sourceObjSchema>
<sourceObjName>PK_POLITICS</sourceObjName>
<createdBy>risha</createdBy>
<createdTime>2021-12-03 03:28:43 UTC</createdTime>
<ownerDesignName>Project2SchemaDesign</ownerDesignName>
<indexState>Unique Plain Index</indexState>
<isSurrogateKey>false</isSurrogateKey>
<indexColumnUsage>
<colUsage columnID="1F5B7359-468D-4D3C-9F11-F8A5C746C24B"/>
</indexColumnUsage>
</ind_PK_UK>
<ind_PK_UK id="811C3D70-07AA-A96E-C817-49F47C0B8C61" name="FK_POLITICS_COUNTRY">
<createdBy>risha</createdBy>
<createdTime>2021-12-03 03:28:46 UTC</createdTime>
<ownerDesignName>Project2SchemaDesign</ownerDesignName>
<indexState>Foreign Key</indexState>
<isSurrogateKey>false</isSurrogateKey>
<indexColumnUsage>
<colUsage columnID="1F5B7359-468D-4D3C-9F11-F8A5C746C24B"/>
</indexColumnUsage>
</ind_PK_UK>
<ind_PK_UK id="EC07A339-3234-D53E-53E0-F2585A8FFE1D" name="FN_POLITICS_DEPENDENT_COUNTRY">
<createdBy>risha</createdBy>
<createdTime>2021-12-03 03:28:46 UTC</createdTime>
<ownerDesignName>Project2SchemaDesign</ownerDesignName>
<indexState>Foreign Key</indexState>
<isSurrogateKey>false</isSurrogateKey>
<indexColumnUsage>
<colUsage columnID="15C19C58-AE95-B102-9F33-9AE4E3E01218"/>
</indexColumnUsage>
</ind_PK_UK>
</indexes>
</Table>