<?xml version = '1.0' encoding = 'UTF-8'?>
<Table class="oracle.dbtools.crest.model.design.relational.Table" directorySegmentName="seg_0" id="E3581CCB-DD7F-F060-239E-710A212BC3C8" schemaObject="42B4711F-9896-BD1E-55F5-EAB2ACED0F80" name="BORDERS">
<sourceConnName>csora</sourceConnName>
<sourceObjSchema>RCHADDHA</sourceObjSchema>
<sourceObjName>BORDERS</sourceObjName>
<createdBy>risha</createdBy>
<createdTime>2021-12-03 03:28:36 UTC</createdTime>
<ownerDesignName>Project2SchemaDesign</ownerDesignName>
<allowColumnReorder>false</allowColumnReorder>
<existDependencyGenerateInDDl>true</existDependencyGenerateInDDl>
<parsed>true</parsed>
<columns itemClass="oracle.dbtools.crest.model.design.relational.Column">
<Column name="COUNTRY_CODE_1" id="4BB1543D-F8E9-2137-C3AB-F8F1B31EE2F6">
<sourceConnName>csora</sourceConnName>
<sourceObjSchema>BORDERS</sourceObjSchema>
<sourceObjName>COUNTRY_CODE_1</sourceObjName>
<createdBy>risha</createdBy>
<createdTime>2021-12-03 03:28:37 UTC</createdTime>
<ownerDesignName>Project2SchemaDesign</ownerDesignName>
<useDomainConstraints>false</useDomainConstraints>
<use>1</use>
<logicalDatatype>LOGDT024</logicalDatatype>
<dataTypeSize>5 BYTE</dataTypeSize>
<ownDataTypeParameters>5 BYTE,,</ownDataTypeParameters>
<autoIncrementCycle>false</autoIncrementCycle>
<associations>
<colAssociation fkAssociation="8F8AA9B1-D851-7EF9-36C0-285C6B31F6A8" referredColumn="9D3BEE30-907A-DABE-BEC4-AB51BE7B7153"/>
</associations>
</Column>
<Column name="COUNTRY_CODE_2" id="C4E27A3C-5E1A-A2E4-769D-7733851BCD0F">
<sourceConnName>csora</sourceConnName>
<sourceObjSchema>BORDERS</sourceObjSchema>
<sourceObjName>COUNTRY_CODE_2</sourceObjName>
<createdBy>risha</createdBy>
<createdTime>2021-12-03 03:28:37 UTC</createdTime>
<ownerDesignName>Project2SchemaDesign</ownerDesignName>
<useDomainConstraints>false</useDomainConstraints>
<use>1</use>
<logicalDatatype>LOGDT024</logicalDatatype>
<dataTypeSize>5 BYTE</dataTypeSize>
<ownDataTypeParameters>5 BYTE,,</ownDataTypeParameters>
<autoIncrementCycle>false</autoIncrementCycle>
<associations>
<colAssociation fkAssociation="06BAF8BD-ABE8-8A14-CD2B-1B976EDE963C" referredColumn="9D3BEE30-907A-DABE-BEC4-AB51BE7B7153"/>
</associations>
</Column>
<Column name="LENGTH" id="CCCC3654-DF39-70BD-B9A3-0E9BFBCE0C67">
<sourceConnName>csora</sourceConnName>
<sourceObjSchema>BORDERS</sourceObjSchema>
<sourceObjName>LENGTH</sourceObjName>
<createdBy>risha</createdBy>
<createdTime>2021-12-03 03:28:37 UTC</createdTime>
<ownerDesignName>Project2SchemaDesign</ownerDesignName>
<constraintName>CHECK_BORDERS_LENGTH</constraintName>
<nullsAllowed>true</nullsAllowed>
<useDomainConstraints>false</useDomainConstraints>
<use>1</use>
<logicalDatatype>LOGDT019</logicalDatatype>
<checkConstraint>
<implementationDef dbType="Generic Constraint" definition="length &gt;= 0"/>
<implementationDef dbType="Oracle Database 12cR2" definition="length &gt;= 0"/>
</checkConstraint>
<ownDataTypeParameters>,,</ownDataTypeParameters>
<autoIncrementCycle>false</autoIncrementCycle>
</Column>
</columns>
<indexes itemClass="oracle.dbtools.crest.model.design.relational.Index">
<ind_PK_UK id="D1DCAF4B-2B83-18D3-1533-08EA94355C2F" name="PK_BORDERS">
<sourceConnName>csora</sourceConnName>
<sourceObjSchema>RCHADDHA</sourceObjSchema>
<sourceObjName>PK_BORDERS</sourceObjName>
<createdBy>risha</createdBy>
<createdTime>2021-12-03 03:28:44 UTC</createdTime>
<ownerDesignName>Project2SchemaDesign</ownerDesignName>
<pk>true</pk>
<indexState>Primary Constraint</indexState>
<isSurrogateKey>false</isSurrogateKey>
<indexColumnUsage>
<colUsage columnID="4BB1543D-F8E9-2137-C3AB-F8F1B31EE2F6"/>
<colUsage columnID="C4E27A3C-5E1A-A2E4-769D-7733851BCD0F"/>
</indexColumnUsage>
</ind_PK_UK>
<ind_PK_UK id="0E03749A-755B-9B74-597A-B8AB0CD3C394" schemaObject="42B4711F-9896-BD1E-55F5-EAB2ACED0F80" name="PK_BORDERS">
<sourceConnName>csora</sourceConnName>
<sourceObjSchema>RCHADDHA</sourceObjSchema>
<sourceObjName>PK_BORDERS</sourceObjName>
<createdBy>risha</createdBy>
<createdTime>2021-12-03 03:28:41 UTC</createdTime>
<ownerDesignName>Project2SchemaDesign</ownerDesignName>
<indexState>Unique Plain Index</indexState>
<isSurrogateKey>false</isSurrogateKey>
<indexColumnUsage>
<colUsage columnID="4BB1543D-F8E9-2137-C3AB-F8F1B31EE2F6"/>
<colUsage columnID="C4E27A3C-5E1A-A2E4-769D-7733851BCD0F"/>
</indexColumnUsage>
</ind_PK_UK>
<ind_PK_UK id="B49C79A9-BD6D-5C5B-F3CB-A478F0405B65" name="FK_BORDERS_COUNTRY_1">
<createdBy>risha</createdBy>
<createdTime>2021-12-03 03:28:46 UTC</createdTime>
<ownerDesignName>Project2SchemaDesign</ownerDesignName>
<indexState>Foreign Key</indexState>
<isSurrogateKey>false</isSurrogateKey>
<indexColumnUsage>
<colUsage columnID="4BB1543D-F8E9-2137-C3AB-F8F1B31EE2F6"/>
</indexColumnUsage>
</ind_PK_UK>
<ind_PK_UK id="BB783BFA-6AF7-653D-7DA2-34A492A22AE5" name="FK_BORDERS_COUNTRY_2">
<createdBy>risha</createdBy>
<createdTime>2021-12-03 03:28:46 UTC</createdTime>
<ownerDesignName>Project2SchemaDesign</ownerDesignName>
<indexState>Foreign Key</indexState>
<isSurrogateKey>false</isSurrogateKey>
<indexColumnUsage>
<colUsage columnID="C4E27A3C-5E1A-A2E4-769D-7733851BCD0F"/>
</indexColumnUsage>
</ind_PK_UK>
</indexes>
</Table>