<?xml version = '1.0' encoding = 'UTF-8'?>
<Table class="oracle.dbtools.crest.model.design.relational.Table" directorySegmentName="seg_0" id="E589748D-B683-47A8-111F-398BA80D42D9" schemaObject="42B4711F-9896-BD1E-55F5-EAB2ACED0F80" name="LANGUAGE">
<sourceConnName>csora</sourceConnName>
<sourceObjSchema>RCHADDHA</sourceObjSchema>
<sourceObjName>LANGUAGE</sourceObjName>
<createdBy>risha</createdBy>
<createdTime>2021-12-03 03:28:36 UTC</createdTime>
<ownerDesignName>Project2SchemaDesign</ownerDesignName>
<allowColumnReorder>false</allowColumnReorder>
<existDependencyGenerateInDDl>true</existDependencyGenerateInDDl>
<parsed>true</parsed>
<columns itemClass="oracle.dbtools.crest.model.design.relational.Column">
<Column name="COUNTRY_CODE" id="135854B2-BDD1-AF74-FA27-58F5E18EE68A">
<sourceConnName>csora</sourceConnName>
<sourceObjSchema>LANGUAGE</sourceObjSchema>
<sourceObjName>COUNTRY_CODE</sourceObjName>
<createdBy>risha</createdBy>
<createdTime>2021-12-03 03:28:37 UTC</createdTime>
<ownerDesignName>Project2SchemaDesign</ownerDesignName>
<useDomainConstraints>false</useDomainConstraints>
<use>1</use>
<logicalDatatype>LOGDT024</logicalDatatype>
<dataTypeSize>5 BYTE</dataTypeSize>
<ownDataTypeParameters>5 BYTE,,</ownDataTypeParameters>
<autoIncrementCycle>false</autoIncrementCycle>
<associations>
<colAssociation fkAssociation="8E4DF4ED-B131-3FA8-257D-52BBC0FECD2B" referredColumn="9D3BEE30-907A-DABE-BEC4-AB51BE7B7153"/>
</associations>
</Column>
<Column name="LANGUAGE" id="A3D0D6B2-C75E-0AAA-4A5A-215DACB71C12">
<sourceConnName>csora</sourceConnName>
<sourceObjSchema>LANGUAGE</sourceObjSchema>
<sourceObjName>LANGUAGE</sourceObjName>
<createdBy>risha</createdBy>
<createdTime>2021-12-03 03:28:37 UTC</createdTime>
<ownerDesignName>Project2SchemaDesign</ownerDesignName>
<useDomainConstraints>false</useDomainConstraints>
<use>1</use>
<logicalDatatype>LOGDT024</logicalDatatype>
<dataTypeSize>255 BYTE</dataTypeSize>
<ownDataTypeParameters>255 BYTE,,</ownDataTypeParameters>
<autoIncrementCycle>false</autoIncrementCycle>
</Column>
<Column name="PERCENTAGE" id="58573FDA-BD27-3031-3A00-E1C9A6C31093">
<sourceConnName>csora</sourceConnName>
<sourceObjSchema>LANGUAGE</sourceObjSchema>
<sourceObjName>PERCENTAGE</sourceObjName>
<createdBy>risha</createdBy>
<createdTime>2021-12-03 03:28:37 UTC</createdTime>
<ownerDesignName>Project2SchemaDesign</ownerDesignName>
<constraintName>CHECK_LANGUAGE_PERCENTAGE</constraintName>
<nullsAllowed>true</nullsAllowed>
<useDomainConstraints>false</useDomainConstraints>
<use>1</use>
<logicalDatatype>LOGDT019</logicalDatatype>
<dataTypePrecision>5</dataTypePrecision>
<dataTypeScale>2</dataTypeScale>
<checkConstraint>
<implementationDef dbType="Generic Constraint" definition="percentage &gt;= 0 AND percentage &lt;=100"/>
<implementationDef dbType="Oracle Database 12cR2" definition="percentage &gt;= 0 AND percentage &lt;=100"/>
</checkConstraint>
<ownDataTypeParameters>,5,2</ownDataTypeParameters>
<autoIncrementCycle>false</autoIncrementCycle>
</Column>
</columns>
<indexes itemClass="oracle.dbtools.crest.model.design.relational.Index">
<ind_PK_UK id="85072F6E-23C1-FC26-8779-DB5E9D5C2035" name="PK_LANGUAGE">
<sourceConnName>csora</sourceConnName>
<sourceObjSchema>RCHADDHA</sourceObjSchema>
<sourceObjName>PK_LANGUAGE</sourceObjName>
<createdBy>risha</createdBy>
<createdTime>2021-12-03 03:28:44 UTC</createdTime>
<ownerDesignName>Project2SchemaDesign</ownerDesignName>
<pk>true</pk>
<indexState>Primary Constraint</indexState>
<isSurrogateKey>false</isSurrogateKey>
<indexColumnUsage>
<colUsage columnID="A3D0D6B2-C75E-0AAA-4A5A-215DACB71C12"/>
<colUsage columnID="135854B2-BDD1-AF74-FA27-58F5E18EE68A"/>
</indexColumnUsage>
</ind_PK_UK>
<ind_PK_UK id="5EF93544-735B-65BD-562D-32FD9479E255" schemaObject="42B4711F-9896-BD1E-55F5-EAB2ACED0F80" name="PK_LANGUAGE">
<sourceConnName>csora</sourceConnName>
<sourceObjSchema>RCHADDHA</sourceObjSchema>
<sourceObjName>PK_LANGUAGE</sourceObjName>
<createdBy>risha</createdBy>
<createdTime>2021-12-03 03:28:43 UTC</createdTime>
<ownerDesignName>Project2SchemaDesign</ownerDesignName>
<indexState>Unique Plain Index</indexState>
<isSurrogateKey>false</isSurrogateKey>
<indexColumnUsage>
<colUsage columnID="A3D0D6B2-C75E-0AAA-4A5A-215DACB71C12"/>
<colUsage columnID="135854B2-BDD1-AF74-FA27-58F5E18EE68A"/>
</indexColumnUsage>
</ind_PK_UK>
<ind_PK_UK id="51951C44-30FE-DB66-C07C-5513BCD51F88" name="FK_LANGUAGE_COUNTRY">
<createdBy>risha</createdBy>
<createdTime>2021-12-03 03:28:46 UTC</createdTime>
<ownerDesignName>Project2SchemaDesign</ownerDesignName>
<indexState>Foreign Key</indexState>
<isSurrogateKey>false</isSurrogateKey>
<indexColumnUsage>
<colUsage columnID="135854B2-BDD1-AF74-FA27-58F5E18EE68A"/>
</indexColumnUsage>
</ind_PK_UK>
</indexes>
</Table>