<?xml version = '1.0' encoding = 'UTF-8'?>
<Table class="oracle.dbtools.crest.model.design.relational.Table" directorySegmentName="seg_0" id="E6E84077-6CBB-31B0-449F-A44C5192E88F" schemaObject="42B4711F-9896-BD1E-55F5-EAB2ACED0F80" name="CITY_LOCAL_NAME">
<sourceConnName>csora</sourceConnName>
<sourceObjSchema>RCHADDHA</sourceObjSchema>
<sourceObjName>CITY_LOCAL_NAME</sourceObjName>
<createdBy>risha</createdBy>
<createdTime>2021-12-03 03:28:36 UTC</createdTime>
<ownerDesignName>Project2SchemaDesign</ownerDesignName>
<allowColumnReorder>false</allowColumnReorder>
<existDependencyGenerateInDDl>true</existDependencyGenerateInDDl>
<parsed>true</parsed>
<columns itemClass="oracle.dbtools.crest.model.design.relational.Column">
<Column name="CITY_NAME" id="3B2093CF-2601-CA80-7264-0A36F3BE287E">
<sourceConnName>csora</sourceConnName>
<sourceObjSchema>CITY_LOCAL_NAME</sourceObjSchema>
<sourceObjName>CITY_NAME</sourceObjName>
<createdBy>risha</createdBy>
<createdTime>2021-12-03 03:28:37 UTC</createdTime>
<ownerDesignName>Project2SchemaDesign</ownerDesignName>
<useDomainConstraints>false</useDomainConstraints>
<use>1</use>
<logicalDatatype>LOGDT024</logicalDatatype>
<dataTypeSize>255 BYTE</dataTypeSize>
<ownDataTypeParameters>255 BYTE,,</ownDataTypeParameters>
<autoIncrementCycle>false</autoIncrementCycle>
<associations>
<colAssociation fkAssociation="32385AFA-4DDE-1B3B-9CBA-091D234D68C7" referredColumn="DC8A1796-3D3C-9621-537C-00EC0B5BBD53"/>
</associations>
</Column>
<Column name="PROVINCE_NAME" id="3FD63DE2-C34C-5F47-8362-3FD1B077C0D1">
<sourceConnName>csora</sourceConnName>
<sourceObjSchema>CITY_LOCAL_NAME</sourceObjSchema>
<sourceObjName>PROVINCE_NAME</sourceObjName>
<createdBy>risha</createdBy>
<createdTime>2021-12-03 03:28:37 UTC</createdTime>
<ownerDesignName>Project2SchemaDesign</ownerDesignName>
<useDomainConstraints>false</useDomainConstraints>
<use>1</use>
<logicalDatatype>LOGDT024</logicalDatatype>
<dataTypeSize>255 BYTE</dataTypeSize>
<ownDataTypeParameters>255 BYTE,,</ownDataTypeParameters>
<autoIncrementCycle>false</autoIncrementCycle>
<associations>
<colAssociation fkAssociation="32385AFA-4DDE-1B3B-9CBA-091D234D68C7" referredColumn="B53624EA-8D22-00FC-C5BA-F941200663D3"/>
</associations>
</Column>
<Column name="COUNTRY_CODE" id="71429A71-B27C-283B-8261-F41262D363A1">
<sourceConnName>csora</sourceConnName>
<sourceObjSchema>CITY_LOCAL_NAME</sourceObjSchema>
<sourceObjName>COUNTRY_CODE</sourceObjName>
<createdBy>risha</createdBy>
<createdTime>2021-12-03 03:28:37 UTC</createdTime>
<ownerDesignName>Project2SchemaDesign</ownerDesignName>
<useDomainConstraints>false</useDomainConstraints>
<use>1</use>
<logicalDatatype>LOGDT024</logicalDatatype>
<dataTypeSize>5 BYTE</dataTypeSize>
<ownDataTypeParameters>5 BYTE,,</ownDataTypeParameters>
<autoIncrementCycle>false</autoIncrementCycle>
<associations>
<colAssociation fkAssociation="32385AFA-4DDE-1B3B-9CBA-091D234D68C7" referredColumn="500399C4-EF12-C5AE-3D2C-B04248F5B8BE"/>
</associations>
</Column>
<Column name="CITY_LOCAL_NAME" id="3DF78A66-6864-1485-BFF3-C10F1211FDDF">
<sourceConnName>csora</sourceConnName>
<sourceObjSchema>CITY_LOCAL_NAME</sourceObjSchema>
<sourceObjName>CITY_LOCAL_NAME</sourceObjName>
<createdBy>risha</createdBy>
<createdTime>2021-12-03 03:28:37 UTC</createdTime>
<ownerDesignName>Project2SchemaDesign</ownerDesignName>
<nullsAllowed>true</nullsAllowed>
<useDomainConstraints>false</useDomainConstraints>
<use>1</use>
<logicalDatatype>LOGDT024</logicalDatatype>
<dataTypeSize>255 BYTE</dataTypeSize>
<ownDataTypeParameters>255 BYTE,,</ownDataTypeParameters>
<autoIncrementCycle>false</autoIncrementCycle>
</Column>
</columns>
<indexes itemClass="oracle.dbtools.crest.model.design.relational.Index">
<ind_PK_UK id="DCD07852-F3E8-D290-AB2F-7A7F55010CBA" name="PK_CITY_LOCAL_NAME">
<sourceConnName>csora</sourceConnName>
<sourceObjSchema>RCHADDHA</sourceObjSchema>
<sourceObjName>PK_CITY_LOCAL_NAME</sourceObjName>
<createdBy>risha</createdBy>
<createdTime>2021-12-03 03:28:44 UTC</createdTime>
<ownerDesignName>Project2SchemaDesign</ownerDesignName>
<pk>true</pk>
<indexState>Primary Constraint</indexState>
<isSurrogateKey>false</isSurrogateKey>
<indexColumnUsage>
<colUsage columnID="3B2093CF-2601-CA80-7264-0A36F3BE287E"/>
<colUsage columnID="3FD63DE2-C34C-5F47-8362-3FD1B077C0D1"/>
<colUsage columnID="71429A71-B27C-283B-8261-F41262D363A1"/>
</indexColumnUsage>
</ind_PK_UK>
<ind_PK_UK id="1EAFDF8F-0F99-E1DF-5D07-861480140E2F" schemaObject="42B4711F-9896-BD1E-55F5-EAB2ACED0F80" name="PK_CITY_LOCAL_NAME">
<sourceConnName>csora</sourceConnName>
<sourceObjSchema>RCHADDHA</sourceObjSchema>
<sourceObjName>PK_CITY_LOCAL_NAME</sourceObjName>
<createdBy>risha</createdBy>
<createdTime>2021-12-03 03:28:43 UTC</createdTime>
<ownerDesignName>Project2SchemaDesign</ownerDesignName>
<indexState>Unique Plain Index</indexState>
<isSurrogateKey>false</isSurrogateKey>
<indexColumnUsage>
<colUsage columnID="3B2093CF-2601-CA80-7264-0A36F3BE287E"/>
<colUsage columnID="3FD63DE2-C34C-5F47-8362-3FD1B077C0D1"/>
<colUsage columnID="71429A71-B27C-283B-8261-F41262D363A1"/>
</indexColumnUsage>
</ind_PK_UK>
<ind_PK_UK id="24F22979-F410-5654-CFF4-A998FD1AEBFB" name="FK_CITY_LOCAL_NAME_CITY">
<createdBy>risha</createdBy>
<createdTime>2021-12-03 03:28:46 UTC</createdTime>
<ownerDesignName>Project2SchemaDesign</ownerDesignName>
<indexState>Foreign Key</indexState>
<isSurrogateKey>false</isSurrogateKey>
<indexColumnUsage>
<colUsage columnID="3B2093CF-2601-CA80-7264-0A36F3BE287E"/>
<colUsage columnID="3FD63DE2-C34C-5F47-8362-3FD1B077C0D1"/>
<colUsage columnID="71429A71-B27C-283B-8261-F41262D363A1"/>
</indexColumnUsage>
</ind_PK_UK>
</indexes>
</Table>