<?xml version = '1.0' encoding = 'UTF-8'?>
<Table class="oracle.dbtools.crest.model.design.relational.Table" directorySegmentName="seg_0" id="EC317C01-78E5-BBA3-B58C-6B38F6A16D7B" schemaObject="42B4711F-9896-BD1E-55F5-EAB2ACED0F80" name="ETHNIC_GROUP">
<sourceConnName>csora</sourceConnName>
<sourceObjSchema>RCHADDHA</sourceObjSchema>
<sourceObjName>ETHNIC_GROUP</sourceObjName>
<createdBy>risha</createdBy>
<createdTime>2021-12-03 03:28:36 UTC</createdTime>
<ownerDesignName>Project2SchemaDesign</ownerDesignName>
<allowColumnReorder>false</allowColumnReorder>
<existDependencyGenerateInDDl>true</existDependencyGenerateInDDl>
<parsed>true</parsed>
<columns itemClass="oracle.dbtools.crest.model.design.relational.Column">
<Column name="COUNTRY_CODE" id="81A900B5-0E68-0701-D6CF-5A24A81ED019">
<sourceConnName>csora</sourceConnName>
<sourceObjSchema>ETHNIC_GROUP</sourceObjSchema>
<sourceObjName>COUNTRY_CODE</sourceObjName>
<createdBy>risha</createdBy>
<createdTime>2021-12-03 03:28:37 UTC</createdTime>
<ownerDesignName>Project2SchemaDesign</ownerDesignName>
<useDomainConstraints>false</useDomainConstraints>
<use>1</use>
<logicalDatatype>LOGDT024</logicalDatatype>
<dataTypeSize>5 BYTE</dataTypeSize>
<ownDataTypeParameters>5 BYTE,,</ownDataTypeParameters>
<autoIncrementCycle>false</autoIncrementCycle>
<associations>
<colAssociation fkAssociation="94F1B0A8-5AB7-A8F0-B052-B01AD0283D8F" referredColumn="9D3BEE30-907A-DABE-BEC4-AB51BE7B7153"/>
</associations>
</Column>
<Column name="ETHNIC_GROUP_NAME" id="4DB76534-FD0B-A8F8-C83C-DC157A3D1E5E">
<sourceConnName>csora</sourceConnName>
<sourceObjSchema>ETHNIC_GROUP</sourceObjSchema>
<sourceObjName>ETHNIC_GROUP_NAME</sourceObjName>
<createdBy>risha</createdBy>
<createdTime>2021-12-03 03:28:37 UTC</createdTime>
<ownerDesignName>Project2SchemaDesign</ownerDesignName>
<useDomainConstraints>false</useDomainConstraints>
<use>1</use>
<logicalDatatype>LOGDT024</logicalDatatype>
<dataTypeSize>255 BYTE</dataTypeSize>
<ownDataTypeParameters>255 BYTE,,</ownDataTypeParameters>
<autoIncrementCycle>false</autoIncrementCycle>
</Column>
<Column name="ETHNIC_GROUP_PERCENTAGE" id="F9F002E3-3486-67B6-B12A-D5D4E7E79337">
<sourceConnName>csora</sourceConnName>
<sourceObjSchema>ETHNIC_GROUP</sourceObjSchema>
<sourceObjName>ETHNIC_GROUP_PERCENTAGE</sourceObjName>
<createdBy>risha</createdBy>
<createdTime>2021-12-03 03:28:37 UTC</createdTime>
<ownerDesignName>Project2SchemaDesign</ownerDesignName>
<constraintName>CHECK_ETHNIC_GROUP_PERCENTAGE</constraintName>
<nullsAllowed>true</nullsAllowed>
<useDomainConstraints>false</useDomainConstraints>
<use>1</use>
<logicalDatatype>LOGDT019</logicalDatatype>
<dataTypePrecision>5</dataTypePrecision>
<dataTypeScale>2</dataTypeScale>
<checkConstraint>
<implementationDef dbType="Generic Constraint" definition="ethnic_group_percentage &gt;= 0 AND ethnic_group_percentage &lt;=100"/>
<implementationDef dbType="Oracle Database 12cR2" definition="ethnic_group_percentage &gt;= 0 AND ethnic_group_percentage &lt;=100"/>
</checkConstraint>
<ownDataTypeParameters>,5,2</ownDataTypeParameters>
<autoIncrementCycle>false</autoIncrementCycle>
</Column>
</columns>
<indexes itemClass="oracle.dbtools.crest.model.design.relational.Index">
<ind_PK_UK id="A6FB7FEB-4FF0-B314-45BF-74557A707ECB" name="PK_ETHNIC_GROUP">
<sourceConnName>csora</sourceConnName>
<sourceObjSchema>RCHADDHA</sourceObjSchema>
<sourceObjName>PK_ETHNIC_GROUP</sourceObjName>
<createdBy>risha</createdBy>
<createdTime>2021-12-03 03:28:44 UTC</createdTime>
<ownerDesignName>Project2SchemaDesign</ownerDesignName>
<pk>true</pk>
<indexState>Primary Constraint</indexState>
<isSurrogateKey>false</isSurrogateKey>
<indexColumnUsage>
<colUsage columnID="81A900B5-0E68-0701-D6CF-5A24A81ED019"/>
<colUsage columnID="4DB76534-FD0B-A8F8-C83C-DC157A3D1E5E"/>
</indexColumnUsage>
</ind_PK_UK>
<ind_PK_UK id="C738327C-C8D0-C2DD-43C3-E9BE07A30153" schemaObject="42B4711F-9896-BD1E-55F5-EAB2ACED0F80" name="PK_ETHNIC_GROUP">
<sourceConnName>csora</sourceConnName>
<sourceObjSchema>RCHADDHA</sourceObjSchema>
<sourceObjName>PK_ETHNIC_GROUP</sourceObjName>
<createdBy>risha</createdBy>
<createdTime>2021-12-03 03:28:43 UTC</createdTime>
<ownerDesignName>Project2SchemaDesign</ownerDesignName>
<indexState>Unique Plain Index</indexState>
<isSurrogateKey>false</isSurrogateKey>
<indexColumnUsage>
<colUsage columnID="81A900B5-0E68-0701-D6CF-5A24A81ED019"/>
<colUsage columnID="4DB76534-FD0B-A8F8-C83C-DC157A3D1E5E"/>
</indexColumnUsage>
</ind_PK_UK>
<ind_PK_UK id="E50E8FFE-69B0-37BE-132D-9C118220A4DE" name="FK_ETHNIC_GROUP_COUNTRY">
<createdBy>risha</createdBy>
<createdTime>2021-12-03 03:28:46 UTC</createdTime>
<ownerDesignName>Project2SchemaDesign</ownerDesignName>
<indexState>Foreign Key</indexState>
<isSurrogateKey>false</isSurrogateKey>
<indexColumnUsage>
<colUsage columnID="81A900B5-0E68-0701-D6CF-5A24A81ED019"/>
</indexColumnUsage>
</ind_PK_UK>
</indexes>
</Table>