<?xml version = '1.0' encoding = 'UTF-8'?>
<Table class="oracle.dbtools.crest.model.design.relational.Table" directorySegmentName="seg_0" id="FE393543-2673-B7DD-C87F-67DD08C466D9" schemaObject="42B4711F-9896-BD1E-55F5-EAB2ACED0F80" name="COUNTRY">
<sourceConnName>csora</sourceConnName>
<sourceObjSchema>RCHADDHA</sourceObjSchema>
<sourceObjName>COUNTRY</sourceObjName>
<createdBy>risha</createdBy>
<createdTime>2021-12-03 03:28:36 UTC</createdTime>
<ownerDesignName>Project2SchemaDesign</ownerDesignName>
<allowColumnReorder>false</allowColumnReorder>
<existDependencyGenerateInDDl>true</existDependencyGenerateInDDl>
<parsed>true</parsed>
<columns itemClass="oracle.dbtools.crest.model.design.relational.Column">
<Column name="NAME" id="9F9443CD-0E00-9E48-F444-4D23D9890DB7">
<sourceConnName>csora</sourceConnName>
<sourceObjSchema>COUNTRY</sourceObjSchema>
<sourceObjName>NAME</sourceObjName>
<createdBy>risha</createdBy>
<createdTime>2021-12-03 03:28:37 UTC</createdTime>
<ownerDesignName>Project2SchemaDesign</ownerDesignName>
<nullsAllowed>true</nullsAllowed>
<useDomainConstraints>false</useDomainConstraints>
<use>1</use>
<logicalDatatype>LOGDT024</logicalDatatype>
<dataTypeSize>255 BYTE</dataTypeSize>
<ownDataTypeParameters>255 BYTE,,</ownDataTypeParameters>
<autoIncrementCycle>false</autoIncrementCycle>
</Column>
<Column name="CODE" id="9D3BEE30-907A-DABE-BEC4-AB51BE7B7153">
<sourceConnName>csora</sourceConnName>
<sourceObjSchema>COUNTRY</sourceObjSchema>
<sourceObjName>CODE</sourceObjName>
<createdBy>risha</createdBy>
<createdTime>2021-12-03 03:28:37 UTC</createdTime>
<ownerDesignName>Project2SchemaDesign</ownerDesignName>
<useDomainConstraints>false</useDomainConstraints>
<use>1</use>
<logicalDatatype>LOGDT024</logicalDatatype>
<dataTypeSize>5 BYTE</dataTypeSize>
<ownDataTypeParameters>5 BYTE,,</ownDataTypeParameters>
<autoIncrementCycle>false</autoIncrementCycle>
<associations>
<colAssociation fkAssociation="D7218EE1-F6C1-D8E8-6440-454542D0CDF1" referredColumn="500399C4-EF12-C5AE-3D2C-B04248F5B8BE"/>
</associations>
</Column>
<Column name="CAPITAL" id="C0BE4876-5609-8511-E333-AD3B94A7396B">
<sourceConnName>csora</sourceConnName>
<sourceObjSchema>COUNTRY</sourceObjSchema>
<sourceObjName>CAPITAL</sourceObjName>
<createdBy>risha</createdBy>
<createdTime>2021-12-03 03:28:37 UTC</createdTime>
<ownerDesignName>Project2SchemaDesign</ownerDesignName>
<nullsAllowed>true</nullsAllowed>
<useDomainConstraints>false</useDomainConstraints>
<use>1</use>
<logicalDatatype>LOGDT024</logicalDatatype>
<dataTypeSize>255 BYTE</dataTypeSize>
<ownDataTypeParameters>255 BYTE,,</ownDataTypeParameters>
<autoIncrementCycle>false</autoIncrementCycle>
<associations>
<colAssociation fkAssociation="D7218EE1-F6C1-D8E8-6440-454542D0CDF1" referredColumn="DC8A1796-3D3C-9621-537C-00EC0B5BBD53"/>
</associations>
</Column>
<Column name="PROVINCE_NAME" id="60AE8604-C74E-E9E0-15E7-4112E9E4887F">
<sourceConnName>csora</sourceConnName>
<sourceObjSchema>COUNTRY</sourceObjSchema>
<sourceObjName>PROVINCE_NAME</sourceObjName>
<createdBy>risha</createdBy>
<createdTime>2021-12-03 03:28:37 UTC</createdTime>
<ownerDesignName>Project2SchemaDesign</ownerDesignName>
<nullsAllowed>true</nullsAllowed>
<useDomainConstraints>false</useDomainConstraints>
<use>1</use>
<logicalDatatype>LOGDT024</logicalDatatype>
<dataTypeSize>255 BYTE</dataTypeSize>
<ownDataTypeParameters>255 BYTE,,</ownDataTypeParameters>
<autoIncrementCycle>false</autoIncrementCycle>
<associations>
<colAssociation fkAssociation="D7218EE1-F6C1-D8E8-6440-454542D0CDF1" referredColumn="B53624EA-8D22-00FC-C5BA-F941200663D3"/>
</associations>
</Column>
<Column name="AREA" id="2E0BF1BD-5751-1F22-D63C-F5A0E934A767">
<sourceConnName>csora</sourceConnName>
<sourceObjSchema>COUNTRY</sourceObjSchema>
<sourceObjName>AREA</sourceObjName>
<createdBy>risha</createdBy>
<createdTime>2021-12-03 03:28:37 UTC</createdTime>
<ownerDesignName>Project2SchemaDesign</ownerDesignName>
<constraintName>CHECK_COUNTRY_AREA</constraintName>
<nullsAllowed>true</nullsAllowed>
<useDomainConstraints>false</useDomainConstraints>
<use>1</use>
<logicalDatatype>LOGDT019</logicalDatatype>
<checkConstraint>
<implementationDef dbType="Generic Constraint" definition="area&gt;0"/>
<implementationDef dbType="Oracle Database 12cR2" definition="area&gt;0"/>
</checkConstraint>
<ownDataTypeParameters>,,</ownDataTypeParameters>
<autoIncrementCycle>false</autoIncrementCycle>
</Column>
<Column name="POPULATION" id="6A43BFC0-B2D6-D2BC-80CF-9E52CFFE9676">
<sourceConnName>csora</sourceConnName>
<sourceObjSchema>COUNTRY</sourceObjSchema>
<sourceObjName>POPULATION</sourceObjName>
<createdBy>risha</createdBy>
<createdTime>2021-12-03 03:28:37 UTC</createdTime>
<ownerDesignName>Project2SchemaDesign</ownerDesignName>
<constraintName>CHECK_COUNTRY_CODE</constraintName>
<nullsAllowed>true</nullsAllowed>
<useDomainConstraints>false</useDomainConstraints>
<use>1</use>
<logicalDatatype>LOGDT019</logicalDatatype>
<dataTypePrecision>11</dataTypePrecision>
<dataTypeScale>0</dataTypeScale>
<checkConstraint>
<implementationDef dbType="Generic Constraint" definition="population&gt;=0"/>
<implementationDef dbType="Oracle Database 12cR2" definition="population&gt;=0"/>
</checkConstraint>
<ownDataTypeParameters>,11,0</ownDataTypeParameters>
<autoIncrementCycle>false</autoIncrementCycle>
</Column>
</columns>
<indexes itemClass="oracle.dbtools.crest.model.design.relational.Index">
<ind_PK_UK id="CC8C99A1-6F51-82DA-BDE5-CAAA85C522BC" name="PK_COUNTRY">
<sourceConnName>csora</sourceConnName>
<sourceObjSchema>RCHADDHA</sourceObjSchema>
<sourceObjName>PK_COUNTRY</sourceObjName>
<createdBy>risha</createdBy>
<createdTime>2021-12-03 03:28:44 UTC</createdTime>
<ownerDesignName>Project2SchemaDesign</ownerDesignName>
<pk>true</pk>
<indexState>Primary Constraint</indexState>
<isSurrogateKey>false</isSurrogateKey>
<indexColumnUsage>
<colUsage columnID="9D3BEE30-907A-DABE-BEC4-AB51BE7B7153"/>
</indexColumnUsage>
</ind_PK_UK>
<ind_PK_UK id="0F9D3730-54C5-71F0-2F26-B1C3942FEA9B" schemaObject="42B4711F-9896-BD1E-55F5-EAB2ACED0F80" name="PK_COUNTRY">
<sourceConnName>csora</sourceConnName>
<sourceObjSchema>RCHADDHA</sourceObjSchema>
<sourceObjName>PK_COUNTRY</sourceObjName>
<createdBy>risha</createdBy>
<createdTime>2021-12-03 03:28:43 UTC</createdTime>
<ownerDesignName>Project2SchemaDesign</ownerDesignName>
<indexState>Unique Plain Index</indexState>
<isSurrogateKey>false</isSurrogateKey>
<indexColumnUsage>
<colUsage columnID="9D3BEE30-907A-DABE-BEC4-AB51BE7B7153"/>
</indexColumnUsage>
</ind_PK_UK>
<ind_PK_UK id="E503A2AF-0FEA-983B-C3DF-D883F09101D4" name="FK_COUNTRY_CAPITAL_CITY">
<createdBy>risha</createdBy>
<createdTime>2021-12-03 03:28:46 UTC</createdTime>
<ownerDesignName>Project2SchemaDesign</ownerDesignName>
<indexState>Foreign Key</indexState>
<isSurrogateKey>false</isSurrogateKey>
<indexColumnUsage>
<colUsage columnID="C0BE4876-5609-8511-E333-AD3B94A7396B"/>
<colUsage columnID="60AE8604-C74E-E9E0-15E7-4112E9E4887F"/>
<colUsage columnID="9D3BEE30-907A-DABE-BEC4-AB51BE7B7153"/>
</indexColumnUsage>
</ind_PK_UK>
</indexes>
</Table>