<?xml version = '1.0' encoding = 'UTF-8'?>
<Table class="oracle.dbtools.crest.model.design.relational.Table" directorySegmentName="seg_0" id="FE791BB6-C33B-AC9A-D34B-A5CCDB92B095" schemaObject="42B4711F-9896-BD1E-55F5-EAB2ACED0F80" name="LOCATED_ON">
<sourceConnName>csora</sourceConnName>
<sourceObjSchema>RCHADDHA</sourceObjSchema>
<sourceObjName>LOCATED_ON</sourceObjName>
<createdBy>risha</createdBy>
<createdTime>2021-12-03 03:28:36 UTC</createdTime>
<ownerDesignName>Project2SchemaDesign</ownerDesignName>
<allowColumnReorder>false</allowColumnReorder>
<existDependencyGenerateInDDl>true</existDependencyGenerateInDDl>
<parsed>true</parsed>
<columns itemClass="oracle.dbtools.crest.model.design.relational.Column">
<Column name="CITY_NAME" id="5CFC726B-2423-68E0-5B45-D9989DDED6D1">
<sourceConnName>csora</sourceConnName>
<sourceObjSchema>LOCATED_ON</sourceObjSchema>
<sourceObjName>CITY_NAME</sourceObjName>
<createdBy>risha</createdBy>
<createdTime>2021-12-03 03:28:37 UTC</createdTime>
<ownerDesignName>Project2SchemaDesign</ownerDesignName>
<useDomainConstraints>false</useDomainConstraints>
<use>1</use>
<logicalDatatype>LOGDT024</logicalDatatype>
<dataTypeSize>255 BYTE</dataTypeSize>
<ownDataTypeParameters>255 BYTE,,</ownDataTypeParameters>
<autoIncrementCycle>false</autoIncrementCycle>
<associations>
<colAssociation fkAssociation="DBC2F85F-2DD1-2D83-92F6-82BE48CBB0B2" referredColumn="DC8A1796-3D3C-9621-537C-00EC0B5BBD53"/>
</associations>
</Column>
<Column name="PROVINCE_NAME" id="5FB65460-3AB1-D4F2-549B-75C594B67004">
<sourceConnName>csora</sourceConnName>
<sourceObjSchema>LOCATED_ON</sourceObjSchema>
<sourceObjName>PROVINCE_NAME</sourceObjName>
<createdBy>risha</createdBy>
<createdTime>2021-12-03 03:28:37 UTC</createdTime>
<ownerDesignName>Project2SchemaDesign</ownerDesignName>
<useDomainConstraints>false</useDomainConstraints>
<use>1</use>
<logicalDatatype>LOGDT024</logicalDatatype>
<dataTypeSize>255 BYTE</dataTypeSize>
<ownDataTypeParameters>255 BYTE,,</ownDataTypeParameters>
<autoIncrementCycle>false</autoIncrementCycle>
<associations>
<colAssociation fkAssociation="DBC2F85F-2DD1-2D83-92F6-82BE48CBB0B2" referredColumn="B53624EA-8D22-00FC-C5BA-F941200663D3"/>
</associations>
</Column>
<Column name="COUNTRY_CODE" id="476B6012-B6BA-5B17-E1E1-B308D5FB760C">
<sourceConnName>csora</sourceConnName>
<sourceObjSchema>LOCATED_ON</sourceObjSchema>
<sourceObjName>COUNTRY_CODE</sourceObjName>
<createdBy>risha</createdBy>
<createdTime>2021-12-03 03:28:37 UTC</createdTime>
<ownerDesignName>Project2SchemaDesign</ownerDesignName>
<useDomainConstraints>false</useDomainConstraints>
<use>1</use>
<logicalDatatype>LOGDT024</logicalDatatype>
<dataTypeSize>5 BYTE</dataTypeSize>
<ownDataTypeParameters>5 BYTE,,</ownDataTypeParameters>
<autoIncrementCycle>false</autoIncrementCycle>
<associations>
<colAssociation fkAssociation="DBC2F85F-2DD1-2D83-92F6-82BE48CBB0B2" referredColumn="500399C4-EF12-C5AE-3D2C-B04248F5B8BE"/>
</associations>
</Column>
<Column name="ISLAND" id="51409AED-BC77-FD7E-B4D8-973E868B102D">
<sourceConnName>csora</sourceConnName>
<sourceObjSchema>LOCATED_ON</sourceObjSchema>
<sourceObjName>ISLAND</sourceObjName>
<createdBy>risha</createdBy>
<createdTime>2021-12-03 03:28:37 UTC</createdTime>
<ownerDesignName>Project2SchemaDesign</ownerDesignName>
<useDomainConstraints>false</useDomainConstraints>
<use>1</use>
<logicalDatatype>LOGDT024</logicalDatatype>
<dataTypeSize>255 BYTE</dataTypeSize>
<ownDataTypeParameters>255 BYTE,,</ownDataTypeParameters>
<autoIncrementCycle>false</autoIncrementCycle>
</Column>
</columns>
<indexes itemClass="oracle.dbtools.crest.model.design.relational.Index">
<ind_PK_UK id="D77272C6-21A8-F3E0-B2EB-FD289C0F9586" name="PK_LOCATED_ON">
<sourceConnName>csora</sourceConnName>
<sourceObjSchema>RCHADDHA</sourceObjSchema>
<sourceObjName>PK_LOCATED_ON</sourceObjName>
<createdBy>risha</createdBy>
<createdTime>2021-12-03 03:28:44 UTC</createdTime>
<ownerDesignName>Project2SchemaDesign</ownerDesignName>
<pk>true</pk>
<indexState>Primary Constraint</indexState>
<isSurrogateKey>false</isSurrogateKey>
<indexColumnUsage>
<colUsage columnID="5CFC726B-2423-68E0-5B45-D9989DDED6D1"/>
<colUsage columnID="5FB65460-3AB1-D4F2-549B-75C594B67004"/>
<colUsage columnID="476B6012-B6BA-5B17-E1E1-B308D5FB760C"/>
<colUsage columnID="51409AED-BC77-FD7E-B4D8-973E868B102D"/>
</indexColumnUsage>
</ind_PK_UK>
<ind_PK_UK id="AB90912A-D17B-36F2-79CE-491C935041FA" schemaObject="42B4711F-9896-BD1E-55F5-EAB2ACED0F80" name="PK_LOCATED_ON">
<sourceConnName>csora</sourceConnName>
<sourceObjSchema>RCHADDHA</sourceObjSchema>
<sourceObjName>PK_LOCATED_ON</sourceObjName>
<createdBy>risha</createdBy>
<createdTime>2021-12-03 03:28:43 UTC</createdTime>
<ownerDesignName>Project2SchemaDesign</ownerDesignName>
<indexState>Unique Plain Index</indexState>
<isSurrogateKey>false</isSurrogateKey>
<indexColumnUsage>
<colUsage columnID="5CFC726B-2423-68E0-5B45-D9989DDED6D1"/>
<colUsage columnID="5FB65460-3AB1-D4F2-549B-75C594B67004"/>
<colUsage columnID="476B6012-B6BA-5B17-E1E1-B308D5FB760C"/>
<colUsage columnID="51409AED-BC77-FD7E-B4D8-973E868B102D"/>
</indexColumnUsage>
</ind_PK_UK>
<ind_PK_UK id="FF749465-6AD6-884F-C6F5-7EEA62200B31" name="FK_LOCATED_ON_CITY">
<createdBy>risha</createdBy>
<createdTime>2021-12-03 03:28:46 UTC</createdTime>
<ownerDesignName>Project2SchemaDesign</ownerDesignName>
<indexState>Foreign Key</indexState>
<isSurrogateKey>false</isSurrogateKey>
<indexColumnUsage>
<colUsage columnID="5CFC726B-2423-68E0-5B45-D9989DDED6D1"/>
<colUsage columnID="5FB65460-3AB1-D4F2-549B-75C594B67004"/>
<colUsage columnID="476B6012-B6BA-5B17-E1E1-B308D5FB760C"/>
</indexColumnUsage>
</ind_PK_UK>
</indexes>
</Table>