<?xml version = '1.0' encoding = 'UTF-8'?>
<Diagram class="oracle.dbtools.crest.swingui.relational.DPVRelational" name="Relational_1" id="09C687D9-38AC-056B-7776-64C49D0BFD87">
<createdBy>risha</createdBy>
<modifiedBy>risha</modifiedBy>
<createdTime>2021-12-03 03:28:35 UTC</createdTime>
<autoRoute>false</autoRoute>
<boxInbox>true</boxInbox>
<showLegend>false</showLegend>
<showLabels>false</showLabels>
<showRelAttributes>false</showRelAttributes>
<gridEnabled>false</gridEnabled>
<showGrid>false</showGrid>
<diagramColor>-1</diagramColor>
<display>false</display>
<notation>1</notation>
<objectViews>
<OView class="oracle.dbtools.crest.swingui.relational.TVTable" oid="131C5299-7E9C-642E-475F-423CFFA3AE08" otype="Table" vid="8A73CE9B-305E-A127-F638-05B9EB5F452C">
<hideElementsInCurrentOnly>false</hideElementsInCurrentOnly>
<bounds x="1240" y="578" width="378" height="142"/>
</OView>
<OView class="oracle.dbtools.crest.swingui.relational.TVTable" oid="17E6FD3B-3336-5209-60DE-D5446201DEF5" otype="Table" vid="ECA399A4-B814-37E6-FB48-3318C8E858D3">
<hideElementsInCurrentOnly>false</hideElementsInCurrentOnly>
<bounds x="5461" y="578" width="426" height="170"/>
</OView>
<OView class="oracle.dbtools.crest.swingui.relational.TVTable" oid="1C508DE6-BA58-A790-FCC5-91E0E4BB9DDD" otype="Table" vid="D1014140-2860-2E30-1D6C-BBAC0EFAE988">
<hideElementsInCurrentOnly>false</hideElementsInCurrentOnly>
<bounds x="3411" y="578" width="334" height="128"/>
</OView>
<OView class="oracle.dbtools.crest.swingui.relational.TVTable" oid="2BE7E9A9-2E07-F95A-7CBD-A95C1A1342F2" otype="Table" vid="C7953DFD-B9E0-28D7-2D74-92B3EAE9F9D1">
<hideElementsInCurrentOnly>false</hideElementsInCurrentOnly>
<bounds x="2255" y="766" width="431" height="128"/>
</OView>
<OView class="oracle.dbtools.crest.swingui.relational.TVTable" oid="2FC9F962-3A01-410B-7AE6-9B2F8575A549" otype="Table" vid="C610A112-A129-342E-20EA-DC1983B78153">
<hideElementsInCurrentOnly>false</hideElementsInCurrentOnly>
<bounds x="2232" y="578" width="257" height="128"/>
</OView>
<OView class="oracle.dbtools.crest.swingui.relational.TVTable" oid="3004AE91-47AF-7757-BFBB-EB5F9DE3D257" otype="Table" vid="93333190-2D93-3D46-5E1C-95740BC41B4E">
<hideElementsInCurrentOnly>false</hideElementsInCurrentOnly>
<bounds x="6464" y="578" width="448" height="156"/>
</OView>
<OView class="oracle.dbtools.crest.swingui.relational.TVTable" oid="35D783AA-5C61-33B3-CC81-ACE2C0997A6B" otype="Table" vid="8E41C139-6AA3-9B87-C800-6C4D499AA831">
<hideElementsInCurrentOnly>false</hideElementsInCurrentOnly>
<bounds x="5967" y="578" width="417" height="170"/>
</OView>
<OView class="oracle.dbtools.crest.swingui.relational.TVTable" oid="40079685-E066-56DA-C3AA-7C9C709E4AE8" otype="Table" vid="AD4DD81E-A115-1200-D030-4A1F90A3B5A6">
<hideElementsInCurrentOnly>false</hideElementsInCurrentOnly>
<bounds x="2959" y="578" width="372" height="128"/>
</OView>
<OView class="oracle.dbtools.crest.swingui.relational.TVTable" oid="442B458F-C5FD-BD23-2BC9-B4472F678186" otype="Table" vid="F55E1573-8B45-D3F2-0DDA-6F27E3E5DB11">
<hideElementsInCurrentOnly>false</hideElementsInCurrentOnly>
<bounds x="2766" y="766" width="512" height="128"/>
</OView>
<OView class="oracle.dbtools.crest.swingui.relational.TVTable" oid="4C4FCABD-5279-2AC2-FDCA-06BE2DA56422" otype="Table" vid="CFAB6F7A-4DFB-7EF7-D248-AB4F40C339FD">
<hideElementsInCurrentOnly>false</hideElementsInCurrentOnly>
<bounds x="2569" y="578" width="310" height="198"/>
</OView>
<OView class="oracle.dbtools.crest.swingui.relational.TVTable" oid="53119477-C080-3BE8-4DEA-470B41185EAB" otype="Table" vid="AC475EBF-AA63-F38E-F478-3D9AD068DB4B">
<hideElementsInCurrentOnly>false</hideElementsInCurrentOnly>
<bounds x="5461" y="348" width="326" height="170"/>
</OView>
<OView class="oracle.dbtools.crest.swingui.relational.TVTable" oid="603E10C0-08D3-123E-CA1A-62B2CE201409" otype="Table" vid="13BAFBF2-A6E6-5B68-0AE5-31EEC2AFCAFA">
<hideElementsInCurrentOnly>false</hideElementsInCurrentOnly>
<bounds x="793" y="780" width="196" height="94"/>
</OView>
<OView class="oracle.dbtools.crest.swingui.relational.TVTable" oid="681A736A-2795-D56C-815D-9A6A255B5F0D" otype="Table" vid="29191061-9736-EFFA-A7EE-B77E1B6703A2">
<hideElementsInCurrentOnly>false</hideElementsInCurrentOnly>
<bounds x="4607" y="578" width="327" height="128"/>
</OView>
<OView class="oracle.dbtools.crest.swingui.relational.TVTable" oid="92F9F9B6-2DC7-6AF4-E65D-E05BF93934D2" otype="Table" vid="87B6F4C7-7F46-2D32-8FE3-5C7282F03C99">
<hideElementsInCurrentOnly>false</hideElementsInCurrentOnly>
<bounds x="5014" y="20" width="441" height="268"/>
</OView>
<OView class="oracle.dbtools.crest.swingui.relational.TVTable" oid="9604D163-6F96-D72D-30C2-E90ECCBF0508" otype="Table" vid="D2D736C0-8B5D-2EF4-5BF3-912AEFEF1221">
<hideElementsInCurrentOnly>false</hideElementsInCurrentOnly>
<bounds x="793" y="578" width="367" height="142"/>
</OView>
<OView class="oracle.dbtools.crest.swingui.relational.TVTable" oid="A888292B-1044-E780-B9FD-F57EAE3ECEFE" otype="Table" vid="9364CBB0-9F14-8F02-493F-BE77718C8DA2">
<hideElementsInCurrentOnly>false</hideElementsInCurrentOnly>
<bounds x="1698" y="766" width="477" height="142"/>
</OView>
<OView class="oracle.dbtools.crest.swingui.relational.TVTable" oid="B36AF580-F995-2CAE-2474-8B71C64ED978" otype="Table" vid="64E83771-4720-FED1-563C-77F4A0082C06">
<hideElementsInCurrentOnly>false</hideElementsInCurrentOnly>
<bounds x="6992" y="578" width="520" height="142"/>
</OView>
<OView class="oracle.dbtools.crest.swingui.relational.TVTable" oid="DD10470E-17A8-FA18-3B97-0DF1ECADF9FA" otype="Table" vid="431149B8-29E9-99A7-E99A-B7AC980D87CB">
<hideElementsInCurrentOnly>false</hideElementsInCurrentOnly>
<bounds x="20" y="578" width="299" height="170"/>
</OView>
<OView class="oracle.dbtools.crest.swingui.relational.TVTable" oid="DFE9819D-892F-0A54-B38E-365400AE8C7C" otype="Table" vid="494F6F56-47E7-B81D-7AFD-82180B5C2DE3">
<hideElementsInCurrentOnly>false</hideElementsInCurrentOnly>
<bounds x="20" y="1088" width="242" height="74"/>
</OView>
<OView class="oracle.dbtools.crest.swingui.relational.TVTable" oid="E3581CCB-DD7F-F060-239E-710A212BC3C8" otype="Table" vid="FBB6DCCC-82DA-9E6C-693D-FACA21A7FAD2">
<hideElementsInCurrentOnly>false</hideElementsInCurrentOnly>
<bounds x="399" y="578" width="314" height="142"/>
</OView>
<OView class="oracle.dbtools.crest.swingui.relational.TVTable" oid="E589748D-B683-47A8-111F-398BA80D42D9" otype="Table" vid="F72F66CD-2388-7F4E-E5A4-55DD7B174263">
<hideElementsInCurrentOnly>false</hideElementsInCurrentOnly>
<bounds x="4258" y="578" width="269" height="128"/>
</OView>
<OView class="oracle.dbtools.crest.swingui.relational.TVTable" oid="E6E84077-6CBB-31B0-449F-A44C5192E88F" otype="Table" vid="B09A436D-1A55-EBD8-2E3E-D39B42282C11">
<hideElementsInCurrentOnly>false</hideElementsInCurrentOnly>
<bounds x="5867" y="348" width="439" height="142"/>
</OView>
<OView class="oracle.dbtools.crest.swingui.relational.TVTable" oid="EC317C01-78E5-BBA3-B58C-6B38F6A16D7B" otype="Table" vid="6B41ED35-8D82-6C1C-4F9D-3E0E8CD35DE5">
<hideElementsInCurrentOnly>false</hideElementsInCurrentOnly>
<bounds x="3825" y="578" width="353" height="128"/>
</OView>
<OView class="oracle.dbtools.crest.swingui.relational.TVTable" oid="FE393543-2673-B7DD-C87F-67DD08C466D9" otype="Table" vid="D0B072D2-2C89-1D1E-4795-78C844F23646">
<hideElementsInCurrentOnly>false</hideElementsInCurrentOnly>
<bounds x="5014" y="348" width="367" height="170"/>
</OView>
<OView class="oracle.dbtools.crest.swingui.relational.TVTable" oid="FE791BB6-C33B-AC9A-D34B-A5CCDB92B095" otype="Table" vid="B8737D48-1771-E5AF-8799-73866F468A0D">
<hideElementsInCurrentOnly>false</hideElementsInCurrentOnly>
<bounds x="5535" y="20" width="423" height="142"/>
</OView>
</objectViews>
<connectors>
<Connector class="oracle.dbtools.crest.swingui.relational.TVFKRelation" oid="06BAF8BD-ABE8-8A14-CD2B-1B976EDE963C" otype="FKIndexAssociation" vid_source="D0B072D2-2C89-1D1E-4795-78C844F23646" vid_target="FBB6DCCC-82DA-9E6C-693D-FACA21A7FAD2">
<hideElementsInCurrentOnly>false</hideElementsInCurrentOnly>
<backgroundColor>-16777216</backgroundColor>
<lineWidth>1</lineWidth>
<points>
<point x="5014" y="441"/>
<point x="713" y="641"/>
</points>
</Connector>
<Connector class="oracle.dbtools.crest.swingui.relational.TVFKRelation" oid="0735FF2F-E6C7-9432-B8E3-094380161BD0" otype="FKIndexAssociation" vid_source="D0B072D2-2C89-1D1E-4795-78C844F23646" vid_target="431149B8-29E9-99A7-E99A-B7AC980D87CB">
<hideElementsInCurrentOnly>false</hideElementsInCurrentOnly>
<backgroundColor>-16777216</backgroundColor>
<lineWidth>1</lineWidth>
<points>
<point x="5014" y="441"/>
<point x="319" y="656"/>
</points>
</Connector>
<Connector class="oracle.dbtools.crest.swingui.relational.TVFKRelation" oid="0C165B55-6029-1A98-57E9-3B82D40D7E06" otype="FKIndexAssociation" vid_source="AC475EBF-AA63-F38E-F478-3D9AD068DB4B" vid_target="8E41C139-6AA3-9B87-C800-6C4D499AA831">
<hideElementsInCurrentOnly>false</hideElementsInCurrentOnly>
<backgroundColor>-16777216</backgroundColor>
<lineWidth>1</lineWidth>
<points>
<point x="5787" y="500"/>
<point x="5971" y="578"/>
</points>
</Connector>
<Connector class="oracle.dbtools.crest.swingui.relational.TVFKRelation" oid="1080B35A-7BA6-2D72-ED6F-3C75E0A315D5" otype="FKIndexAssociation" vid_source="C610A112-A129-342E-20EA-DC1983B78153" vid_target="C7953DFD-B9E0-28D7-2D74-92B3EAE9F9D1">
<hideElementsInCurrentOnly>false</hideElementsInCurrentOnly>
<backgroundColor>-16777216</backgroundColor>
<lineWidth>1</lineWidth>
<points>
<point x="2372" y="706"/>
<point x="2372" y="766"/>
</points>
</Connector>
<Connector class="oracle.dbtools.crest.swingui.relational.TVFKRelation" oid="292DBA28-61C2-9226-6BE5-A8077E6890C9" otype="FKIndexAssociation" vid_source="D0B072D2-2C89-1D1E-4795-78C844F23646" vid_target="C610A112-A129-342E-20EA-DC1983B78153">
<hideElementsInCurrentOnly>false</hideElementsInCurrentOnly>
<backgroundColor>-16777216</backgroundColor>
<lineWidth>1</lineWidth>
<points>
<point x="5014" y="446"/>
<point x="2489" y="692"/>
</points>
</Connector>
<Connector class="oracle.dbtools.crest.swingui.relational.TVFKRelation" oid="2C8368C1-3E37-96AA-3DE9-8CAEAB041776" otype="FKIndexAssociation" vid_source="D0B072D2-2C89-1D1E-4795-78C844F23646" vid_target="D1014140-2860-2E30-1D6C-BBAC0EFAE988">
<hideElementsInCurrentOnly>false</hideElementsInCurrentOnly>
<backgroundColor>-16777216</backgroundColor>
<lineWidth>1</lineWidth>
<points>
<point x="5014" y="456"/>
<point x="3745" y="620"/>
</points>
</Connector>
<Connector class="oracle.dbtools.crest.swingui.relational.TVFKRelation" oid="32385AFA-4DDE-1B3B-9CBA-091D234D68C7" otype="FKIndexAssociation" vid_source="AC475EBF-AA63-F38E-F478-3D9AD068DB4B" vid_target="B09A436D-1A55-EBD8-2E3E-D39B42282C11">
<hideElementsInCurrentOnly>false</hideElementsInCurrentOnly>
<backgroundColor>-16777216</backgroundColor>
<lineWidth>1</lineWidth>
<points>
<point x="5787" y="419"/>
<point x="5867" y="419"/>
</points>
</Connector>
<Connector class="oracle.dbtools.crest.swingui.relational.TVFKRelation" oid="337D795E-6A8E-3EA8-749C-ECF3EA926D65" otype="FKIndexAssociation" vid_source="C610A112-A129-342E-20EA-DC1983B78153" vid_target="ECA399A4-B814-37E6-FB48-3318C8E858D3">
<hideElementsInCurrentOnly>false</hideElementsInCurrentOnly>
<backgroundColor>-16777216</backgroundColor>
<lineWidth>1</lineWidth>
<points>
<point x="2489" y="612"/>
<point x="5461" y="612"/>
</points>
</Connector>
<Connector class="oracle.dbtools.crest.swingui.relational.TVFKRelation" oid="343A770D-C4A4-BF54-8F12-FE663B3F6C1C" otype="FKIndexAssociation" vid_source="D0B072D2-2C89-1D1E-4795-78C844F23646" vid_target="8A73CE9B-305E-A127-F638-05B9EB5F452C">
<hideElementsInCurrentOnly>false</hideElementsInCurrentOnly>
<backgroundColor>-16777216</backgroundColor>
<lineWidth>1</lineWidth>
<points>
<point x="5014" y="443"/>
<point x="1618" y="638"/>
</points>
</Connector>
<Connector class="oracle.dbtools.crest.swingui.relational.TVFKRelation" oid="36AC2CB2-EB88-BAF6-88BA-B8E21D405C18" otype="FKIndexAssociation" vid_source="D0B072D2-2C89-1D1E-4795-78C844F23646" vid_target="431149B8-29E9-99A7-E99A-B7AC980D87CB">
<hideElementsInCurrentOnly>false</hideElementsInCurrentOnly>
<backgroundColor>-16777216</backgroundColor>
<lineWidth>1</lineWidth>
<points>
<point x="5014" y="441"/>
<point x="319" y="656"/>
</points>
</Connector>
<Connector class="oracle.dbtools.crest.swingui.relational.TVFKRelation" oid="454746F4-0B7F-97BF-AE09-B4881DF2914E" otype="FKIndexAssociation" vid_source="D0B072D2-2C89-1D1E-4795-78C844F23646" vid_target="CFAB6F7A-4DFB-7EF7-D248-AB4F40C339FD">
<hideElementsInCurrentOnly>false</hideElementsInCurrentOnly>
<backgroundColor>-16777216</backgroundColor>
<lineWidth>1</lineWidth>
<points>
<point x="5014" y="451"/>
<point x="2879" y="661"/>
</points>
</Connector>
<Connector class="oracle.dbtools.crest.swingui.relational.TVFKRelation" oid="4954BE4A-DF29-D470-6F40-BC4233D16784" otype="FKIndexAssociation" vid_source="B8737D48-1771-E5AF-8799-73866F468A0D" vid_target="87B6F4C7-7F46-2D32-8FE3-5C7282F03C99">
<hideElementsInCurrentOnly>false</hideElementsInCurrentOnly>
<backgroundColor>-16777216</backgroundColor>
<lineWidth>1</lineWidth>
<points>
<point x="5535" y="91"/>
<point x="5455" y="91"/>
</points>
</Connector>
<Connector class="oracle.dbtools.crest.swingui.relational.TVFKRelation" oid="5B6E5966-F7FF-6F51-E845-F8BCA06E5255" otype="FKIndexAssociation" vid_source="C610A112-A129-342E-20EA-DC1983B78153" vid_target="ECA399A4-B814-37E6-FB48-3318C8E858D3">
<hideElementsInCurrentOnly>false</hideElementsInCurrentOnly>
<backgroundColor>-16777216</backgroundColor>
<lineWidth>1</lineWidth>
<points>
<point x="2489" y="657"/>
<point x="5461" y="657"/>
</points>
</Connector>
<Connector class="oracle.dbtools.crest.swingui.relational.TVFKRelation" oid="5F7AC432-B525-55D1-3FD7-C90D8D06CF63" otype="FKIndexAssociation" vid_source="AC475EBF-AA63-F38E-F478-3D9AD068DB4B" vid_target="87B6F4C7-7F46-2D32-8FE3-5C7282F03C99">
<hideElementsInCurrentOnly>false</hideElementsInCurrentOnly>
<backgroundColor>-16777216</backgroundColor>
<lineWidth>1</lineWidth>
<points>
<point x="5505" y="348"/>
<point x="5421" y="288"/>
</points>
</Connector>
<Connector class="oracle.dbtools.crest.swingui.relational.TVFKRelation" oid="6C0644F7-6B6A-FD29-6E6A-AFE6BAE83B37" otype="FKIndexAssociation" vid_source="D0B072D2-2C89-1D1E-4795-78C844F23646" vid_target="AD4DD81E-A115-1200-D030-4A1F90A3B5A6">
<hideElementsInCurrentOnly>false</hideElementsInCurrentOnly>
<backgroundColor>-16777216</backgroundColor>
<lineWidth>1</lineWidth>
<points>
<point x="5014" y="451"/>
<point x="3331" y="623"/>
</points>
</Connector>
<Connector class="oracle.dbtools.crest.swingui.relational.TVFKRelation" oid="76BBFD70-FF72-D20F-13B3-1D706DD105C6" otype="FKIndexAssociation" vid_source="D0B072D2-2C89-1D1E-4795-78C844F23646" vid_target="29191061-9736-EFFA-A7EE-B77E1B6703A2">
<hideElementsInCurrentOnly>false</hideElementsInCurrentOnly>
<backgroundColor>-16777216</backgroundColor>
<lineWidth>1</lineWidth>
<points>
<point x="5023" y="518"/>
<point x="4901" y="578"/>
</points>
</Connector>
<Connector class="oracle.dbtools.crest.swingui.relational.TVFKRelation" oid="7AFA1879-1F30-07E7-4407-FB548E9CBC2A" otype="FKIndexAssociation" vid_source="AC475EBF-AA63-F38E-F478-3D9AD068DB4B" vid_target="ECA399A4-B814-37E6-FB48-3318C8E858D3">
<hideElementsInCurrentOnly>false</hideElementsInCurrentOnly>
<backgroundColor>-16777216</backgroundColor>
<lineWidth>1</lineWidth>
<points>
<point x="5624" y="518"/>
<point x="5624" y="578"/>
</points>
</Connector>
<Connector class="oracle.dbtools.crest.swingui.relational.TVFKRelation" oid="8CE66CD2-078E-0DE7-0C9A-584907DD0726" otype="FKIndexAssociation" vid_source="13BAFBF2-A6E6-5B68-0AE5-31EEC2AFCAFA" vid_target="D2D736C0-8B5D-2EF4-5BF3-912AEFEF1221">
<hideElementsInCurrentOnly>false</hideElementsInCurrentOnly>
<backgroundColor>-16777216</backgroundColor>
<lineWidth>1</lineWidth>
<points>
<point x="891" y="780"/>
<point x="891" y="720"/>
</points>
</Connector>
<Connector class="oracle.dbtools.crest.swingui.relational.TVFKRelation" oid="8E4DF4ED-B131-3FA8-257D-52BBC0FECD2B" otype="FKIndexAssociation" vid_source="D0B072D2-2C89-1D1E-4795-78C844F23646" vid_target="F72F66CD-2388-7F4E-E5A4-55DD7B174263">
<hideElementsInCurrentOnly>false</hideElementsInCurrentOnly>
<backgroundColor>-16777216</backgroundColor>
<lineWidth>1</lineWidth>
<points>
<point x="5014" y="480"/>
<point x="4527" y="607"/>
</points>
</Connector>
<Connector class="oracle.dbtools.crest.swingui.relational.TVFKRelation" oid="8F8AA9B1-D851-7EF9-36C0-285C6B31F6A8" otype="FKIndexAssociation" vid_source="D0B072D2-2C89-1D1E-4795-78C844F23646" vid_target="FBB6DCCC-82DA-9E6C-693D-FACA21A7FAD2">
<hideElementsInCurrentOnly>false</hideElementsInCurrentOnly>
<backgroundColor>-16777216</backgroundColor>
<lineWidth>1</lineWidth>
<points>
<point x="5014" y="441"/>
<point x="713" y="641"/>
</points>
</Connector>
<Connector class="oracle.dbtools.crest.swingui.relational.TVFKRelation" oid="94F1B0A8-5AB7-A8F0-B052-B01AD0283D8F" otype="FKIndexAssociation" vid_source="D0B072D2-2C89-1D1E-4795-78C844F23646" vid_target="6B41ED35-8D82-6C1C-4F9D-3E0E8CD35DE5">
<hideElementsInCurrentOnly>false</hideElementsInCurrentOnly>
<backgroundColor>-16777216</backgroundColor>
<lineWidth>1</lineWidth>
<points>
<point x="5014" y="465"/>
<point x="4178" y="611"/>
</points>
</Connector>
<Connector class="oracle.dbtools.crest.swingui.relational.TVFKRelation" oid="B71DDD5B-7F0C-7940-1464-32CFF464A2AE" otype="FKIndexAssociation" vid_source="AC475EBF-AA63-F38E-F478-3D9AD068DB4B" vid_target="93333190-2D93-3D46-5E1C-95740BC41B4E">
<hideElementsInCurrentOnly>false</hideElementsInCurrentOnly>
<backgroundColor>-16777216</backgroundColor>
<lineWidth>1</lineWidth>
<points>
<point x="5787" y="467"/>
<point x="6464" y="609"/>
</points>
</Connector>
<Connector class="oracle.dbtools.crest.swingui.relational.TVFKRelation" oid="C9929122-FD41-2004-3C5F-6C8650A4482A" otype="FKIndexAssociation" vid_source="AC475EBF-AA63-F38E-F478-3D9AD068DB4B" vid_target="64E83771-4720-FED1-563C-77F4A0082C06">
<hideElementsInCurrentOnly>false</hideElementsInCurrentOnly>
<backgroundColor>-16777216</backgroundColor>
<lineWidth>1</lineWidth>
<points>
<point x="5787" y="454"/>
<point x="6992" y="614"/>
</points>
</Connector>
<Connector class="oracle.dbtools.crest.swingui.relational.TVFKRelation" oid="CB78FB92-DC6B-74F3-67E3-2E0C57350AED" otype="FKIndexAssociation" vid_source="C610A112-A129-342E-20EA-DC1983B78153" vid_target="F55E1573-8B45-D3F2-0DDA-6F27E3E5DB11">
<hideElementsInCurrentOnly>false</hideElementsInCurrentOnly>
<backgroundColor>-16777216</backgroundColor>
<lineWidth>1</lineWidth>
<points>
<point x="2489" y="678"/>
<point x="2796" y="766"/>
</points>
</Connector>
<Connector class="oracle.dbtools.crest.swingui.relational.TVFKRelation" oid="D1B8FCAF-6323-84D3-9F04-EFF1319ACB5A" otype="FKIndexAssociation" vid_source="C610A112-A129-342E-20EA-DC1983B78153" vid_target="9364CBB0-9F14-8F02-493F-BE77718C8DA2">
<hideElementsInCurrentOnly>false</hideElementsInCurrentOnly>
<backgroundColor>-16777216</backgroundColor>
<lineWidth>1</lineWidth>
<points>
<point x="2232" y="701"/>
<point x="2090" y="766"/>
</points>
</Connector>
<Connector class="oracle.dbtools.crest.swingui.relational.TVFKRelation" oid="D7218EE1-F6C1-D8E8-6440-454542D0CDF1" otype="FKIndexAssociation" vid_source="AC475EBF-AA63-F38E-F478-3D9AD068DB4B" vid_target="D0B072D2-2C89-1D1E-4795-78C844F23646">
<hideElementsInCurrentOnly>false</hideElementsInCurrentOnly>
<backgroundColor>-16777216</backgroundColor>
<lineWidth>1</lineWidth>
<points>
<point x="5461" y="433"/>
<point x="5381" y="433"/>
</points>
</Connector>
<Connector class="oracle.dbtools.crest.swingui.relational.TVFKRelation" oid="DBC2F85F-2DD1-2D83-92F6-82BE48CBB0B2" otype="FKIndexAssociation" vid_source="AC475EBF-AA63-F38E-F478-3D9AD068DB4B" vid_target="B8737D48-1771-E5AF-8799-73866F468A0D">
<hideElementsInCurrentOnly>false</hideElementsInCurrentOnly>
<backgroundColor>-16777216</backgroundColor>
<lineWidth>1</lineWidth>
<points>
<point x="5661" y="348"/>
<point x="5661" y="162"/>
</points>
</Connector>
<Connector class="oracle.dbtools.crest.swingui.relational.TVFKRelation" oid="DE2EC88C-D40F-236B-E91B-D1EE6CFBFC67" otype="FKIndexAssociation" vid_source="8E41C139-6AA3-9B87-C800-6C4D499AA831" vid_target="8A73CE9B-305E-A127-F638-05B9EB5F452C">
<hideElementsInCurrentOnly>false</hideElementsInCurrentOnly>
<backgroundColor>-16777216</backgroundColor>
<lineWidth>1</lineWidth>
<points>
<point x="5967" y="649"/>
<point x="1618" y="649"/>
</points>
</Connector>
<Connector class="oracle.dbtools.crest.swingui.relational.TVFKRelation" oid="DFEF970A-3DC7-944D-A68E-8B04C48D4F41" otype="FKIndexAssociation" vid_source="D0B072D2-2C89-1D1E-4795-78C844F23646" vid_target="D2D736C0-8B5D-2EF4-5BF3-912AEFEF1221">
<hideElementsInCurrentOnly>false</hideElementsInCurrentOnly>
<backgroundColor>-16777216</backgroundColor>
<lineWidth>1</lineWidth>
<points>
<point x="5014" y="442"/>
<point x="1160" y="639"/>
</points>
</Connector>
<Connector class="oracle.dbtools.crest.swingui.relational.TVFKRelation" oid="E566F17E-51D0-A5BA-068C-113DB36B446C" otype="FKIndexAssociation" vid_source="C610A112-A129-342E-20EA-DC1983B78153" vid_target="AC475EBF-AA63-F38E-F478-3D9AD068DB4B">
<hideElementsInCurrentOnly>false</hideElementsInCurrentOnly>
<backgroundColor>-16777216</backgroundColor>
<lineWidth>1</lineWidth>
<points>
<point x="2489" y="633"/>
<point x="5461" y="443"/>
</points>
</Connector>
<Connector class="oracle.dbtools.crest.swingui.relational.TVFKRelation" oid="F77A5865-80C5-9D94-EE40-DA448357F966" otype="FKIndexAssociation" vid_source="D0B072D2-2C89-1D1E-4795-78C844F23646" vid_target="87B6F4C7-7F46-2D32-8FE3-5C7282F03C99">
<hideElementsInCurrentOnly>false</hideElementsInCurrentOnly>
<backgroundColor>-16777216</backgroundColor>
<lineWidth>1</lineWidth>
<points>
<point x="5197" y="348"/>
<point x="5197" y="288"/>
</points>
</Connector>
</connectors>
</Diagram>