<?xml version = '1.0' encoding = 'UTF-8'?>
<relationalModel class="oracle.dbtools.crest.model.design.relational.RelationalDesign" name="Relational_1" id="66916003-2C3C-5F9E-768D-81E547790EA8" mainViewID="09C687D9-38AC-056B-7776-64C49D0BFD87">
<createdBy>risha</createdBy>
<createdTime>2021-12-03 03:27:26 UTC</createdTime>
<ownerDesignName>Project2SchemaDesign</ownerDesignName>
<shouldBeOpen>false</shouldBeOpen>
<selectedRDBMSSite>79C73AAF-E1A7-E669-7DF0-025EE81A2AFC</selectedRDBMSSite>
<importConnectionStamps>
<importConnectionStamp class="oracle.dbtools.crest.imports.DBConnectionStamp">
<connName>csora</connName>
<connUser>rchaddha</connUser>
<connType>1</connType>
</importConnectionStamp>
</importConnectionStamps>
</relationalModel>